datetime,1A-ASAM-1
8/15/21 0:00,416.8766667
8/15/21 0:15,418.3193333
8/15/21 0:30,418.7033333
8/15/21 0:45,418.808
8/15/21 1:00,418.3626667
8/15/21 1:15,419.0933333
8/15/21 1:30,417.5833333
8/15/21 1:45,417.8666667
8/15/21 2:00,418.806
8/15/21 2:15,419.1146667
8/15/21 2:30,418.2233333
8/15/21 2:45,417.932
8/15/21 3:00,417.1446667
8/15/21 3:15,418.5906667
8/15/21 3:30,419.4393333
8/15/21 3:45,417.5053333
8/15/21 4:00,418.4353333
8/15/21 4:15,418.1413333
8/15/21 4:30,418.6353333
8/15/21 4:45,417.5993333
8/15/21 5:00,419.028
8/15/21 5:15,402.7126667
8/15/21 5:30,390.1366667
8/15/21 5:45,388.96
8/15/21 6:00,389.304
8/15/21 6:15,589.6426667
8/15/21 6:30,662.836
8/15/21 6:45,550.9926667
8/15/21 7:00,570.0073333
8/15/21 7:15,868.846
8/15/21 7:30,1073.956
8/15/21 7:45,1069.242667
8/15/21 8:00,1092.586
8/15/21 8:15,896.2833333
8/15/21 8:30,793.336
8/15/21 8:45,820.4093333
8/15/21 9:00,633.8433333
8/15/21 9:15,643.814
8/15/21 9:30,451.274
8/15/21 9:45,423.7013333
8/15/21 10:00,428.984
8/15/21 10:15,427.204
8/15/21 10:30,425.372
8/15/21 10:45,422.1446667
8/15/21 11:00,426.016
8/15/21 11:15,425.7906667
8/15/21 11:30,425.5946667
8/15/21 11:45,424.4966667
8/15/21 12:00,478.048
8/15/21 12:15,512.8726667
8/15/21 12:30,535.672
8/15/21 12:45,551.79
8/15/21 13:00,562.4773333
8/15/21 13:15,586.5293333
8/15/21 13:30,585.3506667
8/15/21 13:45,595.8046667
8/15/21 14:00,577.3646667
8/15/21 14:15,593.8326667
8/15/21 14:30,608.6846667
8/15/21 14:45,624.8126667
8/15/21 15:00,619.37
8/15/21 15:15,621.3933333
8/15/21 15:30,612.7573333
8/15/21 15:45,591.2066667
8/15/21 16:00,592.382
8/15/21 16:15,586.8226667
8/15/21 16:30,564.314
8/15/21 16:45,557.6906667
8/15/21 17:00,548.1813333
8/15/21 17:15,537.4246667
8/15/21 17:30,500.676
8/15/21 17:45,489.3366667
8/15/21 18:00,490.216
8/15/21 18:15,453.5773333
8/15/21 18:30,426.802
8/15/21 18:45,424.9446667
8/15/21 19:00,425.3386667
8/15/21 19:15,425.306
8/15/21 19:30,424.85
8/15/21 19:45,429.3673333
8/15/21 20:00,432.15
8/15/21 20:15,432.6806667
8/15/21 20:30,429.5333333
8/15/21 20:45,401.982
8/15/21 21:00,385.114
8/15/21 21:15,366.718
8/15/21 21:30,364.7666667
8/15/21 21:45,364.3006667
8/15/21 22:00,364.0766667
8/15/21 22:15,415.4893333
8/15/21 22:30,421.5626667
8/15/21 22:45,420.598
8/15/21 23:00,421.2386667
8/15/21 23:15,423.3853333
8/15/21 23:30,420.6293333
8/15/21 23:45,421.19
8/16/21 0:00,420.3106667
8/16/21 0:15,420.4726667
8/16/21 0:30,420.8626667
8/16/21 0:45,419.5526667
8/16/21 1:00,420.2033333
8/16/21 1:15,419.5613333
8/16/21 1:30,421.212
8/16/21 1:45,421.33
8/16/21 2:00,420.6013333
8/16/21 2:15,420.4953333
8/16/21 2:30,420.0726667
8/16/21 2:45,420.8666667
8/16/21 3:00,420.786
8/16/21 3:15,418.9673333
8/16/21 3:30,420.9626667
8/16/21 3:45,421.0186667
8/16/21 4:00,419.828
8/16/21 4:15,420.898
8/16/21 4:30,420.3733333
8/16/21 4:45,421.854
8/16/21 5:00,420.3373333
8/16/21 5:15,392.118
8/16/21 5:30,395.364
8/16/21 5:45,389.8173333
8/16/21 6:00,388.9706667
8/16/21 6:15,578.3746667
8/16/21 6:30,632.8973333
8/16/21 6:45,534.6286667
8/16/21 7:00,553.82
8/16/21 7:15,847.612
8/16/21 7:30,1056.868
8/16/21 7:45,1065.118667
8/16/21 8:00,1080.745333
8/16/21 8:15,966.37
8/16/21 8:30,795.758
8/16/21 8:45,813.3553333
8/16/21 9:00,716.786
8/16/21 9:15,634.45
8/16/21 9:30,481.868
8/16/21 9:45,413.8273333
8/16/21 10:00,420.1793333
8/16/21 10:15,420.05
8/16/21 10:30,420.958
8/16/21 10:45,418.3466667
8/16/21 11:00,417.7006667
8/16/21 11:15,416.1053333
8/16/21 11:30,417.548
8/16/21 11:45,418.8153333
8/16/21 12:00,427.1713333
8/16/21 12:15,488.298
8/16/21 12:30,516.2973333
8/16/21 12:45,543.1853333
8/16/21 13:00,554.4266667
8/16/21 13:15,570.2093333
8/16/21 13:30,580.0486667
8/16/21 13:45,569.654
8/16/21 14:00,577.2893333
8/16/21 14:15,445.718
8/16/21 14:30,425.0586667
8/16/21 14:45,425.728
8/16/21 15:00,426.5873333
8/16/21 15:15,425.686
8/16/21 15:30,443.8466667
8/16/21 15:45,487.4546667
8/16/21 16:00,473.2506667
8/16/21 16:15,461.5886667
8/16/21 16:30,450.394
8/16/21 16:45,447.2113333
8/16/21 17:00,431.7106667
8/16/21 17:15,425.7206667
8/16/21 17:30,424.998
8/16/21 17:45,425.2266667
8/16/21 18:00,425.5666667
8/16/21 18:15,646.206
8/16/21 18:30,467.224
8/16/21 18:45,431.276
8/16/21 19:00,422.2173333
8/16/21 19:15,424.0526667
8/16/21 19:30,424.8313333
8/16/21 19:45,424.616
8/16/21 20:00,416.6986667
8/16/21 20:15,395.9933333
8/16/21 20:30,396.9033333
8/16/21 20:45,397.656
8/16/21 21:00,392.1306667
8/16/21 21:15,367.466
8/16/21 21:30,367.2053333
8/16/21 21:45,358.494
8/16/21 22:00,340.7886667
8/16/21 22:15,414.7373333
8/16/21 22:30,420.9533333
8/16/21 22:45,421.0553333
8/16/21 23:00,422.8393333
8/16/21 23:15,423.464
8/16/21 23:30,422.4906667
8/16/21 23:45,422.128
8/17/21 0:00,422.1613333
8/17/21 0:15,422.3253333
8/17/21 0:30,421.862
8/17/21 0:45,419.7633333
8/17/21 1:00,419.15
8/17/21 1:15,420.57
8/17/21 1:30,419.3966667
8/17/21 1:45,419
8/17/21 2:00,420.1773333
8/17/21 2:15,420.2406667
8/17/21 2:30,420.552
8/17/21 2:45,420.6173333
8/17/21 3:00,420.6313333
8/17/21 3:15,420.952
8/17/21 3:30,419.5046667
8/17/21 3:45,421.3126667
8/17/21 4:00,420.346
8/17/21 4:15,420.3713333
8/17/21 4:30,419.4813333
8/17/21 4:45,418.7166667
8/17/21 5:00,422.0413333
8/17/21 5:15,396.936
8/17/21 5:30,389.97
8/17/21 5:45,391.474
8/17/21 6:00,387.2433333
8/17/21 6:15,579.6246667
8/17/21 6:30,656.132
8/17/21 6:45,575.96
8/17/21 7:00,532.488
8/17/21 7:15,821.6206667
8/17/21 7:30,996.7186667
8/17/21 7:45,1007.788667
8/17/21 8:00,995.6526667
8/17/21 8:15,995.2053333
8/17/21 8:30,771.8946667
8/17/21 8:45,794.3006667
8/17/21 9:00,777.9546667
8/17/21 9:15,793.538
8/17/21 9:30,649.5986667
8/17/21 9:45,507.7793333
8/17/21 10:00,412.5613333
8/17/21 10:15,424.8673333
8/17/21 10:30,425.778
8/17/21 10:45,426.182
8/17/21 11:00,425.738
8/17/21 11:15,426.0613333
8/17/21 11:30,425.706
8/17/21 11:45,426.25
8/17/21 12:00,425.0613333
8/17/21 12:15,425.8033333
8/17/21 12:30,431.0993333
8/17/21 12:45,494.6553333
8/17/21 13:00,519.586
8/17/21 13:15,528.4726667
8/17/21 13:30,530.9546667
8/17/21 13:45,533.2013333
8/17/21 14:00,532.986
8/17/21 14:15,445.0853333
8/17/21 14:30,427.356
8/17/21 14:45,427.6993333
8/17/21 15:00,428.12
8/17/21 15:15,427.6993333
8/17/21 15:30,428.244
8/17/21 15:45,426.8126667
8/17/21 16:00,427.1993333
8/17/21 16:15,427.6393333
8/17/21 16:30,427.5946667
8/17/21 16:45,418.0406667
8/17/21 17:00,398.3026667
8/17/21 17:15,398.036
8/17/21 17:30,400.2053333
8/17/21 17:45,404.708
8/17/21 18:00,406.092
8/17/21 18:15,611.6286667
8/17/21 18:30,452.322
8/17/21 18:45,418.77
8/17/21 19:00,421.808
8/17/21 19:15,427.9433333
8/17/21 19:30,426.0953333
8/17/21 19:45,427.2186667
8/17/21 20:00,426.8946667
8/17/21 20:15,429.0493333
8/17/21 20:30,427.2733333
8/17/21 20:45,395.646
8/17/21 21:00,363.236
8/17/21 21:15,363.1986667
8/17/21 21:30,362.744
8/17/21 21:45,364.422
8/17/21 22:00,362.5346667
8/17/21 22:15,413.062
8/17/21 22:30,417.8713333
8/17/21 22:45,416.4446667
8/17/21 23:00,417.8746667
8/17/21 23:15,418.016
8/17/21 23:30,417.712
8/17/21 23:45,418.27
8/18/21 0:00,416.9826667
8/18/21 0:15,417.828
8/18/21 0:30,417.274
8/18/21 0:45,418.0586667
8/18/21 1:00,418.6406667
8/18/21 1:15,417.696
8/18/21 1:30,418.5033333
8/18/21 1:45,417.6213333
8/18/21 2:00,417.3186667
8/18/21 2:15,418.1113333
8/18/21 2:30,417.7373333
8/18/21 2:45,418.086
8/18/21 3:00,417.9266667
8/18/21 3:15,418.3613333
8/18/21 3:30,418.41
8/18/21 3:45,418.3586667
8/18/21 4:00,418.27
8/18/21 4:15,418.3746667
8/18/21 4:30,419.0006667
8/18/21 4:45,418.6393333
8/18/21 5:00,419.7233333
8/18/21 5:15,389.882
8/18/21 5:30,387.422
8/18/21 5:45,386.87
8/18/21 6:00,387.1726667
8/18/21 6:15,628.1866667
8/18/21 6:30,672.0746667
8/18/21 6:45,583.3133333
8/18/21 7:00,560.81
8/18/21 7:15,874.3271429
8/18/21 7:30,1044.47
8/18/21 7:45,1073.583333
8/18/21 8:00,1061.474667
8/18/21 8:15,1005.144
8/18/21 8:30,802.8813333
8/18/21 8:45,813.2493333
8/18/21 9:00,817.422
8/18/21 9:15,641.4546667
8/18/21 9:30,478.166
8/18/21 9:45,412.7626667
8/18/21 10:00,420.7653333
8/18/21 10:15,421.1213333
8/18/21 10:30,418.8753333
8/18/21 10:45,423.422
8/18/21 11:00,422.1273333
8/18/21 11:15,421.3446667
8/18/21 11:30,419.024
8/18/21 11:45,419.1206667
8/18/21 12:00,416.6913333
8/18/21 12:15,448.8646667
8/18/21 12:30,490.706
8/18/21 12:45,514.2566667
8/18/21 13:00,531.68
8/18/21 13:15,524.4246667
8/18/21 13:30,517.3286667
8/18/21 13:45,522.1026667
8/18/21 14:00,523.3933333
8/18/21 14:15,448.8153333
8/18/21 14:30,427.3533333
8/18/21 14:45,426.1153333
8/18/21 15:00,426.12
8/18/21 15:15,426.3406667
8/18/21 15:30,425.3806667
8/18/21 15:45,424.5246667
8/18/21 16:00,424.7993333
8/18/21 16:15,426.0893333
8/18/21 16:30,428.2293333
8/18/21 16:45,427.0666667
8/18/21 17:00,427.0486667
8/18/21 17:15,426.754
8/18/21 17:30,426.5193333
8/18/21 17:45,427.4386667
8/18/21 18:00,427.1446667
8/18/21 18:15,627.5886667
8/18/21 18:30,464.8546667
8/18/21 18:45,427.6133333
8/18/21 19:00,426.9846667
8/18/21 19:15,426.6986667
8/18/21 19:30,427.934
8/18/21 19:45,426.4926667
8/18/21 20:00,406.5153333
8/18/21 20:15,396.444
8/18/21 20:30,395.0306667
8/18/21 20:45,369.1666667
8/18/21 21:00,364.7406667
8/18/21 21:15,364.0273333
8/18/21 21:30,362.276
8/18/21 21:45,362.5993333
8/18/21 22:00,340.1573333
8/18/21 22:15,412.53
8/18/21 22:30,421.406
8/18/21 22:45,418.19
8/18/21 23:00,418.8206667
8/18/21 23:15,418.474
8/18/21 23:30,420.5006667
8/18/21 23:45,419.6313333
8/19/21 0:00,419.1173333
8/19/21 0:15,419.6553333
8/19/21 0:30,419.9453333
8/19/21 0:45,421.5686667
8/19/21 1:00,420.3273333
8/19/21 1:15,419.7793333
8/19/21 1:30,419.1673333
8/19/21 1:45,418.3446667
8/19/21 2:00,420.068
8/19/21 2:15,418.754
8/19/21 2:30,418.6453333
8/19/21 2:45,418.8893333
8/19/21 3:00,420.1113333
8/19/21 3:15,418.63
8/19/21 3:30,418.4733333
8/19/21 3:45,419.2286667
8/19/21 4:00,419.7013333
8/19/21 4:15,418.3206667
8/19/21 4:30,418.2893333
8/19/21 4:45,419.388
8/19/21 5:00,419.41
8/19/21 5:15,399.5346667
8/19/21 5:30,400.938
8/19/21 5:45,398.112
8/19/21 6:00,390.1233333
8/19/21 6:15,610.8533333
8/19/21 6:30,692.5713333
8/19/21 6:45,575.694
8/19/21 7:00,552.076
8/19/21 7:15,842.394
8/19/21 7:30,1072.372
8/19/21 7:45,1059.105333
8/19/21 8:00,1086.089333
8/19/21 8:15,938.9553333
8/19/21 8:30,790.858
8/19/21 8:45,818.776
8/19/21 9:00,670.9313333
8/19/21 9:15,637.6953333
8/19/21 9:30,516.6746667
8/19/21 9:45,416.9193333
8/19/21 10:00,426.85
8/19/21 10:15,426.7146667
8/19/21 10:30,425.85
8/19/21 10:45,424.9806667
8/19/21 11:00,426.8093333
8/19/21 11:15,426.7193333
8/19/21 11:30,425.754
8/19/21 11:45,425.8353333
8/19/21 12:00,426.832
8/19/21 12:15,451.9146667
8/19/21 12:30,498.8613333
8/19/21 12:45,507.382
8/19/21 13:00,502.114
8/19/21 13:15,503.148
8/19/21 13:30,499.6793333
8/19/21 13:45,500.5726667
8/19/21 14:00,484.5406667
8/19/21 14:15,429.0353333
8/19/21 14:30,426.54
8/19/21 14:45,426.1366667
8/19/21 15:00,426.4553333
8/19/21 15:15,425.69
8/19/21 15:30,426.5526667
8/19/21 15:45,426.0046667
8/19/21 16:00,425.1986667
8/19/21 16:15,426.1126667
8/19/21 16:30,424.3606667
8/19/21 16:45,424.0926667
8/19/21 17:00,423.4086667
8/19/21 17:15,423.61
8/19/21 17:30,423.3666667
8/19/21 17:45,429.7666667
8/19/21 18:00,430.8153333
8/19/21 18:15,569.712
8/19/21 18:30,437.1646667
8/19/21 18:45,426.31
8/19/21 19:00,426.83
8/19/21 19:15,425.6346667
8/19/21 19:30,426.1666667
8/19/21 19:45,380.5093333
8/19/21 20:00,363.5453333
8/19/21 20:15,365.5853333
8/19/21 20:30,369.802
8/19/21 20:45,390.12
8/19/21 21:00,390.5526667
8/19/21 21:15,378.1466667
8/19/21 21:30,365.278
8/19/21 21:45,364.414
8/19/21 22:00,363.7026667
8/19/21 22:15,371.5873333
8/19/21 22:30,374.258
8/19/21 22:45,366.894
8/19/21 23:00,335.6606667
8/19/21 23:15,347.3393333
8/19/21 23:30,346.5666667
8/19/21 23:45,345.84
8/20/21 0:00,354.5146667
8/20/21 0:15,359.4373333
8/20/21 0:30,364.8813333
8/20/21 0:45,367.0973333
8/20/21 1:00,370.9433333
8/20/21 1:15,374.636
8/20/21 1:30,394.472
8/20/21 1:45,408.7546667
8/20/21 2:00,411.536
8/20/21 2:15,411.6846667
8/20/21 2:30,411.6953333
8/20/21 2:45,411.8526667
8/20/21 3:00,413.0466667
8/20/21 3:15,413.6013333
8/20/21 3:30,413.4233333
8/20/21 3:45,413.1653333
8/20/21 4:00,412.7533333
8/20/21 4:15,413.0693333
8/20/21 4:30,413.1153333
8/20/21 4:45,412.6386667
8/20/21 5:00,413.3413333
8/20/21 5:15,412.9206667
8/20/21 5:30,414.2593333
8/20/21 5:45,413.182
8/20/21 6:00,413.484
8/20/21 6:15,414.0546667
8/20/21 6:30,413.1886667
8/20/21 6:45,413.4753333
8/20/21 7:00,413.2133333
8/20/21 7:15,413.1173333
8/20/21 7:30,413.686
8/20/21 7:45,411.8786667
8/20/21 8:00,412.9893333
8/20/21 8:15,413.1853333
8/20/21 8:30,413.5353333
8/20/21 8:45,475.2153333
8/20/21 9:00,413.18
8/20/21 9:15,474.6226667
8/20/21 9:30,466.968
8/20/21 9:45,455.834
8/20/21 10:00,450.184
8/20/21 10:15,442.2066667
8/20/21 10:30,434.8113333
8/20/21 10:45,430.6146667
8/20/21 11:00,428.1733333
8/20/21 11:15,425.6553333
8/20/21 11:30,424.0546667
8/20/21 11:45,422.404
8/20/21 12:00,421.8
8/20/21 12:15,425.1646667
8/20/21 12:30,475.2513333
8/20/21 12:45,502.044
8/20/21 13:00,503.058
8/20/21 13:15,481.6333333
8/20/21 13:30,445.0773333
8/20/21 13:45,430.184
8/20/21 14:00,425.836
8/20/21 14:15,423.7113333
8/20/21 14:30,422.344
8/20/21 14:45,423.034
8/20/21 15:00,423.8286667
8/20/21 15:15,421.1673333
8/20/21 15:30,423.362
8/20/21 15:45,426.4713333
8/20/21 16:00,425.6393333
8/20/21 16:15,426.5813333
8/20/21 16:30,425.8086667
8/20/21 16:45,425.6113333
8/20/21 17:00,424.5086667
8/20/21 17:15,427.7866667
8/20/21 17:30,428.6353333
8/20/21 17:45,426.5933333
8/20/21 18:00,426.5
8/20/21 18:15,425.4466667
8/20/21 18:30,425.6026667
8/20/21 18:45,425.116
8/20/21 19:00,424.3973333
8/20/21 19:15,425.848
8/20/21 19:30,398.6973333
8/20/21 19:45,360.13
8/20/21 20:00,361.4153333
8/20/21 20:15,362.216
8/20/21 20:30,361.3946667
8/20/21 20:45,358.658
8/20/21 21:00,360.8526667
8/20/21 21:15,361.6493333
8/20/21 21:30,359.4566667
8/20/21 21:45,360.9493333
8/20/21 22:00,360.5493333
8/20/21 22:15,406.5406667
8/20/21 22:30,418.044
8/20/21 22:45,418.682
8/20/21 23:00,419.7653333
8/20/21 23:15,421.3786667
8/20/21 23:30,423.0413333
8/20/21 23:45,423.8773333
8/21/21 0:00,424.7186667
8/21/21 0:15,425.6373333
8/21/21 0:30,426.5766667
8/21/21 0:45,427.4786667
8/21/21 1:00,428.1206667
8/21/21 1:15,428.3533333
8/21/21 1:30,429.75
8/21/21 1:45,429.3
8/21/21 2:00,428.712
8/21/21 2:15,429.6866667
8/21/21 2:30,429.486
8/21/21 2:45,430.2826667
8/21/21 3:00,429.8186667
8/21/21 3:15,431.482
8/21/21 3:30,433.7966667
8/21/21 3:45,433.532
8/21/21 4:00,434.9926667
8/21/21 4:15,436.19
8/21/21 4:30,436.1233333
8/21/21 4:45,436.17
8/21/21 5:00,436.7326667
8/21/21 5:15,433.2033333
8/21/21 5:30,431.2353333
8/21/21 5:45,430.346
8/21/21 6:00,426.9593333
8/21/21 6:15,394.4466667
8/21/21 6:30,388.7033333
8/21/21 6:45,390.152
8/21/21 7:00,386.984
8/21/21 7:15,777.984
8/21/21 7:30,850.4313333
8/21/21 7:45,777.9293333
8/21/21 8:00,788.3553333
8/21/21 8:15,806.0486667
8/21/21 8:30,803.2413333
8/21/21 8:45,819.5866667
8/21/21 9:00,653.4113333
8/21/21 9:15,374.644
8/21/21 9:30,415.8506667
8/21/21 9:45,417.354
8/21/21 10:00,414.814
8/21/21 10:15,419.2673333
8/21/21 10:30,411.216
8/21/21 10:45,415.8346667
8/21/21 11:00,417.978
8/21/21 11:15,418.174
8/21/21 11:30,418.9226667
8/21/21 11:45,418.9166667
8/21/21 12:00,417.894
8/21/21 12:15,418.198
8/21/21 12:30,417.0906667
8/21/21 12:45,417.762
8/21/21 13:00,418.7226667
8/21/21 13:15,417.0766667
8/21/21 13:30,416.856
8/21/21 13:45,417.2866667
8/21/21 14:00,417.0373333
8/21/21 14:15,417.83
8/21/21 14:30,416.9273333
8/21/21 14:45,416.2013333
8/21/21 15:00,416.4766667
8/21/21 15:15,417.1453333
8/21/21 15:30,417.9126667
8/21/21 15:45,416.8486667
8/21/21 16:00,418.5713333
8/21/21 16:15,417.1106667
8/21/21 16:30,417.628
8/21/21 16:45,417.116
8/21/21 17:00,415.7333333
8/21/21 17:15,415.7546667
8/21/21 17:30,416.2473333
8/21/21 17:45,416.618
8/21/21 18:00,417.8666667
8/21/21 18:15,415.2733333
8/21/21 18:30,417.0313333
8/21/21 18:45,417.3946667
8/21/21 19:00,386.8833333
8/21/21 19:15,359.8813333
8/21/21 19:30,360.1993333
8/21/21 19:45,361.9246667
8/21/21 20:00,359.2366667
8/21/21 20:15,360.592
8/21/21 20:30,360.022
8/21/21 20:45,360.4533333
8/21/21 21:00,361.5613333
8/21/21 21:15,358.9286667
8/21/21 21:30,335.372
8/21/21 21:45,327.8073333
8/21/21 22:00,330.5486667
8/21/21 22:15,413.0786667
8/21/21 22:30,426.5166667
8/21/21 22:45,428.192
8/21/21 23:00,429.352
8/21/21 23:15,427.7606667
8/21/21 23:30,427.68
8/21/21 23:45,428.984
8/22/21 0:00,429.568
8/22/21 0:15,431.106
8/22/21 0:30,429.5893333
8/22/21 0:45,431.312
8/22/21 1:00,432.3673333
8/22/21 1:15,432.7786667
8/22/21 1:30,434.1673333
8/22/21 1:45,435.2953333
8/22/21 2:00,437.1886667
8/22/21 2:15,436.5246667
8/22/21 2:30,435.8153333
8/22/21 2:45,435.6726667
8/22/21 3:00,436.252
8/22/21 3:15,436.9113333
8/22/21 3:30,438.2546667
8/22/21 3:45,439.7446667
8/22/21 4:00,439.784
8/22/21 4:15,438.9033333
8/22/21 4:30,441.978
8/22/21 4:45,444.89
8/22/21 5:00,442.908
8/22/21 5:15,443.0506667
8/22/21 5:30,438.5866667
8/22/21 5:45,430.846
8/22/21 6:00,431.3946667
8/22/21 6:15,532.3053333
8/22/21 6:30,447.6333333
8/22/21 6:45,393.1006667
8/22/21 7:00,392.5493333
8/22/21 7:15,797.57
8/22/21 7:30,1016.896
8/22/21 7:45,844.9073333
8/22/21 8:00,783.6426667
8/22/21 8:15,806.9306667
8/22/21 8:30,820.852
8/22/21 8:45,817.182
8/22/21 9:00,798.824
8/22/21 9:15,476.6053333
8/22/21 9:30,402.7886667
8/22/21 9:45,421.1266667
8/22/21 10:00,421.1126667
8/22/21 10:15,419.3106667
8/22/21 10:30,416.782
8/22/21 10:45,416.2313333
8/22/21 11:00,417.316
8/22/21 11:15,417.2386667
8/22/21 11:30,417.048
8/22/21 11:45,415.05
8/22/21 12:00,416.35
8/22/21 12:15,417.716
8/22/21 12:30,416.3206667
8/22/21 12:45,472.2693333
8/22/21 13:00,545.5606667
8/22/21 13:15,570.9953333
8/22/21 13:30,577.61
8/22/21 13:45,579.5553333
8/22/21 14:00,571.6746667
8/22/21 14:15,441.1793333
8/22/21 14:30,423.9206667
8/22/21 14:45,422.87
8/22/21 15:00,425.41
8/22/21 15:15,424.6706667
8/22/21 15:30,425.2566667
8/22/21 15:45,464.224
8/22/21 16:00,453.7846667
8/22/21 16:15,450.7093333
8/22/21 16:30,443.4353333
8/22/21 16:45,433.7286667
8/22/21 17:00,426.148
8/22/21 17:15,422.9506667
8/22/21 17:30,421.1293333
8/22/21 17:45,423.5286667
8/22/21 18:00,424.0066667
8/22/21 18:15,621.8686667
8/22/21 18:30,498.9846667
8/22/21 18:45,442.5733333
8/22/21 19:00,425.3146667
8/22/21 19:15,427.0613333
8/22/21 19:30,428.036
8/22/21 19:45,426.2726667
8/22/21 20:00,419.202
8/22/21 20:15,394.7406667
8/22/21 20:30,394.224
8/22/21 20:45,393.664
8/22/21 21:00,375.152
8/22/21 21:15,362.6846667
8/22/21 21:30,362.5013333
8/22/21 21:45,360.7413333
8/22/21 22:00,360.414
8/22/21 22:15,415.4386667
8/22/21 22:30,426.5906667
8/22/21 22:45,427.0386667
8/22/21 23:00,429.1346667
8/22/21 23:15,428.0853333
8/22/21 23:30,430.7946667
8/22/21 23:45,429.9193333
8/23/21 0:00,429.7526667
8/23/21 0:15,432.082
8/23/21 0:30,431.9786667
8/23/21 0:45,432.886
8/23/21 1:00,433.06
8/23/21 1:15,434.608
8/23/21 1:30,434.8326667
8/23/21 1:45,434.6586667
8/23/21 2:00,435.0086667
8/23/21 2:15,435.2313333
8/23/21 2:30,436.666
8/23/21 2:45,437.8913333
8/23/21 3:00,436.434
8/23/21 3:15,438.07
8/23/21 3:30,438.8966667
8/23/21 3:45,438.7986667
8/23/21 4:00,439.3613333
8/23/21 4:15,439.358
8/23/21 4:30,439.36
8/23/21 4:45,439.9253333
8/23/21 5:00,440.986
8/23/21 5:15,443.5073333
8/23/21 5:30,437.9666667
8/23/21 5:45,431.7013333
8/23/21 6:00,428.684
8/23/21 6:15,401.4266667
8/23/21 6:30,393.9713333
8/23/21 6:45,393.49
8/23/21 7:00,392.9893333
8/23/21 7:15,775.7293333
8/23/21 7:30,878.99
8/23/21 7:45,770.9353333
8/23/21 8:00,794.1533333
8/23/21 8:15,783.086
8/23/21 8:30,811.94
8/23/21 8:45,798.822
8/23/21 9:00,676.078
8/23/21 9:15,437.5433333
8/23/21 9:30,415.9293333
8/23/21 9:45,426.5606667
8/23/21 10:00,425.6346667
8/23/21 10:15,423.6606667
8/23/21 10:30,422.166
8/23/21 10:45,421.2613333
8/23/21 11:00,425.658
8/23/21 11:15,424.8053333
8/23/21 11:30,423.8473333
8/23/21 11:45,423.2133333
8/23/21 12:00,423.116
8/23/21 12:15,422.1293333
8/23/21 12:30,425.4613333
8/23/21 12:45,437.0473333
8/23/21 13:00,486.322
8/23/21 13:15,497.1793333
8/23/21 13:30,504.2213333
8/23/21 13:45,484.8653333
8/23/21 14:00,464.4273333
8/23/21 14:15,431.7366667
8/23/21 14:30,426.2346667
8/23/21 14:45,425.9313333
8/23/21 15:00,426.0653333
8/23/21 15:15,426.178
8/23/21 15:30,424.784
8/23/21 15:45,423.9466667
8/23/21 16:00,423.728
8/23/21 16:15,424.3706667
8/23/21 16:30,425.0666667
8/23/21 16:45,424.5106667
8/23/21 17:00,425.1193333
8/23/21 17:15,424.5313333
8/23/21 17:30,423.2433333
8/23/21 17:45,423.814
8/23/21 18:00,424.3033333
8/23/21 18:15,459.3206667
8/23/21 18:30,427.3333333
8/23/21 18:45,426.5133333
8/23/21 19:00,426.7926667
8/23/21 19:15,426.7133333
8/23/21 19:30,426.5773333
8/23/21 19:45,407.8246667
8/23/21 20:00,382.602
8/23/21 20:15,361.2986667
8/23/21 20:30,362.5326667
8/23/21 20:45,359.5993333
8/23/21 21:00,362.078
8/23/21 21:15,360.9473333
8/23/21 21:30,362.486
8/23/21 21:45,361.2813333
8/23/21 22:00,333.592
8/23/21 22:15,412.3106667
8/23/21 22:30,424.3693333
8/23/21 22:45,424.7146667
8/23/21 23:00,425.582
8/23/21 23:15,426.1506667
8/23/21 23:30,427.42
8/23/21 23:45,428.5253333
8/24/21 0:00,429.6033333
8/24/21 0:15,428.8686667
8/24/21 0:30,430.342
8/24/21 0:45,432.3953333
8/24/21 1:00,431.7513333
8/24/21 1:15,432.4226667
8/24/21 1:30,432.212
8/24/21 1:45,433.0593333
8/24/21 2:00,432.1006667
8/24/21 2:15,431.8273333
8/24/21 2:30,432.026
8/24/21 2:45,432.0046667
8/24/21 3:00,435.4453333
8/24/21 3:15,434.3046667
8/24/21 3:30,435.5753333
8/24/21 3:45,436.998
8/24/21 4:00,436.6253333
8/24/21 4:15,438.2746667
8/24/21 4:30,438.6953333
8/24/21 4:45,440.364
8/24/21 5:00,441.5186667
8/24/21 5:15,442.6273333
8/24/21 5:30,442.6726667
8/24/21 5:45,441.1013333
8/24/21 6:00,441.0433333
8/24/21 6:15,439.2326667
8/24/21 6:30,439.2326667
8/24/21 6:45,439.642
8/24/21 7:00,440.5286667
8/24/21 7:15,616.742
8/24/21 7:30,756.1226667
8/24/21 7:45,704.5646667
8/24/21 8:00,714.2526667
8/24/21 8:15,608.9286667
8/24/21 8:30,392.324
8/24/21 8:45,443.158
8/24/21 9:00,441.2566667
8/24/21 9:15,441.0886667
8/24/21 9:30,439.0946667
8/24/21 9:45,440.81
8/24/21 10:00,438.7766667
8/24/21 10:15,438.5726667
8/24/21 10:30,437.0273333
8/24/21 10:45,442.6833333
8/24/21 11:00,539.9813333
8/24/21 11:15,662.0573333
8/24/21 11:30,807.084
8/24/21 11:45,952.9746667
8/24/21 12:00,1069.218667
8/24/21 12:15,1084.188667
8/24/21 12:30,1096.748667
8/24/21 12:45,1051.775333
8/24/21 13:00,996.7793333
8/24/21 13:15,971.234
8/24/21 13:30,951.7893333
8/24/21 13:45,938.662
8/24/21 14:00,943.4106667
8/24/21 14:15,957.018
8/24/21 14:30,1006.547333
8/24/21 14:45,958.0986667
8/24/21 15:00,661.784
8/24/21 15:15,589.706
8/24/21 15:30,583.352
8/24/21 15:45,582.6473333
8/24/21 16:00,557.29
8/24/21 16:15,556.9566667
8/24/21 16:30,549.656
8/24/21 16:45,538.0793333
8/24/21 17:00,560.0366667
8/24/21 17:15,575.6293333
8/24/21 17:30,624.3966667
8/24/21 17:45,678.8573333
8/24/21 18:00,754.936
8/24/21 18:15,906.4213333
8/24/21 18:30,1107.961333
8/24/21 18:45,1178.34
8/24/21 19:00,938.058
8/24/21 19:15,807.1493333
8/24/21 19:30,876.0493333
8/24/21 19:45,709.6373333
8/24/21 20:00,488.0593333
8/24/21 20:15,423.954
8/24/21 20:30,425.4026667
8/24/21 20:45,425.79
8/24/21 21:00,429.9533333
8/24/21 21:15,430.156
8/24/21 21:30,434.3486667
8/24/21 21:45,405.4053333
8/24/21 22:00,400.2086667
8/24/21 22:15,430.494
8/24/21 22:30,437.1026667
8/24/21 22:45,437.2213333
8/24/21 23:00,438.4493333
8/24/21 23:15,440.018
8/24/21 23:30,441.19
8/24/21 23:45,444.4713333
8/25/21 0:00,443.5653333
8/25/21 0:15,444.7833333
8/25/21 0:30,442.092
8/25/21 0:45,442.2953333
8/25/21 1:00,441.5686667
8/25/21 1:15,440.3013333
8/25/21 1:30,441.2686667
8/25/21 1:45,440.6333333
8/25/21 2:00,442.0486667
8/25/21 2:15,441.358
8/25/21 2:30,442.3613333
8/25/21 2:45,441.456
8/25/21 3:00,440.456
8/25/21 3:15,439.0226667
8/25/21 3:30,439.868
8/25/21 3:45,439.0793333
8/25/21 4:00,440.4946667
8/25/21 4:15,439.156
8/25/21 4:30,438.7793333
8/25/21 4:45,438.514
8/25/21 5:00,438.8153333
8/25/21 5:15,438.8833333
8/25/21 5:30,440.3126667
8/25/21 5:45,439.6193333
8/25/21 6:00,438.3513333
8/25/21 6:15,440.086
8/25/21 6:30,439.9493333
8/25/21 6:45,440.5193333
8/25/21 7:00,439.672
8/25/21 7:15,584.9213333
8/25/21 7:30,693.9966667
8/25/21 7:45,713.0826667
8/25/21 8:00,706.2513333
8/25/21 8:15,592.7053333
8/25/21 8:30,417.2126667
8/25/21 8:45,443.194
8/25/21 9:00,441.6746667
8/25/21 9:15,439.5225
8/25/21 9:30,440.9257143
8/25/21 9:45,440.9293333
8/25/21 10:00,439.956
8/25/21 10:15,440.558
8/25/21 10:30,449.9926667
8/25/21 10:45,491.4073333
8/25/21 11:00,536.1893333
8/25/21 11:15,659.3386667
8/25/21 11:30,808.9273333
8/25/21 11:45,948.3406667
8/25/21 12:00,1079.4
8/25/21 12:15,1164.743333
8/25/21 12:30,1116.662667
8/25/21 12:45,1021.902
8/25/21 13:00,886.4193333
8/25/21 13:15,837.2786667
8/25/21 13:30,849.082
8/25/21 13:45,683.418
8/25/21 14:00,727.6946667
8/25/21 14:15,708.2073333
8/25/21 14:30,784.514
8/25/21 14:45,889.5426667
8/25/21 15:00,921.5386667
8/25/21 15:15,957.598
8/25/21 15:30,972.6373333
8/25/21 15:45,873.3586667
8/25/21 16:00,800.7293333
8/25/21 16:15,775.766
8/25/21 16:30,833.128
8/25/21 16:45,846.8966667
8/25/21 17:00,777.3313333
8/25/21 17:15,724.1833333
8/25/21 17:30,678.4253333
8/25/21 17:45,637.9346667
8/25/21 18:00,591.6146667
8/25/21 18:15,546.524
8/25/21 18:30,461.2926667
8/25/21 18:45,443.0306667
8/25/21 19:00,442.2006667
8/25/21 19:15,443.6613333
8/25/21 19:30,442.5506667
8/25/21 19:45,443.684
8/25/21 20:00,442.302
8/25/21 20:15,444.23
8/25/21 20:30,442.986
8/25/21 20:45,426.8153333
8/25/21 21:00,410.5946667
8/25/21 21:15,409.9506667
8/25/21 21:30,407.7693333
8/25/21 21:45,408.4293333
8/25/21 22:00,408.46
8/25/21 22:15,396.9213333
8/25/21 22:30,373.4433333
8/25/21 22:45,373.468
8/25/21 23:00,373.7413333
8/25/21 23:15,374.4466667
8/25/21 23:30,373.374
8/25/21 23:45,374.1106667
8/26/21 0:00,374.3533333
8/26/21 0:15,372.8833333
8/26/21 0:30,354.5066667
8/26/21 0:45,354.9086667
8/26/21 1:00,356.0953333
8/26/21 1:15,358.0906667
8/26/21 1:30,346.8286667
8/26/21 1:45,357.5113333
8/26/21 2:00,350.78
8/26/21 2:15,361.4586667
8/26/21 2:30,361.0593333
8/26/21 2:45,345.0146667
8/26/21 3:00,351.81
8/26/21 3:15,357.7813333
8/26/21 3:30,358.4906667
8/26/21 3:45,350.8573333
8/26/21 4:00,353.2026667
8/26/21 4:15,343.044
8/26/21 4:30,345.5733333
8/26/21 4:45,360.64
8/26/21 5:00,343.3426667
8/26/21 5:15,342.5133333
8/26/21 5:30,341.126
8/26/21 5:45,341.5466667
8/26/21 6:00,344.5093333
8/26/21 6:15,344.0013333
8/26/21 6:30,343.72
8/26/21 6:45,343.134
8/26/21 7:00,343.164
8/26/21 7:15,343.476
8/26/21 7:30,342.752
8/26/21 7:45,358.8606667
8/26/21 8:00,349.0246667
8/26/21 8:15,359.3
8/26/21 8:30,373.1686667
8/26/21 8:45,372.6533333
8/26/21 9:00,373.724
8/26/21 9:15,380.8833333
8/26/21 9:30,430.746
8/26/21 9:45,431.874
8/26/21 10:00,430.96625
8/26/21 10:15,431.1507143
8/26/21 10:30,430.35
8/26/21 10:45,431.5333333
8/26/21 11:00,429.5706667
8/26/21 11:15,467.1826667
8/26/21 11:30,583.72
8/26/21 11:45,645.6973333
8/26/21 12:00,734.0846667
8/26/21 12:15,804.4026667
8/26/21 12:30,865.7493333
8/26/21 12:45,885.1233333
8/26/21 13:00,883.9046667
8/26/21 13:15,898.688
8/26/21 13:30,923.0366667
8/26/21 13:45,919.008
8/26/21 14:00,914.298
8/26/21 14:15,826.536
8/26/21 14:30,472.9866667
8/26/21 14:45,484.1993333
8/26/21 15:00,486.364
8/26/21 15:15,486.0313333
8/26/21 15:30,484.6033333
8/26/21 15:45,484.3646667
8/26/21 16:00,494.282
8/26/21 16:15,482.5106667
8/26/21 16:30,484.826
8/26/21 16:45,483.8473333
8/26/21 17:00,484.5233333
8/26/21 17:15,483.488
8/26/21 17:30,483.774
8/26/21 17:45,1104.254
8/26/21 18:00,541.4186667
8/26/21 18:15,481.562
8/26/21 18:30,436.6566667
8/26/21 18:45,374.6813333
8/26/21 19:00,366.9573333
8/26/21 19:15,368.322
8/26/21 19:30,367.2433333
8/26/21 19:45,366.044
8/26/21 20:00,365.3473333
8/26/21 20:15,371.8446667
8/26/21 20:30,382.402
8/26/21 20:45,381.3613333
8/26/21 21:00,382.0213333
8/26/21 21:15,382.0053333
8/26/21 21:30,383.4693333
8/26/21 21:45,385.8606667
8/26/21 22:00,391.706875
8/26/21 22:15,393.8178571
8/26/21 22:30,393.8406667
8/26/21 22:45,394.16
8/26/21 23:00,393.5593333
8/26/21 23:15,393.4173333
8/26/21 23:30,388.886
8/26/21 23:45,391.6993333
8/27/21 0:00,394.9273333
8/27/21 0:15,394.6893333
8/27/21 0:30,394.0446667
8/27/21 0:45,393.7553333
8/27/21 1:00,394.196
8/27/21 1:15,426.5693333
8/27/21 1:30,438.7813333
8/27/21 1:45,442.2546667
8/27/21 2:00,441.7126667
8/27/21 2:15,442.0366667
8/27/21 2:30,438.342
8/27/21 2:45,438.278
8/27/21 3:00,440.364
8/27/21 3:15,439.126
8/27/21 3:30,439.456
8/27/21 3:45,439.6873333
8/27/21 4:00,440.082
8/27/21 4:15,441.722
8/27/21 4:30,440.0986667
8/27/21 4:45,440.7953333
8/27/21 5:00,440.516
8/27/21 5:15,439.8833333
8/27/21 5:30,437.0153333
8/27/21 5:45,431.176
8/27/21 6:00,428.8166667
8/27/21 6:15,427.518
8/27/21 6:30,427.3826667
8/27/21 6:45,402.8875
8/27/21 7:00,386.5992857
8/27/21 7:15,629.9426667
8/27/21 7:30,722.0333333
8/27/21 7:45,595.72
8/27/21 8:00,521.3646667
8/27/21 8:15,532.882
8/27/21 8:30,414.7106667
8/27/21 8:45,337.0606667
8/27/21 9:00,346.5686667
8/27/21 9:15,383.156
8/27/21 9:30,389.0813333
8/27/21 9:45,400.4906667
8/27/21 10:00,425.464
8/27/21 10:15,619.9046667
8/27/21 10:30,870.9313333
8/27/21 10:45,956.044
8/27/21 11:00,943.9333333
8/27/21 11:15,765.2106667
8/27/21 11:30,666.1413333
8/27/21 11:45,689.71
8/27/21 12:00,765.3046667
8/27/21 12:15,897.7406667
8/27/21 12:30,925.9586667
8/27/21 12:45,913.308
8/27/21 13:00,
8/27/21 13:15,
8/27/21 13:30,
8/27/21 13:45,
8/27/21 14:00,
8/27/21 14:15,
8/27/21 14:30,
8/27/21 14:45,
8/27/21 15:00,
8/27/21 15:15,
8/27/21 15:30,
8/27/21 15:45,
8/27/21 16:00,
8/27/21 16:15,
8/27/21 16:30,
8/27/21 16:45,
8/27/21 17:00,
8/27/21 17:15,
8/27/21 17:30,
8/27/21 17:45,
8/27/21 18:00,
8/27/21 18:15,
8/27/21 18:30,
8/27/21 18:45,
8/27/21 19:00,
8/27/21 19:15,
8/27/21 19:30,
8/27/21 19:45,
8/27/21 20:00,
8/27/21 20:15,388.88
8/27/21 20:30,388.5115789
8/27/21 20:45,390.66
8/27/21 21:00,392.2153333
8/27/21 21:15,392.0773333
8/27/21 21:30,393.5186667
8/27/21 21:45,393.4813333
8/27/21 22:00,390.93
8/27/21 22:15,393.1473333
8/27/21 22:30,393.454
8/27/21 22:45,391.4846667
8/27/21 23:00,392.2473333
8/27/21 23:15,392.82
8/27/21 23:30,392.9106667
8/27/21 23:45,391.0253333
8/28/21 0:00,391.9506667
8/28/21 0:15,392.3746667
8/28/21 0:30,392.2653333
8/28/21 0:45,392.3353333
8/28/21 1:00,392.1873333
8/28/21 1:15,431.0846667
8/28/21 1:30,438.356
8/28/21 1:45,439.5413333
8/28/21 2:00,437.2966667
8/28/21 2:15,438.688
8/28/21 2:30,439.2466667
8/28/21 2:45,439.94
8/28/21 3:00,440.3666667
8/28/21 3:15,440.01
8/28/21 3:30,440.0326667
8/28/21 3:45,438.7053333
8/28/21 4:00,440.3346667
8/28/21 4:15,439.4193333
8/28/21 4:30,440.9573333
8/28/21 4:45,439.576
8/28/21 5:00,440.2786667
8/28/21 5:15,438.508
8/28/21 5:30,436.8133333
8/28/21 5:45,431.726
8/28/21 6:00,429.5646667
8/28/21 6:15,427.606
8/28/21 6:30,427.456
8/28/21 6:45,426.9233333
8/28/21 7:00,426.0026667
8/28/21 7:15,460.838
8/28/21 7:30,554.8573333
8/28/21 7:45,410.7906667
8/28/21 8:00,379.8373333
8/28/21 8:15,360.1853333
8/28/21 8:30,395.32
8/28/21 8:45,402.9693333
8/28/21 9:00,403.772
8/28/21 9:15,417.5513333
8/28/21 9:30,416.8966667
8/28/21 9:45,416.066
8/28/21 10:00,416.8266667
8/28/21 10:15,561.7946667
8/28/21 10:30,589.0933333
8/28/21 10:45,635.1513333
8/28/21 11:00,679.9566667
8/28/21 11:15,705.108
8/28/21 11:30,730.9126667
8/28/21 11:45,759.4686667
8/28/21 12:00,768.0486667
8/28/21 12:15,846.5693333
8/28/21 12:30,936.898
8/28/21 12:45,946.2366667
8/28/21 13:00,972.0553333
8/28/21 13:15,987.9433333
8/28/21 13:30,967.55
8/28/21 13:45,943.576
8/28/21 14:00,927.0433333
8/28/21 14:15,526.1726667
8/28/21 14:30,423.1773333
8/28/21 14:45,421.7506667
8/28/21 15:00,485.9993333
8/28/21 15:15,613.1213333
8/28/21 15:30,621.1906667
8/28/21 15:45,606.728
8/28/21 16:00,586.416
8/28/21 16:15,551.93
8/28/21 16:30,550.3286667
8/28/21 16:45,534.9333333
8/28/21 17:00,516.2973333
8/28/21 17:15,503.2173333
8/28/21 17:30,483.3746667
8/28/21 17:45,463.2473333
8/28/21 18:00,454.8273333
8/28/21 18:15,814.0986667
8/28/21 18:30,597.6793333
8/28/21 18:45,493.7953333
8/28/21 19:00,457.1033333
8/28/21 19:15,434.0826667
8/28/21 19:30,423.392
8/28/21 19:45,424.0306667
8/28/21 20:00,423.9946667
8/28/21 20:15,423.942
8/28/21 20:30,424.1346667
8/28/21 20:45,425.26
8/28/21 21:00,426.1833333
8/28/21 21:15,426.26
8/28/21 21:30,425.1353333
8/28/21 21:45,425.7126667
8/28/21 22:00,414.1753333
8/28/21 22:15,424.086
8/28/21 22:30,433.256
8/28/21 22:45,435.0753333
8/28/21 23:00,436.2686667
8/28/21 23:15,438.7573333
8/28/21 23:30,441.2306667
8/28/21 23:45,440.8293333
8/29/21 0:00,441.808
8/29/21 0:15,442.5653333
8/29/21 0:30,443.5
8/29/21 0:45,444.6933333
8/29/21 1:00,443.304
8/29/21 1:15,443.4206667
8/29/21 1:30,442.422
8/29/21 1:45,443.16
8/29/21 2:00,444.236
8/29/21 2:15,445.0046667
8/29/21 2:30,447.8626667
8/29/21 2:45,446.4693333
8/29/21 3:00,445.0546667
8/29/21 3:15,442.9393333
8/29/21 3:30,444.9106667
8/29/21 3:45,443.59
8/29/21 4:00,442.732
8/29/21 4:15,442.4733333
8/29/21 4:30,442.4733333
8/29/21 4:45,442.0993333
8/29/21 5:00,441.4646667
8/29/21 5:15,440.1906667
8/29/21 5:30,436.842
8/29/21 5:45,433.056
8/29/21 6:00,434.2486667
8/29/21 6:15,434.4573333
8/29/21 6:30,435.2546667
8/29/21 6:45,436.474
8/29/21 7:00,435.7813333
8/29/21 7:15,552.1113333
8/29/21 7:30,627.4073333
8/29/21 7:45,633.652
8/29/21 8:00,553.6933333
8/29/21 8:15,414.2406667
8/29/21 8:30,436.902
8/29/21 8:45,433.7413333
8/29/21 9:00,435.38
8/29/21 9:15,433.8346667
8/29/21 9:30,434.4186667
8/29/21 9:45,433.2253333
8/29/21 10:00,428.9773333
8/29/21 10:15,672.85
8/29/21 10:30,651.014
8/29/21 10:45,628.668
8/29/21 11:00,614.1126667
8/29/21 11:15,618.9486667
8/29/21 11:30,659.902
8/29/21 11:45,677.2546667
8/29/21 12:00,725.5666667
8/29/21 12:15,748.1413333
8/29/21 12:30,759.4446667
8/29/21 12:45,788.8966667
8/29/21 13:00,813.434
8/29/21 13:15,809.0753333
8/29/21 13:30,777.5086667
8/29/21 13:45,771.068
8/29/21 14:00,760.2466667
8/29/21 14:15,500.7193333
8/29/21 14:30,422.9113333
8/29/21 14:45,422.8593333
8/29/21 15:00,426.9193333
8/29/21 15:15,550.69
8/29/21 15:30,561.5813333
8/29/21 15:45,561.6893333
8/29/21 16:00,523.4093333
8/29/21 16:15,512.126
8/29/21 16:30,504.874
8/29/21 16:45,497.7286667
8/29/21 17:00,476.572
8/29/21 17:15,460.1446667
8/29/21 17:30,448.5026667
8/29/21 17:45,433.976
8/29/21 18:00,426.8406667
8/29/21 18:15,690.0413333
8/29/21 18:30,521.0053333
8/29/21 18:45,461.2673333
8/29/21 19:00,464.7153333
8/29/21 19:15,428.56
8/29/21 19:30,425.424
8/29/21 19:45,424.5613333
8/29/21 20:00,426.2426667
8/29/21 20:15,425.9373333
8/29/21 20:30,424.5386667
8/29/21 20:45,424.37
8/29/21 21:00,423.8066667
8/29/21 21:15,425.3446667
8/29/21 21:30,392.36
8/29/21 21:45,361.2953333
8/29/21 22:00,360.2813333
8/29/21 22:15,408.112
8/29/21 22:30,423.3686667
8/29/21 22:45,423.5086667
8/29/21 23:00,425.6246667
8/29/21 23:15,427.1186667
8/29/21 23:30,426.8493333
8/29/21 23:45,427.5226667
8/30/21 0:00,428.946
8/30/21 0:15,429.488
8/30/21 0:30,429.4106667
8/30/21 0:45,430.246
8/30/21 1:00,429.9693333
8/30/21 1:15,380.1686667
8/30/21 1:30,382.7046667
8/30/21 1:45,383.6186667
8/30/21 2:00,388.0753333
8/30/21 2:15,390.2293333
8/30/21 2:30,388.7133333
8/30/21 2:45,388.0453333
8/30/21 3:00,388.8966667
8/30/21 3:15,389.7713333
8/30/21 3:30,391.0946667
8/30/21 3:45,390.872
8/30/21 4:00,391.6986667
8/30/21 4:15,390.6946667
8/30/21 4:30,392.2753333
8/30/21 4:45,391.0873333
8/30/21 5:00,393.2233333
8/30/21 5:15,392.5686667
8/30/21 5:30,392.98
8/30/21 5:45,392.896
8/30/21 6:00,392.7746667
8/30/21 6:15,394.3866667
8/30/21 6:30,392.712
8/30/21 6:45,393.9093333
8/30/21 7:00,392.9006667
8/30/21 7:15,511.9573333
8/30/21 7:30,710.9753333
8/30/21 7:45,533.084
8/30/21 8:00,379.2606667
8/30/21 8:15,397.6426667
8/30/21 8:30,395.4293333
8/30/21 8:45,394.6913333
8/30/21 9:00,392.638
8/30/21 9:15,395.2013333
8/30/21 9:30,394.2773333
8/30/21 9:45,392.432
8/30/21 10:00,392.072
8/30/21 10:15,421.188
8/30/21 10:30,573.3306667
8/30/21 10:45,804.1493333
8/30/21 11:00,948.6086667
8/30/21 11:15,998.6773333
8/30/21 11:30,1034.002
8/30/21 11:45,1056.749333
8/30/21 12:00,789.5926667
8/30/21 12:15,605.5713333
8/30/21 12:30,582.8293333
8/30/21 12:45,587.3026667
8/30/21 13:00,594.304
8/30/21 13:15,658.8573333
8/30/21 13:30,699.2966667
8/30/21 13:45,841.7966667
8/30/21 14:00,869.4346667
8/30/21 14:15,875.396
8/30/21 14:30,871.4886667
8/30/21 14:45,886.3193333
8/30/21 15:00,866.33
8/30/21 15:15,856.7986667
8/30/21 15:30,875.768
8/30/21 15:45,804.2986667
8/30/21 16:00,807.344
8/30/21 16:15,841.256
8/30/21 16:30,839.1706667
8/30/21 16:45,859.2606667
8/30/21 17:00,884.726
8/30/21 17:15,888.4433333
8/30/21 17:30,881.7766667
8/30/21 17:45,861.3853333
8/30/21 18:00,837.95125
8/30/21 18:15,820.7757143
8/30/21 18:30,716.1013333
8/30/21 18:45,608.9233333
8/30/21 19:00,553.0006667
8/30/21 19:15,498.3466667
8/30/21 19:30,481.42
8/30/21 19:45,461.4273333
8/30/21 20:00,443.1793333
8/30/21 20:15,431.4993333
8/30/21 20:30,419.372
8/30/21 20:45,404.602
8/30/21 21:00,394.474
8/30/21 21:15,395.0826667
8/30/21 21:30,394.26
8/30/21 21:45,393.6946667
8/30/21 22:00,394.558
8/30/21 22:15,392.2126667
8/30/21 22:30,394.2753333
8/30/21 22:45,393.2406667
8/30/21 23:00,393.1953333
8/30/21 23:15,393.5326667
8/30/21 23:30,393.7493333
8/30/21 23:45,393.872
8/31/21 0:00,394.1046667
8/31/21 0:15,393.6666667
8/31/21 0:30,393.374
8/31/21 0:45,394.1806667
8/31/21 1:00,393.624
8/31/21 1:15,394.84
8/31/21 1:30,392.762
8/31/21 1:45,393.0313333
8/31/21 2:00,392.5053333
8/31/21 2:15,394.7166667
8/31/21 2:30,392.7566667
8/31/21 2:45,394.036
8/31/21 3:00,393.8613333
8/31/21 3:15,393.5306667
8/31/21 3:30,392.932
8/31/21 3:45,393.094
8/31/21 4:00,393.2466667
8/31/21 4:15,393.968
8/31/21 4:30,394.6626667
8/31/21 4:45,394.344
8/31/21 5:00,393.7893333
8/31/21 5:15,394.6566667
8/31/21 5:30,394.7093333
8/31/21 5:45,394.6826667
8/31/21 6:00,394.546
8/31/21 6:15,395.23
8/31/21 6:30,394.0586667
8/31/21 6:45,395.3493333
8/31/21 7:00,396.3266667
8/31/21 7:15,519.632
8/31/21 7:30,760.464
8/31/21 7:45,765.4073333
8/31/21 8:00,753.136
8/31/21 8:15,681.4873333
8/31/21 8:30,395.824
8/31/21 8:45,406.874
8/31/21 9:00,392.2753333
8/31/21 9:15,394.9873333
8/31/21 9:30,393.888
8/31/21 9:45,393.7133333
8/31/21 10:00,394.498
8/31/21 10:15,427.4853333
8/31/21 10:30,603.8046667
8/31/21 10:45,744.7193333
8/31/21 11:00,813.662
8/31/21 11:15,718.8646667
8/31/21 11:30,840.9353333
8/31/21 11:45,948.6913333
8/31/21 12:00,698.066
8/31/21 12:15,623.1513333
8/31/21 12:30,730.0253333
8/31/21 12:45,908.5786667
8/31/21 13:00,939.9286667
8/31/21 13:15,939.1593333
8/31/21 13:30,920.3473333
8/31/21 13:45,813.3426667
8/31/21 14:00,736.222
8/31/21 14:15,771.07
8/31/21 14:30,842.3333333
8/31/21 14:45,893.912
8/31/21 15:00,924.008
8/31/21 15:15,884.1846667
8/31/21 15:30,819.924
8/31/21 15:45,770.724
8/31/21 16:00,734.08
8/31/21 16:15,736.9706667
8/31/21 16:30,774.8353333
8/31/21 16:45,796.1146667
8/31/21 17:00,797.5553333
8/31/21 17:15,805.5093333
8/31/21 17:30,786.564
8/31/21 17:45,760.4426667
8/31/21 18:00,793.2906667
8/31/21 18:15,1052.946667
8/31/21 18:30,1204.906
8/31/21 18:45,998.8026667
8/31/21 19:00,549.1886667
8/31/21 19:15,418.8866667
8/31/21 19:30,379.16
8/31/21 19:45,371.452
8/31/21 20:00,372.5673333
8/31/21 20:15,374.388
8/31/21 20:30,384.188
8/31/21 20:45,385.2466667
8/31/21 21:00,386.672
8/31/21 21:15,386.2506667
8/31/21 21:30,387.2293333
8/31/21 21:45,351.0853333
8/31/21 22:00,346.1453333
8/31/21 22:15,375.1526667
8/31/21 22:30,383.9793333
8/31/21 22:45,384.0306667
8/31/21 23:00,385.1853333
8/31/21 23:15,383.7473333
8/31/21 23:30,382.964
8/31/21 23:45,383.584
9/1/21 0:00,391.5113333
9/1/21 0:15,393.7666667
9/1/21 0:30,393.7033333
9/1/21 0:45,390.424
9/1/21 1:00,392.346
9/1/21 1:15,1300.428
9/1/21 1:30,1468.225333
9/1/21 1:45,1466.198667
9/1/21 2:00,1474.833333
9/1/21 2:15,1480.946667
9/1/21 2:30,1483.758667
9/1/21 2:45,1486.232667
9/1/21 3:00,1485.302667
9/1/21 3:15,1488.519333
9/1/21 3:30,1491.080667
9/1/21 3:45,1490.534
9/1/21 4:00,1491.4
9/1/21 4:15,1491.310667
9/1/21 4:30,1492.122667
9/1/21 4:45,1496.252667
9/1/21 5:00,1494.735333
9/1/21 5:15,1491.826
9/1/21 5:30,1496.230667
9/1/21 5:45,1491.142
9/1/21 6:00,1494.344667
9/1/21 6:15,1492.777333
9/1/21 6:30,1495.942667
9/1/21 6:45,1488.352
9/1/21 7:00,1469.493333
9/1/21 7:15,1445.448667
9/1/21 7:30,1437.786
9/1/21 7:45,1440.284
9/1/21 8:00,1442.384667
9/1/21 8:15,1445.822
9/1/21 8:30,1445.466
9/1/21 8:45,1445.660667
9/1/21 9:00,1447.342
9/1/21 9:15,1447.034
9/1/21 9:30,1446.541333
9/1/21 9:45,1445.862
9/1/21 10:00,1447.470667
9/1/21 10:15,1444.36
9/1/21 10:30,1445.126
9/1/21 10:45,1441.988
9/1/21 11:00,976.0806667
9/1/21 11:15,1000.696
9/1/21 11:30,1030.052
9/1/21 11:45,1006.296667
9/1/21 12:00,741.9686667
9/1/21 12:15,633.832
9/1/21 12:30,642.638
9/1/21 12:45,477.0433333
9/1/21 13:00,415.5306667
9/1/21 13:15,426.6593333
9/1/21 13:30,424.44
9/1/21 13:45,473.8233333
9/1/21 14:00,531.5733333
9/1/21 14:15,443.522
9/1/21 14:30,424.9593333
9/1/21 14:45,425.2773333
9/1/21 15:00,424.252
9/1/21 15:15,424.5933333
9/1/21 15:30,424.3193333
9/1/21 15:45,425.43
9/1/21 16:00,423.4266667
9/1/21 16:15,425.0566667
9/1/21 16:30,424.7113333
9/1/21 16:45,425.9693333
9/1/21 17:00,425.3853333
9/1/21 17:15,425.6033333
9/1/21 17:30,424.602
9/1/21 17:45,425.2646667
9/1/21 18:00,425.596
9/1/21 18:15,597.756
9/1/21 18:30,449.2046667
9/1/21 18:45,428.5113333
9/1/21 19:00,429.0713333
9/1/21 19:15,396.276
9/1/21 19:30,397.5686667
9/1/21 19:45,396.5753333
9/1/21 20:00,396.8166667
9/1/21 20:15,381.8193333
9/1/21 20:30,362.062
9/1/21 20:45,360.794
9/1/21 21:00,348.2373333
9/1/21 21:15,331.5166667
9/1/21 21:30,331.8806667
9/1/21 21:45,331.132
9/1/21 22:00,332.6986667
9/1/21 22:15,411.6793333
9/1/21 22:30,418.686
9/1/21 22:45,419.9373333
9/1/21 23:00,421.718
9/1/21 23:15,422.2066667
9/1/21 23:30,423.8506667
9/1/21 23:45,425.6846667
9/2/21 0:00,423.9
9/2/21 0:15,426.3326667
9/2/21 0:30,427.0213333
9/2/21 0:45,428.6853333
9/2/21 1:00,429.5246667
9/2/21 1:15,375.444
9/2/21 1:30,384.7426667
9/2/21 1:45,389.4386667
9/2/21 2:00,389.0313333
9/2/21 2:15,388.736
9/2/21 2:30,388.4386667
9/2/21 2:45,389.844
9/2/21 3:00,390.292
9/2/21 3:15,390.9853333
9/2/21 3:30,391.7286667
9/2/21 3:45,386.026
9/2/21 4:00,386.4153333
9/2/21 4:15,393.4873333
9/2/21 4:30,393.8366667
9/2/21 4:45,395.0293333
9/2/21 5:00,394.8333333
9/2/21 5:15,397.3706667
9/2/21 5:30,396.7286667
9/2/21 5:45,397.042
9/2/21 6:00,397.0026667
9/2/21 6:15,398.3246667
9/2/21 6:30,397.376
9/2/21 6:45,396.7753333
9/2/21 7:00,395.4986667
9/2/21 7:15,573.6366667
9/2/21 7:30,978.4
9/2/21 7:45,953.062
9/2/21 8:00,794.002
9/2/21 8:15,666.2706667
9/2/21 8:30,385.086
9/2/21 8:45,400.3246667
9/2/21 9:00,392.1586667
9/2/21 9:15,393.2626667
9/2/21 9:30,391.9113333
9/2/21 9:45,392.7946667
9/2/21 10:00,390.9173333
9/2/21 10:15,390.624
9/2/21 10:30,389.6693333
9/2/21 10:45,390.3973333
9/2/21 11:00,389.6486667
9/2/21 11:15,457.65
9/2/21 11:30,622.1186667
9/2/21 11:45,793.7873333
9/2/21 12:00,677.8173333
9/2/21 12:15,761.97
9/2/21 12:30,897.654
9/2/21 12:45,858.998
9/2/21 13:00,934.328
9/2/21 13:15,895.0266667
9/2/21 13:30,805.4933333
9/2/21 13:45,906.392
9/2/21 14:00,906.3993333
9/2/21 14:15,888.0146667
9/2/21 14:30,802.9173333
9/2/21 14:45,624.344
9/2/21 15:00,580.264
9/2/21 15:15,594.5413333
9/2/21 15:30,659.836
9/2/21 15:45,753.2933333
9/2/21 16:00,856.5446667
9/2/21 16:15,934.4733333
9/2/21 16:30,936.4993333
9/2/21 16:45,837.9626667
9/2/21 17:00,786.3613333
9/2/21 17:15,800.136
9/2/21 17:30,983.38
9/2/21 17:45,1062.877333
9/2/21 18:00,1119.814
9/2/21 18:15,1084.87
9/2/21 18:30,674.7373333
9/2/21 18:45,446.1333333
9/2/21 19:00,390.186
9/2/21 19:15,385.3813333
9/2/21 19:30,386.5773333
9/2/21 19:45,387.3573333
9/2/21 20:00,386.828
9/2/21 20:15,387.4406667
9/2/21 20:30,388.0153333
9/2/21 20:45,388.6853333
9/2/21 21:00,390.2826667
9/2/21 21:15,390.7706667
9/2/21 21:30,390.8426667
9/2/21 21:45,390.75
9/2/21 22:00,390.9606667
9/2/21 22:15,392.2213333
9/2/21 22:30,391.8253333
9/2/21 22:45,392.148
9/2/21 23:00,391.6686667
9/2/21 23:15,392.814
9/2/21 23:30,393.0193333
9/2/21 23:45,393.6113333
9/3/21 0:00,392.8053333
9/3/21 0:15,391.978
9/3/21 0:30,393.4726667
9/3/21 0:45,392.694
9/3/21 1:00,392.3846667
9/3/21 1:15,392.106
9/3/21 1:30,392.5773333
9/3/21 1:45,391.9393333
9/3/21 2:00,392.354
9/3/21 2:15,392.5386667
9/3/21 2:30,392.2166667
9/3/21 2:45,392.8406667
9/3/21 3:00,393.1953333
9/3/21 3:15,392.3826667
9/3/21 3:30,393.2166667
9/3/21 3:45,392.7326667
9/3/21 4:00,393.4973333
9/3/21 4:15,392.7873333
9/3/21 4:30,392.696
9/3/21 4:45,393.3926667
9/3/21 5:00,393.202
9/3/21 5:15,392.624
9/3/21 5:30,392.286
9/3/21 5:45,392.216
9/3/21 6:00,392.4106667
9/3/21 6:15,392.3506667
9/3/21 6:30,393.854
9/3/21 6:45,392.7953333
9/3/21 7:00,393.5333333
9/3/21 7:15,477.3346667
9/3/21 7:30,723.4006667
9/3/21 7:45,711.0986667
9/3/21 8:00,733.36
9/3/21 8:15,509.7606667
9/3/21 8:30,395.9733333
9/3/21 8:45,393.306
9/3/21 9:00,393.8253333
9/3/21 9:15,393.8993333
9/3/21 9:30,393.7173333
9/3/21 9:45,393.7973333
9/3/21 10:00,393.9753333
9/3/21 10:15,394.0093333
9/3/21 10:30,428.5073333
9/3/21 10:45,648.5506667
9/3/21 11:00,908.0286667
9/3/21 11:15,1025.196
9/3/21 11:30,885.2493333
9/3/21 11:45,816.8473333
9/3/21 12:00,882.0933333
9/3/21 12:15,932.9133333
9/3/21 12:30,922.334
9/3/21 12:45,849.4393333
9/3/21 13:00,874.3893333
9/3/21 13:15,884.5813333
9/3/21 13:30,721.092
9/3/21 13:45,627.2373333
9/3/21 14:00,641.0786667
9/3/21 14:15,636.1566667
9/3/21 14:30,692.2333333
9/3/21 14:45,810.804
9/3/21 15:00,879.4266667
9/3/21 15:15,919.4806667
9/3/21 15:30,923.3046667
9/3/21 15:45,920.3866667
9/3/21 16:00,686.5513333
9/3/21 16:15,632.7613333
9/3/21 16:30,679.4413333
9/3/21 16:45,820
9/3/21 17:00,894.2046667
9/3/21 17:15,1017.102
9/3/21 17:30,1094.562
9/3/21 17:45,933.1446667
9/3/21 18:00,665.2966667
9/3/21 18:15,507.7566667
9/3/21 18:30,416.2966667
9/3/21 18:45,384.04
9/3/21 19:00,385.1973333
9/3/21 19:15,387.3933333
9/3/21 19:30,388.226
9/3/21 19:45,387.6026667
9/3/21 20:00,388.0013333
9/3/21 20:15,386.3706667
9/3/21 20:30,388.7833333
9/3/21 20:45,391.816
9/3/21 21:00,392.8573333
9/3/21 21:15,393.328
9/3/21 21:30,393.6173333
9/3/21 21:45,393.6653333
9/3/21 22:00,394.8686667
9/3/21 22:15,395
9/3/21 22:30,393.748
9/3/21 22:45,395.5513333
9/3/21 23:00,395.3273333
9/3/21 23:15,395.44
9/3/21 23:30,395.3726667
9/3/21 23:45,395.8906667
9/4/21 0:00,395.1773333
9/4/21 0:15,396.4266667
9/4/21 0:30,394.31
9/4/21 0:45,394.3953333
9/4/21 1:00,394.63
9/4/21 1:15,434.872
9/4/21 1:30,442.2746667
9/4/21 1:45,443.212
9/4/21 2:00,440.4266667
9/4/21 2:15,442.0906667
9/4/21 2:30,440.7366667
9/4/21 2:45,442.5066667
9/4/21 3:00,441.7733333
9/4/21 3:15,441.5666667
9/4/21 3:30,442.3706667
9/4/21 3:45,442.3926667
9/4/21 4:00,443.0333333
9/4/21 4:15,441.828
9/4/21 4:30,442.8293333
9/4/21 4:45,441.714
9/4/21 5:00,442.6046667
9/4/21 5:15,441.2233333
9/4/21 5:30,437.8006667
9/4/21 5:45,434.7826667
9/4/21 6:00,432.5453333
9/4/21 6:15,554.5586667
9/4/21 6:30,545.1226667
9/4/21 6:45,394.6486667
9/4/21 7:00,394.022
9/4/21 7:15,637.8186667
9/4/21 7:30,731.3753333
9/4/21 7:45,628.3806667
9/4/21 8:00,600.78
9/4/21 8:15,592.4093333
9/4/21 8:30,599.5446667
9/4/21 8:45,435.7933333
9/4/21 9:00,416.6713333
9/4/21 9:15,434.2473333
9/4/21 9:30,434.2106667
9/4/21 9:45,433.1586667
9/4/21 10:00,428.614
9/4/21 10:15,426.248
9/4/21 10:30,427.65
9/4/21 10:45,426.6066667
9/4/21 11:00,426.3833333
9/4/21 11:15,471.6013333
9/4/21 11:30,519.4613333
9/4/21 11:45,553.586
9/4/21 12:00,592.7933333
9/4/21 12:15,618.064
9/4/21 12:30,656.2746667
9/4/21 12:45,679.2746667
9/4/21 13:00,661.174
9/4/21 13:15,690.6066667
9/4/21 13:30,709.222
9/4/21 13:45,713.2666667
9/4/21 14:00,716.2666667
9/4/21 14:15,719.5453333
9/4/21 14:30,743.2813333
9/4/21 14:45,720.6473333
9/4/21 15:00,732.092
9/4/21 15:15,731.886
9/4/21 15:30,740.438
9/4/21 15:45,704.9553333
9/4/21 16:00,697.1833333
9/4/21 16:15,659.5533333
9/4/21 16:30,641.602
9/4/21 16:45,621.6053333
9/4/21 17:00,599.68
9/4/21 17:15,561.6706667
9/4/21 17:30,534.422
9/4/21 17:45,522.3873333
9/4/21 18:00,489.9793333
9/4/21 18:15,469.9313333
9/4/21 18:30,428.3633333
9/4/21 18:45,418.5186667
9/4/21 19:00,421.9746667
9/4/21 19:15,425.08
9/4/21 19:30,420.75
9/4/21 19:45,421.3406667
9/4/21 20:00,420.5026667
9/4/21 20:15,419.4626667
9/4/21 20:30,420.0253333
9/4/21 20:45,403.022
9/4/21 21:00,366.4706667
9/4/21 21:15,363.9493333
9/4/21 21:30,363.3586667
9/4/21 21:45,363.1573333
9/4/21 22:00,361.0466667
9/4/21 22:15,413.438
9/4/21 22:30,427.9866667
9/4/21 22:45,427.6773333
9/4/21 23:00,429.53
9/4/21 23:15,430.0893333
9/4/21 23:30,431.4486667
9/4/21 23:45,434.688
9/5/21 0:00,433.0986667
9/5/21 0:15,432.5553333
9/5/21 0:30,434.4566667
9/5/21 0:45,435.5166667
9/5/21 1:00,437.638
9/5/21 1:15,436.5506667
9/5/21 1:30,436.868
9/5/21 1:45,436.8866667
9/5/21 2:00,437.5726667
9/5/21 2:15,437.234
9/5/21 2:30,438.6053333
9/5/21 2:45,438.11
9/5/21 3:00,440.214
9/5/21 3:15,445.8053333
9/5/21 3:30,444.2566667
9/5/21 3:45,445.1466667
9/5/21 4:00,444.784
9/5/21 4:15,445.1873333
9/5/21 4:30,445.18
9/5/21 4:45,444.0946667
9/5/21 5:00,443.68
9/5/21 5:15,441.924
9/5/21 5:30,439.1033333
9/5/21 5:45,433.408
9/5/21 6:00,430.4053333
9/5/21 6:15,531.3166667
9/5/21 6:30,589.9193333
9/5/21 6:45,604.6833333
9/5/21 7:00,584.0613333
9/5/21 7:15,860.8453333
9/5/21 7:30,887.0086667
9/5/21 7:45,773.748
9/5/21 8:00,808.212
9/5/21 8:15,805.98
9/5/21 8:30,824.244
9/5/21 8:45,824.9493333
9/5/21 9:00,574.3386667
9/5/21 9:15,385.4706667
9/5/21 9:30,417.3573333
9/5/21 9:45,419.4866667
9/5/21 10:00,420.0833333
9/5/21 10:15,420.706
9/5/21 10:30,421.666
9/5/21 10:45,420.422
9/5/21 11:00,423.3126667
9/5/21 11:15,498.966
9/5/21 11:30,541.1
9/5/21 11:45,574.92
9/5/21 12:00,617.4106667
9/5/21 12:15,645.202
9/5/21 12:30,668.668
9/5/21 12:45,688.8506667
9/5/21 13:00,719.4333333
9/5/21 13:15,715.8293333
9/5/21 13:30,740.0353333
9/5/21 13:45,762.864
9/5/21 14:00,754.6666667
9/5/21 14:15,770.8913333
9/5/21 14:30,801.762
9/5/21 14:45,743.3266667
9/5/21 15:00,739.4973333
9/5/21 15:15,740.1153333
9/5/21 15:30,766.366
9/5/21 15:45,729.8173333
9/5/21 16:00,707.5886667
9/5/21 16:15,685.7106667
9/5/21 16:30,691.57
9/5/21 16:45,653.0826667
9/5/21 17:00,657.2086667
9/5/21 17:15,629.2893333
9/5/21 17:30,579.804
9/5/21 17:45,562.6613333
9/5/21 18:00,541.7126667
9/5/21 18:15,510.1346667
9/5/21 18:30,458.672
9/5/21 18:45,427.4153333
9/5/21 19:00,425.2933333
9/5/21 19:15,427.1006667
9/5/21 19:30,426.0753333
9/5/21 19:45,429.5453333
9/5/21 20:00,432.3966667
9/5/21 20:15,434.932
9/5/21 20:30,430.1473333
9/5/21 20:45,430.3193333
9/5/21 21:00,429.1086667
9/5/21 21:15,411.0246667
9/5/21 21:30,395.8053333
9/5/21 21:45,375.554
9/5/21 22:00,364.5773333
9/5/21 22:15,414.3766667
9/5/21 22:30,421.2973333
9/5/21 22:45,427.1686667
9/5/21 23:00,427.6046667
9/5/21 23:15,430.2866667
9/5/21 23:30,431.0466667
9/5/21 23:45,432.3426667
9/6/21 0:00,434.4726667
9/6/21 0:15,436.9426667
9/6/21 0:30,435.69
9/6/21 0:45,436.7513333
9/6/21 1:00,436.938
9/6/21 1:15,439.4653333
9/6/21 1:30,440.3613333
9/6/21 1:45,440.5086667
9/6/21 2:00,437.3273333
9/6/21 2:15,437.6633333
9/6/21 2:30,437.8693333
9/6/21 2:45,436.748
9/6/21 3:00,438.086
9/6/21 3:15,437.002
9/6/21 3:30,436.8446667
9/6/21 3:45,438.3686667
9/6/21 4:00,436.4446667
9/6/21 4:15,436.8433333
9/6/21 4:30,438.8813333
9/6/21 4:45,436.856
9/6/21 5:00,438.8866667
9/6/21 5:15,437.5666667
9/6/21 5:30,437.4306667
9/6/21 5:45,433.326
9/6/21 6:00,426.6333333
9/6/21 6:15,424.34
9/6/21 6:30,422.4846667
9/6/21 6:45,391.0613333
9/6/21 7:00,391.7753333
9/6/21 7:15,663.82
9/6/21 7:30,782.3546667
9/6/21 7:45,778.642
9/6/21 8:00,777.058
9/6/21 8:15,779.5006667
9/6/21 8:30,804.556
9/6/21 8:45,590.5506667
9/6/21 9:00,416.2433333
9/6/21 9:15,403.6693333
9/6/21 9:30,422.9213333
9/6/21 9:45,424.2413333
9/6/21 10:00,423.728
9/6/21 10:15,486.144
9/6/21 10:30,522.066
9/6/21 10:45,555.524
9/6/21 11:00,580.8986667
9/6/21 11:15,614.1493333
9/6/21 11:30,665.058
9/6/21 11:45,715.946
9/6/21 12:00,736.59
9/6/21 12:15,800.532
9/6/21 12:30,802.8953333
9/6/21 12:45,882.534
9/6/21 13:00,915.8126667
9/6/21 13:15,917.1273333
9/6/21 13:30,904.146
9/6/21 13:45,890.704
9/6/21 14:00,883.286
9/6/21 14:15,507.1626667
9/6/21 14:30,423.1806667
9/6/21 14:45,424.3273333
9/6/21 15:00,543.582
9/6/21 15:15,633.134
9/6/21 15:30,626.7413333
9/6/21 15:45,620.456
9/6/21 16:00,606.6086667
9/6/21 16:15,563.268
9/6/21 16:30,551.0373333
9/6/21 16:45,540.6513333
9/6/21 17:00,522.5713333
9/6/21 17:15,506.0866667
9/6/21 17:30,484.8213333
9/6/21 17:45,467.4466667
9/6/21 18:00,462.316
9/6/21 18:15,817.0186667
9/6/21 18:30,598.178
9/6/21 18:45,496.9213333
9/6/21 19:00,465.7593333
9/6/21 19:15,443.4013333
9/6/21 19:30,425.7133333
9/6/21 19:45,426.2153333
9/6/21 20:00,425.3866667
9/6/21 20:15,426.6693333
9/6/21 20:30,425.5013333
9/6/21 20:45,425.662
9/6/21 21:00,426.178
9/6/21 21:15,426.796
9/6/21 21:30,417.624
9/6/21 21:45,394.884
9/6/21 22:00,395.1273333
9/6/21 22:15,421.472
9/6/21 22:30,431.778
9/6/21 22:45,433.85
9/6/21 23:00,435.6253333
9/6/21 23:15,433.374
9/6/21 23:30,433.4326667
9/6/21 23:45,434.794
9/7/21 0:00,437.556
9/7/21 0:15,438.7646667
9/7/21 0:30,443.7273333
9/7/21 0:45,440.364
9/7/21 1:00,441.1186667
9/7/21 1:15,440.8426667
9/7/21 1:30,439.254
9/7/21 1:45,438.6553333
9/7/21 2:00,440.78
9/7/21 2:15,442.452
9/7/21 2:30,442.3453333
9/7/21 2:45,443.374
9/7/21 3:00,444.22
9/7/21 3:15,433.858
9/7/21 3:30,433.09
9/7/21 3:45,435.442
9/7/21 4:00,439.3886667
9/7/21 4:15,436.666
9/7/21 4:30,438.5593333
9/7/21 4:45,440.496
9/7/21 5:00,441.754
9/7/21 5:15,443.466
9/7/21 5:30,442.452
9/7/21 5:45,435.4793333
9/7/21 6:00,430.09
9/7/21 6:15,426.8826667
9/7/21 6:30,428.1886667
9/7/21 6:45,426.9026667
9/7/21 7:00,427.3986667
9/7/21 7:15,621.8753333
9/7/21 7:30,724.9846667
9/7/21 7:45,646.6806667
9/7/21 8:00,510.966
9/7/21 8:15,494.4046667
9/7/21 8:30,374.674
9/7/21 8:45,390.216
9/7/21 9:00,390.3393333
9/7/21 9:15,394.9493333
9/7/21 9:30,415.8386667
9/7/21 9:45,417.0553333
9/7/21 10:00,417.044
9/7/21 10:15,522.068
9/7/21 10:30,560.5175
9/7/21 10:45,587.5107143
9/7/21 11:00,616.28
9/7/21 11:15,642.0766667
9/7/21 11:30,693.756
9/7/21 11:45,732.5486667
9/7/21 12:00,749.2053333
9/7/21 12:15,814.3613333
9/7/21 12:30,830.2766667
9/7/21 12:45,859.518
9/7/21 13:00,926.748
9/7/21 13:15,931.9786667
9/7/21 13:30,907.8193333
9/7/21 13:45,889.572
9/7/21 14:00,883.73
9/7/21 14:15,510.83
9/7/21 14:30,423.8826667
9/7/21 14:45,422.498
9/7/21 15:00,439.5973333
9/7/21 15:15,593.646
9/7/21 15:30,613.838
9/7/21 15:45,596.5346667
9/7/21 16:00,575.4026667
9/7/21 16:15,540.6333333
9/7/21 16:30,531.2786667
9/7/21 16:45,521.5686667
9/7/21 17:00,499.6413333
9/7/21 17:15,489.314
9/7/21 17:30,467.2906667
9/7/21 17:45,460.3133333
9/7/21 18:00,444.2146667
9/7/21 18:15,765.258
9/7/21 18:30,541.0626667
9/7/21 18:45,481.402
9/7/21 19:00,450.4926667
9/7/21 19:15,428.2526667
9/7/21 19:30,425.1213333
9/7/21 19:45,426.512
9/7/21 20:00,424.7006667
9/7/21 20:15,424.006
9/7/21 20:30,424.19
9/7/21 20:45,424.432
9/7/21 21:00,425.7906667
9/7/21 21:15,401.846
9/7/21 21:30,393.016
9/7/21 21:45,393.4673333
9/7/21 22:00,391.6073333
9/7/21 22:15,410.922
9/7/21 22:30,425.1646667
9/7/21 22:45,428.532
9/7/21 23:00,430.716
9/7/21 23:15,432.1493333
9/7/21 23:30,433.9946667
9/7/21 23:45,433.3646667
9/8/21 0:00,435.8853333
9/8/21 0:15,437.5466667
9/8/21 0:30,436.8573333
9/8/21 0:45,436.0866667
9/8/21 1:00,435.4286667
9/8/21 1:15,383.712
9/8/21 1:30,385.494
9/8/21 1:45,383.576
9/8/21 2:00,384.814
9/8/21 2:15,383.8106667
9/8/21 2:30,384.896
9/8/21 2:45,383.83
9/8/21 3:00,394.9873333
9/8/21 3:15,394.1726667
9/8/21 3:30,394.66
9/8/21 3:45,392.6033333
9/8/21 4:00,387.6786667
9/8/21 4:15,393.5
9/8/21 4:30,396.6033333
9/8/21 4:45,395.8806667
9/8/21 5:00,394.5006667
9/8/21 5:15,394.1226667
9/8/21 5:30,395.1673333
9/8/21 5:45,394.404
9/8/21 6:00,398.1646667
9/8/21 6:15,395.7773333
9/8/21 6:30,394.5213333
9/8/21 6:45,392.5746667
9/8/21 7:00,393.4833333
9/8/21 7:15,393.434
9/8/21 7:30,392.3733333
9/8/21 7:45,391.5126667
9/8/21 8:00,392.2466667
9/8/21 8:15,391.4253333
9/8/21 8:30,389.7746667
9/8/21 8:45,378.5153333
9/8/21 9:00,384.0493333
9/8/21 9:15,382.9673333
9/8/21 9:30,381.6053333
9/8/21 9:45,384.774
9/8/21 10:00,390.6013333
9/8/21 10:15,511.0666667
9/8/21 10:30,737.6753333
9/8/21 10:45,880.106
9/8/21 11:00,947.498
9/8/21 11:15,945.0973333
9/8/21 11:30,877.0126667
9/8/21 11:45,849.698
9/8/21 12:00,900.828
9/8/21 12:15,907.93
9/8/21 12:30,887.918
9/8/21 12:45,876.2446667
9/8/21 13:00,889.2826667
9/8/21 13:15,896.0613333
9/8/21 13:30,880.408
9/8/21 13:45,859.632
9/8/21 14:00,861.7066667
9/8/21 14:15,879.128
9/8/21 14:30,872.4813333
9/8/21 14:45,850.87
9/8/21 15:00,893.1286667
9/8/21 15:15,915.938
9/8/21 15:30,910.342
9/8/21 15:45,910.912
9/8/21 16:00,903.9453333
9/8/21 16:15,853.3686667
9/8/21 16:30,698.4646667
9/8/21 16:45,685.1026667
9/8/21 17:00,719.1373333
9/8/21 17:15,729.978
9/8/21 17:30,753.088
9/8/21 17:45,739.208
9/8/21 18:00,745.0133333
9/8/21 18:15,713.794
9/8/21 18:30,589.194
9/8/21 18:45,502.8093333
9/8/21 19:00,459.582
9/8/21 19:15,447.106
9/8/21 19:30,418.7173333
9/8/21 19:45,397.88
9/8/21 20:00,394.1706667
9/8/21 20:15,394.4106667
9/8/21 20:30,395.068
9/8/21 20:45,399.1746667
9/8/21 21:00,413.6213333
9/8/21 21:15,422.454
9/8/21 21:30,411.6213333
9/8/21 21:45,393.712
9/8/21 22:00,393.1086667
9/8/21 22:15,391.9126667
9/8/21 22:30,390.2786667
9/8/21 22:45,390.8153333
9/8/21 23:00,391.0213333
9/8/21 23:15,391.5566667
9/8/21 23:30,393.9986667
9/8/21 23:45,393.7286667
9/9/21 0:00,393.278
9/9/21 0:15,394.0633333
9/9/21 0:30,392.956
9/9/21 0:45,391.732
9/9/21 1:00,393.1126667
9/9/21 1:15,392.9166667
9/9/21 1:30,392.9086667
9/9/21 1:45,393.5333333
9/9/21 2:00,392.062
9/9/21 2:15,393.2793333
9/9/21 2:30,392.6966667
9/9/21 2:45,393.714
9/9/21 3:00,392.3706667
9/9/21 3:15,392.468
9/9/21 3:30,393.2133333
9/9/21 3:45,392.2266667
9/9/21 4:00,391.56
9/9/21 4:15,391.3766667
9/9/21 4:30,391.794
9/9/21 4:45,392.054
9/9/21 5:00,392.7906667
9/9/21 5:15,391.4746667
9/9/21 5:30,391.5906667
9/9/21 5:45,392.4513333
9/9/21 6:00,392.5793333
9/9/21 6:15,392.296
9/9/21 6:30,392.568
9/9/21 6:45,392.93
9/9/21 7:00,392.1546667
9/9/21 7:15,487.7726667
9/9/21 7:30,402.4213333
9/9/21 7:45,355.1306667
9/9/21 8:00,381.0793333
9/9/21 8:15,380.2466667
9/9/21 8:30,381.266
9/9/21 8:45,382.5806667
9/9/21 9:00,383.7493333
9/9/21 9:15,393.5746667
9/9/21 9:30,393.6593333
9/9/21 9:45,393.164
9/9/21 10:00,403.868
9/9/21 10:15,477.1866667
9/9/21 10:30,529.236
9/9/21 10:45,625.5933333
9/9/21 11:00,808.9826667
9/9/21 11:15,995.1653333
9/9/21 11:30,999.836
9/9/21 11:45,976.0106667
9/9/21 12:00,895.578
9/9/21 12:15,848.5886667
9/9/21 12:30,896.784
9/9/21 12:45,941.98
9/9/21 13:00,936.214
9/9/21 13:15,912.8426667
9/9/21 13:30,816.5693333
9/9/21 13:45,786.2
9/9/21 14:00,857.1733333
9/9/21 14:15,874.3193333
9/9/21 14:30,862.398
9/9/21 14:45,872.268
9/9/21 15:00,906.71
9/9/21 15:15,915.3353333
9/9/21 15:30,871.7073333
9/9/21 15:45,794.7113333
9/9/21 16:00,743.188
9/9/21 16:15,747.286
9/9/21 16:30,746.9046667
9/9/21 16:45,734.646
9/9/21 17:00,819.0566667
9/9/21 17:15,875.1093333
9/9/21 17:30,806.6293333
9/9/21 17:45,749.2186667
9/9/21 18:00,757.7493333
9/9/21 18:15,739.8586667
9/9/21 18:30,633.376
9/9/21 18:45,617.438
9/9/21 19:00,719.8526667
9/9/21 19:15,801.0773333
9/9/21 19:30,816.1013333
9/9/21 19:45,674.5793333
9/9/21 20:00,519.9546667
9/9/21 20:15,456.5946667
9/9/21 20:30,405.2673333
9/9/21 20:45,393.9686667
9/9/21 21:00,395.6913333
9/9/21 21:15,394.6613333
9/9/21 21:30,395.2266667
9/9/21 21:45,393.6366667
9/9/21 22:00,392.736
9/9/21 22:15,393.456
9/9/21 22:30,393.6706667
9/9/21 22:45,392.7613333
9/9/21 23:00,393.3333333
9/9/21 23:15,392.4113333
9/9/21 23:30,390.9686667
9/9/21 23:45,392.5633333
9/10/21 0:00,390.6193333
9/10/21 0:15,391.602
9/10/21 0:30,391.2713333
9/10/21 0:45,390.7466667
9/10/21 1:00,391.4266667
9/10/21 1:15,391.3933333
9/10/21 1:30,390.118
9/10/21 1:45,391.2593333
9/10/21 2:00,391.6646667
9/10/21 2:15,392.2233333
9/10/21 2:30,391.604
9/10/21 2:45,390.902
9/10/21 3:00,391.1006667
9/10/21 3:15,391.8413333
9/10/21 3:30,390.922
9/10/21 3:45,391.2606667
9/10/21 4:00,391.122
9/10/21 4:15,390.6973333
9/10/21 4:30,392.264
9/10/21 4:45,391.2093333
9/10/21 5:00,390.816
9/10/21 5:15,390.5066667
9/10/21 5:30,390.6886667
9/10/21 5:45,390.8213333
9/10/21 6:00,391.1006667
9/10/21 6:15,390.8746667
9/10/21 6:30,391.3813333
9/10/21 6:45,391.1526667
9/10/21 7:00,391.4413333
9/10/21 7:15,528.7566667
9/10/21 7:30,489.3726667
9/10/21 7:45,365.1933333
9/10/21 8:00,351.8033333
9/10/21 8:15,350.262
9/10/21 8:30,366.316
9/10/21 8:45,384.49
9/10/21 9:00,393.0453333
9/10/21 9:15,393.954
9/10/21 9:30,392.934
9/10/21 9:45,393.2666667
9/10/21 10:00,395.3813333
9/10/21 10:15,424.3086667
9/10/21 10:30,486.5686667
9/10/21 10:45,579.3313333
9/10/21 11:00,712.4626667
9/10/21 11:15,818.6346667
9/10/21 11:30,859.142
9/10/21 11:45,796.8733333
9/10/21 12:00,885.792
9/10/21 12:15,937.3066667
9/10/21 12:30,898.7293333
9/10/21 12:45,853.9966667
9/10/21 13:00,834.662
9/10/21 13:15,802.9026667
9/10/21 13:30,640.4893333
9/10/21 13:45,637.0893333
9/10/21 14:00,667.568
9/10/21 14:15,829.8846667
9/10/21 14:30,881.8273333
9/10/21 14:45,878.394
9/10/21 15:00,908.7353333
9/10/21 15:15,920.0013333
9/10/21 15:30,864.4086667
9/10/21 15:45,779.4366667
9/10/21 16:00,727.444
9/10/21 16:15,772.2226667
9/10/21 16:30,832.8226667
9/10/21 16:45,867.332
9/10/21 17:00,844.194
9/10/21 17:15,838.074
9/10/21 17:30,866.2653333
9/10/21 17:45,920.7953333
9/10/21 18:00,1147.565333
9/10/21 18:15,1271.612667
9/10/21 18:30,939.772
9/10/21 18:45,513.776
9/10/21 19:00,406.8933333
9/10/21 19:15,384.794
9/10/21 19:30,383.862
9/10/21 19:45,382.8866667
9/10/21 20:00,383.466
9/10/21 20:15,384.2693333
9/10/21 20:30,386.202
9/10/21 20:45,388.1226667
9/10/21 21:00,387.6693333
9/10/21 21:15,388.96
9/10/21 21:30,389.1746667
9/10/21 21:45,388.534
9/10/21 22:00,390.632
9/10/21 22:15,392.162
9/10/21 22:30,392.6133333
9/10/21 22:45,392.566
9/10/21 23:00,392.266
9/10/21 23:15,392.2886667
9/10/21 23:30,392.8513333
9/10/21 23:45,392.156
9/11/21 0:00,392.5873333
9/11/21 0:15,392.456
9/11/21 0:30,392.368
9/11/21 0:45,393.2913333
9/11/21 1:00,393.5886667
9/11/21 1:15,393.8466667
9/11/21 1:30,393.28
9/11/21 1:45,392.5173333
9/11/21 2:00,393.2593333
9/11/21 2:15,392.3773333
9/11/21 2:30,393.482
9/11/21 2:45,393.7906667
9/11/21 3:00,393.64
9/11/21 3:15,392.762
9/11/21 3:30,393.9946667
9/11/21 3:45,393.3746667
9/11/21 4:00,392.5893333
9/11/21 4:15,392.956
9/11/21 4:30,393.264
9/11/21 4:45,393.7493333
9/11/21 5:00,394.572
9/11/21 5:15,393.74
9/11/21 5:30,393.9213333
9/11/21 5:45,394.0886667
9/11/21 6:00,394.4213333
9/11/21 6:15,395.0893333
9/11/21 6:30,395.4606667
9/11/21 6:45,396.024
9/11/21 7:00,395.1066667
9/11/21 7:15,522.4833333
9/11/21 7:30,752.6226667
9/11/21 7:45,770.0806667
9/11/21 8:00,759.788
9/11/21 8:15,610.3246667
9/11/21 8:30,395.6546667
9/11/21 8:45,405.4966667
9/11/21 9:00,394.4846667
9/11/21 9:15,395.4993333
9/11/21 9:30,394.7226667
9/11/21 9:45,395.342
9/11/21 10:00,390.3746667
9/11/21 10:15,449.8093333
9/11/21 10:30,555.1206667
9/11/21 10:45,693.3846667
9/11/21 11:00,951.782
9/11/21 11:15,1027.536667
9/11/21 11:30,1086.82
9/11/21 11:45,1156.264667
9/11/21 12:00,1182.047333
9/11/21 12:15,1184.534
9/11/21 12:30,1206.668
9/11/21 12:45,1284.544667
9/11/21 13:00,1392.208
9/11/21 13:15,1505.164667
9/11/21 13:30,1498.080667
9/11/21 13:45,1498.533333
9/11/21 14:00,1489.470667
9/11/21 14:15,1491.682667
9/11/21 14:30,1505.694
9/11/21 14:45,1490.150667
9/11/21 15:00,1508.575333
9/11/21 15:15,1505.446667
9/11/21 15:30,1505.088
9/11/21 15:45,1490.996
9/11/21 16:00,1459.555333
9/11/21 16:15,1435.367333
9/11/21 16:30,1361.378667
9/11/21 16:45,1164.385333
9/11/21 17:00,919.794
9/11/21 17:15,631.182
9/11/21 17:30,545.8933333
9/11/21 17:45,483.3326667
9/11/21 18:00,469.6146667
9/11/21 18:15,437.8013333
9/11/21 18:30,407.2886667
9/11/21 18:45,406.6013333
9/11/21 19:00,424.8613333
9/11/21 19:15,418.7266667
9/11/21 19:30,413.562
9/11/21 19:45,401.352
9/11/21 20:00,389.92
9/11/21 20:15,392.9173333
9/11/21 20:30,406.4933333
9/11/21 20:45,424.5973333
9/11/21 21:00,444.2346667
9/11/21 21:15,473.5093333
9/11/21 21:30,477.402
9/11/21 21:45,472.1706667
9/11/21 22:00,450.0033333
9/11/21 22:15,403.8806667
9/11/21 22:30,384.764
9/11/21 22:45,384.534
9/11/21 23:00,384.3786667
9/11/21 23:15,382.87
9/11/21 23:30,382.4
9/11/21 23:45,383.9426667
9/12/21 0:00,384.3733333
9/12/21 0:15,386.62
9/12/21 0:30,394.3946667
9/12/21 0:45,394.9273333
9/12/21 1:00,395.824
9/12/21 1:15,394.2633333
9/12/21 1:30,392.9146667
9/12/21 1:45,391.7013333
9/12/21 2:00,393.072
9/12/21 2:15,392.8513333
9/12/21 2:30,393.0206667
9/12/21 2:45,393.5713333
9/12/21 3:00,393.3473333
9/12/21 3:15,391.4193333
9/12/21 3:30,393.058
9/12/21 3:45,392.898
9/12/21 4:00,392.214
9/12/21 4:15,393.0533333
9/12/21 4:30,394.048
9/12/21 4:45,393.394
9/12/21 5:00,393.17
9/12/21 5:15,394.1793333
9/12/21 5:30,393.432
9/12/21 5:45,394.5453333
9/12/21 6:00,395.084
9/12/21 6:15,395.2026667
9/12/21 6:30,394.0233333
9/12/21 6:45,395.5233333
9/12/21 7:00,394.3106667
9/12/21 7:15,514.9193333
9/12/21 7:30,761.09
9/12/21 7:45,582.2166667
9/12/21 8:00,382.1926667
9/12/21 8:15,403.038
9/12/21 8:30,394.196
9/12/21 8:45,395.2046667
9/12/21 9:00,394.386
9/12/21 9:15,393.404
9/12/21 9:30,394.984
9/12/21 9:45,396.056
9/12/21 10:00,462.6473333
9/12/21 10:15,736.7026667
9/12/21 10:30,939.7426667
9/12/21 10:45,898.7966667
9/12/21 11:00,818.4346667
9/12/21 11:15,702.6566667
9/12/21 11:30,578.718
9/12/21 11:45,582.834
9/12/21 12:00,700.122
9/12/21 12:15,869.704
9/12/21 12:30,931.6526667
9/12/21 12:45,936.1753333
9/12/21 13:00,904.5306667
9/12/21 13:15,905.834
9/12/21 13:30,889.744
9/12/21 13:45,873.578
9/12/21 14:00,854.0173333
9/12/21 14:15,871.79
9/12/21 14:30,864.608
9/12/21 14:45,887.3093333
9/12/21 15:00,913.7526667
9/12/21 15:15,923.9933333
9/12/21 15:30,915.9573333
9/12/21 15:45,921.4693333
9/12/21 16:00,907.6473333
9/12/21 16:15,892.7153333
9/12/21 16:30,785.6833333
9/12/21 16:45,709.5866667
9/12/21 17:00,775.412
9/12/21 17:15,748.5713333
9/12/21 17:30,773.0733333
9/12/21 17:45,771.266
9/12/21 18:00,747.372
9/12/21 18:15,689.4626667
9/12/21 18:30,596.5426667
9/12/21 18:45,625.5406667
9/12/21 19:00,684.2033333
9/12/21 19:15,738.5706667
9/12/21 19:30,678.328
9/12/21 19:45,526.4246667
9/12/21 20:00,445.206
9/12/21 20:15,412.3093333
9/12/21 20:30,393.4506667
9/12/21 20:45,392.2786667
9/12/21 21:00,391.6913333
9/12/21 21:15,392.3553333
9/12/21 21:30,392.3186667
9/12/21 21:45,392.5106667
9/12/21 22:00,392.4046667
9/12/21 22:15,393.584
9/12/21 22:30,392.41
9/12/21 22:45,390.7653333
9/12/21 23:00,391.8613333
9/12/21 23:15,392.9666667
9/12/21 23:30,392.3013333
9/12/21 23:45,393.0926667
9/13/21 0:00,391.4946667
9/13/21 0:15,393.14
9/13/21 0:30,391.8386667
9/13/21 0:45,392.2993333
9/13/21 1:00,392.6566667
9/13/21 1:15,435.7053333
9/13/21 1:30,444.8793333
9/13/21 1:45,445.14
9/13/21 2:00,445.1953333
9/13/21 2:15,444.3586667
9/13/21 2:30,441.146
9/13/21 2:45,442.2913333
9/13/21 3:00,440.7073333
9/13/21 3:15,441.964
9/13/21 3:30,442.664
9/13/21 3:45,443.3233333
9/13/21 4:00,442.2806667
9/13/21 4:15,440.9326667
9/13/21 4:30,443.2113333
9/13/21 4:45,441.8086667
9/13/21 5:00,441.1693333
9/13/21 5:15,440.8313333
9/13/21 5:30,436.2053333
9/13/21 5:45,433.246
9/13/21 6:00,429.828
9/13/21 6:15,395.8426667
9/13/21 6:30,394.0333333
9/13/21 6:45,393.96
9/13/21 7:00,393.104
9/13/21 7:15,501.8306667
9/13/21 7:30,531.0413333
9/13/21 7:45,531.882
9/13/21 8:00,533.9913333
9/13/21 8:15,529.6413333
9/13/21 8:30,537.2053333
9/13/21 8:45,537.2493333
9/13/21 9:00,380.3053333
9/13/21 9:15,395.926
9/13/21 9:30,417.1286667
9/13/21 9:45,418
9/13/21 10:00,416.5433333
9/13/21 10:15,418.462
9/13/21 10:30,416.8413333
9/13/21 10:45,422.5066667
9/13/21 11:00,510.7893333
9/13/21 11:15,563.9753333
9/13/21 11:30,592.55
9/13/21 11:45,622.682
9/13/21 12:00,667.208
9/13/21 12:15,663.6273333
9/13/21 12:30,698.3126667
9/13/21 12:45,721.8026667
9/13/21 13:00,728.0673333
9/13/21 13:15,754.8113333
9/13/21 13:30,740.734
9/13/21 13:45,851.2986667
9/13/21 14:00,874.2126667
9/13/21 14:15,521.5233333
9/13/21 14:30,425.1666667
9/13/21 14:45,464.5813333
9/13/21 15:00,598.128
9/13/21 15:15,612.3273333
9/13/21 15:30,611.2933333
9/13/21 15:45,571.6113333
9/13/21 16:00,580.3266667
9/13/21 16:15,559.0466667
9/13/21 16:30,543.718
9/13/21 16:45,526.4673333
9/13/21 17:00,514.5686667
9/13/21 17:15,499.214
9/13/21 17:30,481.5066667
9/13/21 17:45,464.6513333
9/13/21 18:00,453.624
9/13/21 18:15,808.6373333
9/13/21 18:30,570.0926667
9/13/21 18:45,505.6773333
9/13/21 19:00,462.1293333
9/13/21 19:15,434.8866667
9/13/21 19:30,426.9066667
9/13/21 19:45,431.1093333
9/13/21 20:00,435.3913333
9/13/21 20:15,434.9366667
9/13/21 20:30,434.368
9/13/21 20:45,430.85
9/13/21 21:00,430.458
9/13/21 21:15,429.544
9/13/21 21:30,429.8606667
9/13/21 21:45,424.5166667
9/13/21 22:00,370.66
9/13/21 22:15,412.9806667
9/13/21 22:30,418.39
9/13/21 22:45,420.028
9/13/21 23:00,419.548
9/13/21 23:15,419.9993333
9/13/21 23:30,419.1553333
9/13/21 23:45,419.24