datetime,1A-VAV2-Zn_Temp
2021-08-14 23:45:00,68.68
2021-08-15 00:00:00,68.55
2021-08-15 00:15:00,68.41
2021-08-15 00:30:00,68.24
2021-08-15 00:45:00,68.17
2021-08-15 01:00:00,68.07
2021-08-15 01:15:00,67.95
2021-08-15 01:30:00,67.86
2021-08-15 01:45:00,67.74
2021-08-15 02:00:00,67.66
2021-08-15 02:15:00,67.5
2021-08-15 02:30:00,67.41
2021-08-15 02:45:00,67.33
2021-08-15 03:00:00,67.21
2021-08-15 03:15:00,67.14
2021-08-15 03:30:00,67.09
2021-08-15 03:45:00,66.93
2021-08-15 04:00:00,66.88
2021-08-15 04:15:00,66.81
2021-08-15 04:30:00,66.68
2021-08-15 04:45:00,66.63
2021-08-15 05:00:00,66.57
2021-08-15 05:15:00,66.48
2021-08-15 05:30:00,66.42
2021-08-15 05:45:00,66.31
2021-08-15 06:00:00,66.26
2021-08-15 06:15:00,66.75
2021-08-15 06:30:00,67.33
2021-08-15 06:45:00,67.23
2021-08-15 07:00:00,67.03
2021-08-15 07:15:00,67.96
2021-08-15 07:30:00,69.21
2021-08-15 07:45:00,70.04
2021-08-15 08:00:00,70.59
2021-08-15 08:15:00,70.93
2021-08-15 08:30:00,71.0
2021-08-15 08:45:00,70.66
2021-08-15 09:00:00,70.48
2021-08-15 09:15:00,70.49
2021-08-15 09:30:00,70.58
2021-08-15 09:45:00,70.79
2021-08-15 10:00:00,71.0
2021-08-15 10:15:00,71.14
2021-08-15 10:30:00,71.28
2021-08-15 10:45:00,71.37
2021-08-15 11:00:00,71.49
2021-08-15 11:15:00,71.61
2021-08-15 11:30:00,71.7
2021-08-15 11:45:00,71.83
2021-08-15 12:00:00,71.93
2021-08-15 12:15:00,72.02
2021-08-15 12:30:00,72.11
2021-08-15 12:45:00,72.22
2021-08-15 13:00:00,72.24
2021-08-15 13:15:00,72.34
2021-08-15 13:30:00,72.19
2021-08-15 13:45:00,72.05
2021-08-15 14:00:00,71.96
2021-08-15 14:15:00,71.95
2021-08-15 14:30:00,72.12
2021-08-15 14:45:00,72.29
2021-08-15 15:00:00,72.42
2021-08-15 15:15:00,72.56
2021-08-15 15:30:00,72.68
2021-08-15 15:45:00,72.81
2021-08-15 16:00:00,72.89
2021-08-15 16:15:00,72.98
2021-08-15 16:30:00,73.06
2021-08-15 16:45:00,73.12
2021-08-15 17:00:00,73.19
2021-08-15 17:15:00,73.21
2021-08-15 17:30:00,73.19
2021-08-15 17:45:00,73.18
2021-08-15 18:00:00,73.19
2021-08-15 18:15:00,73.1
2021-08-15 18:30:00,72.85
2021-08-15 18:45:00,72.58
2021-08-15 19:00:00,72.32
2021-08-15 19:15:00,72.07
2021-08-15 19:30:00,71.7
2021-08-15 19:45:00,71.55
2021-08-15 20:00:00,71.53
2021-08-15 20:15:00,71.52
2021-08-15 20:30:00,71.32
2021-08-15 20:45:00,71.13
2021-08-15 21:00:00,70.9
2021-08-15 21:15:00,70.64
2021-08-15 21:30:00,70.38
2021-08-15 21:45:00,70.18
2021-08-15 22:00:00,70.01
2021-08-15 22:15:00,69.84
2021-08-15 22:30:00,69.62
2021-08-15 22:45:00,69.38
2021-08-15 23:00:00,69.12
2021-08-15 23:15:00,69.04
2021-08-15 23:30:00,68.94
2021-08-15 23:45:00,68.73
2021-08-16 00:00:00,68.61
2021-08-16 00:15:00,68.42
2021-08-16 00:30:00,68.29
2021-08-16 00:45:00,68.2
2021-08-16 01:00:00,68.08
2021-08-16 01:15:00,68.02
2021-08-16 01:30:00,67.84
2021-08-16 01:45:00,67.76
2021-08-16 02:00:00,67.65
2021-08-16 02:15:00,67.53
2021-08-16 02:30:00,67.45
2021-08-16 02:45:00,67.37
2021-08-16 03:00:00,67.24
2021-08-16 03:15:00,67.15
2021-08-16 03:30:00,67.08
2021-08-16 03:45:00,67.0
2021-08-16 04:00:00,66.92
2021-08-16 04:15:00,66.82
2021-08-16 04:30:00,66.73
2021-08-16 04:45:00,66.67
2021-08-16 05:00:00,66.51
2021-08-16 05:15:00,66.51
2021-08-16 05:30:00,66.41
2021-08-16 05:45:00,66.37
2021-08-16 06:00:00,66.28
2021-08-16 06:15:00,66.75
2021-08-16 06:30:00,67.32
2021-08-16 06:45:00,67.17
2021-08-16 07:00:00,67.07
2021-08-16 07:15:00,67.91
2021-08-16 07:30:00,69.13
2021-08-16 07:45:00,69.86
2021-08-16 08:00:00,70.44
2021-08-16 08:15:00,70.76
2021-08-16 08:30:00,71.16
2021-08-16 08:45:00,70.75
2021-08-16 09:00:00,70.55
2021-08-16 09:15:00,70.52
2021-08-16 09:30:00,70.65
2021-08-16 09:45:00,70.85
2021-08-16 10:00:00,71.07
2021-08-16 10:15:00,71.23
2021-08-16 10:30:00,71.34
2021-08-16 10:45:00,71.42
2021-08-16 11:00:00,71.49
2021-08-16 11:15:00,71.59
2021-08-16 11:30:00,71.69
2021-08-16 11:45:00,71.78
2021-08-16 12:00:00,71.87
2021-08-16 12:15:00,71.97
2021-08-16 12:30:00,72.02
2021-08-16 12:45:00,
2021-08-16 13:00:00,
2021-08-16 13:15:00,
2021-08-16 13:30:00,
2021-08-16 13:45:00,
2021-08-16 14:00:00,
2021-08-16 14:15:00,
2021-08-16 14:30:00,
2021-08-16 14:45:00,
2021-08-16 15:00:00,
2021-08-16 15:15:00,
2021-08-16 15:30:00,
2021-08-16 15:45:00,
2021-08-16 16:00:00,
2021-08-16 16:15:00,
2021-08-16 16:30:00,
2021-08-16 16:45:00,
2021-08-16 17:00:00,
2021-08-16 17:15:00,
2021-08-16 17:30:00,
2021-08-16 17:45:00,
2021-08-16 18:00:00,
2021-08-16 18:15:00,
2021-08-16 18:30:00,
2021-08-16 18:45:00,
2021-08-16 19:00:00,
2021-08-16 19:15:00,
2021-08-16 19:30:00,
2021-08-16 19:45:00,
2021-08-16 20:00:00,
2021-08-16 20:15:00,
2021-08-16 20:30:00,
2021-08-16 20:45:00,
2021-08-16 21:00:00,
2021-08-16 21:15:00,
2021-08-16 21:30:00,
2021-08-16 21:45:00,
2021-08-16 22:00:00,
2021-08-16 22:15:00,
2021-08-16 22:30:00,
2021-08-16 22:45:00,
2021-08-16 23:00:00,
2021-08-16 23:15:00,
2021-08-16 23:30:00,
2021-08-16 23:45:00,
2021-08-17 00:00:00,
2021-08-17 00:15:00,
2021-08-17 00:30:00,
2021-08-17 00:45:00,
2021-08-17 01:00:00,
2021-08-17 01:15:00,
2021-08-17 01:30:00,
2021-08-17 01:45:00,
2021-08-17 02:00:00,
2021-08-17 02:15:00,
2021-08-17 02:30:00,
2021-08-17 02:45:00,
2021-08-17 03:00:00,
2021-08-17 03:15:00,
2021-08-17 03:30:00,
2021-08-17 03:45:00,
2021-08-17 04:00:00,
2021-08-17 04:15:00,
2021-08-17 04:30:00,
2021-08-17 04:45:00,
2021-08-17 05:00:00,
2021-08-17 05:15:00,
2021-08-17 05:30:00,
2021-08-17 05:45:00,
2021-08-17 06:00:00,
2021-08-17 06:15:00,
2021-08-17 06:30:00,
2021-08-17 06:45:00,
2021-08-17 07:00:00,
2021-08-17 07:15:00,
2021-08-17 07:30:00,
2021-08-17 07:45:00,
2021-08-17 08:00:00,
2021-08-17 08:15:00,
2021-08-17 08:30:00,
2021-08-17 08:45:00,
2021-08-17 09:00:00,
2021-08-17 09:15:00,
2021-08-17 09:30:00,
2021-08-17 09:45:00,
2021-08-17 10:00:00,
2021-08-17 10:15:00,
2021-08-17 10:30:00,
2021-08-17 10:45:00,
2021-08-17 11:00:00,
2021-08-17 11:15:00,
2021-08-17 11:30:00,
2021-08-17 11:45:00,
2021-08-17 12:00:00,
2021-08-17 12:15:00,
2021-08-17 12:30:00,
2021-08-17 12:45:00,
2021-08-17 13:00:00,
2021-08-17 13:15:00,
2021-08-17 13:30:00,
2021-08-17 13:45:00,
2021-08-17 14:00:00,
2021-08-17 14:15:00,
2021-08-17 14:30:00,
2021-08-17 14:45:00,
2021-08-17 15:00:00,
2021-08-17 15:15:00,
2021-08-17 15:30:00,
2021-08-17 15:45:00,
2021-08-17 16:00:00,
2021-08-17 16:15:00,
2021-08-17 16:30:00,73.2
2021-08-17 16:45:00,73.3
2021-08-17 17:00:00,73.42
2021-08-17 17:15:00,73.58
2021-08-17 17:30:00,73.69
2021-08-17 17:45:00,73.76
2021-08-17 18:00:00,73.79
2021-08-17 18:15:00,73.7
2021-08-17 18:30:00,73.42
2021-08-17 18:45:00,73.11
2021-08-17 19:00:00,72.94
2021-08-17 19:15:00,72.88
2021-08-17 19:30:00,72.74
2021-08-17 19:45:00,72.52
2021-08-17 20:00:00,72.4
2021-08-17 20:15:00,
2021-08-17 20:30:00,
2021-08-17 20:45:00,
2021-08-17 21:00:00,
2021-08-17 21:15:00,
2021-08-17 21:30:00,
2021-08-17 21:45:00,
2021-08-17 22:00:00,
2021-08-17 22:15:00,
2021-08-17 22:30:00,
2021-08-17 22:45:00,
2021-08-17 23:00:00,
2021-08-17 23:15:00,
2021-08-17 23:30:00,
2021-08-17 23:45:00,
2021-08-18 00:00:00,
2021-08-18 00:15:00,
2021-08-18 00:30:00,
2021-08-18 00:45:00,
2021-08-18 01:00:00,
2021-08-18 01:15:00,
2021-08-18 01:30:00,
2021-08-18 01:45:00,
2021-08-18 02:00:00,
2021-08-18 02:15:00,
2021-08-18 02:30:00,
2021-08-18 02:45:00,
2021-08-18 03:00:00,
2021-08-18 03:15:00,
2021-08-18 03:30:00,
2021-08-18 03:45:00,
2021-08-18 04:00:00,
2021-08-18 04:15:00,
2021-08-18 04:30:00,
2021-08-18 04:45:00,
2021-08-18 05:00:00,
2021-08-18 05:15:00,
2021-08-18 05:30:00,
2021-08-18 05:45:00,
2021-08-18 06:00:00,
2021-08-18 06:15:00,
2021-08-18 06:30:00,
2021-08-18 06:45:00,
2021-08-18 07:00:00,
2021-08-18 07:15:00,
2021-08-18 07:30:00,
2021-08-18 07:45:00,
2021-08-18 08:00:00,
2021-08-18 08:15:00,
2021-08-18 08:30:00,
2021-08-18 08:45:00,
2021-08-18 09:00:00,
2021-08-18 09:15:00,70.52
2021-08-18 09:30:00,70.69
2021-08-18 09:45:00,70.93
2021-08-18 10:00:00,71.13
2021-08-18 10:15:00,71.27
2021-08-18 10:30:00,71.41
2021-08-18 10:45:00,71.52
2021-08-18 11:00:00,71.61
2021-08-18 11:15:00,71.69
2021-08-18 11:30:00,71.77
2021-08-18 11:45:00,71.87
2021-08-18 12:00:00,71.95
2021-08-18 12:15:00,72.03
2021-08-18 12:30:00,72.14
2021-08-18 12:45:00,72.25
2021-08-18 13:00:00,72.35
2021-08-18 13:15:00,72.37
2021-08-18 13:30:00,72.2
2021-08-18 13:45:00,72.06
2021-08-18 14:00:00,71.94
2021-08-18 14:15:00,71.92
2021-08-18 14:30:00,72.0
2021-08-18 14:45:00,72.29
2021-08-18 15:00:00,72.47
2021-08-18 15:15:00,72.64
2021-08-18 15:30:00,72.8
2021-08-18 15:45:00,72.97
2021-08-18 16:00:00,73.07
2021-08-18 16:15:00,73.18
2021-08-18 16:30:00,73.31
2021-08-18 16:45:00,73.38
2021-08-18 17:00:00,73.46
2021-08-18 17:15:00,73.47
2021-08-18 17:30:00,73.47
2021-08-18 17:45:00,73.52
2021-08-18 18:00:00,73.54
2021-08-18 18:15:00,73.59
2021-08-18 18:30:00,73.37
2021-08-18 18:45:00,73.09
2021-08-18 19:00:00,72.86
2021-08-18 19:15:00,72.61
2021-08-18 19:30:00,72.19
2021-08-18 19:45:00,71.81
2021-08-18 20:00:00,71.55
2021-08-18 20:15:00,71.23
2021-08-18 20:30:00,71.01
2021-08-18 20:45:00,70.75
2021-08-18 21:00:00,70.58
2021-08-18 21:15:00,70.4
2021-08-18 21:30:00,70.16
2021-08-18 21:45:00,70.0
2021-08-18 22:00:00,69.96
2021-08-18 22:15:00,69.82
2021-08-18 22:30:00,69.56
2021-08-18 22:45:00,69.3
2021-08-18 23:00:00,69.08
2021-08-18 23:15:00,68.98
2021-08-18 23:30:00,68.78
2021-08-18 23:45:00,68.75
2021-08-19 00:00:00,68.53
2021-08-19 00:15:00,68.42
2021-08-19 00:30:00,68.24
2021-08-19 00:45:00,68.08
2021-08-19 01:00:00,67.97
2021-08-19 01:15:00,67.84
2021-08-19 01:30:00,67.71
2021-08-19 01:45:00,67.57
2021-08-19 02:00:00,67.51
2021-08-19 02:15:00,67.43
2021-08-19 02:30:00,67.34
2021-08-19 02:45:00,67.24
2021-08-19 03:00:00,67.13
2021-08-19 03:15:00,67.08
2021-08-19 03:30:00,67.01
2021-08-19 03:45:00,66.89
2021-08-19 04:00:00,66.81
2021-08-19 04:15:00,66.71
2021-08-19 04:30:00,66.61
2021-08-19 04:45:00,66.59
2021-08-19 05:00:00,66.5
2021-08-19 05:15:00,66.44
2021-08-19 05:30:00,66.37
2021-08-19 05:45:00,66.25
2021-08-19 06:00:00,66.23
2021-08-19 06:15:00,66.72
2021-08-19 06:30:00,67.35
2021-08-19 06:45:00,67.2
2021-08-19 07:00:00,67.01
2021-08-19 07:15:00,67.8
2021-08-19 07:30:00,69.05
2021-08-19 07:45:00,69.86
2021-08-19 08:00:00,70.49
2021-08-19 08:15:00,70.86
2021-08-19 08:30:00,71.12
2021-08-19 08:45:00,70.66
2021-08-19 09:00:00,70.49
2021-08-19 09:15:00,70.45
2021-08-19 09:30:00,70.58
2021-08-19 09:45:00,70.78
2021-08-19 10:00:00,70.99
2021-08-19 10:15:00,71.14
2021-08-19 10:30:00,71.26
2021-08-19 10:45:00,71.39
2021-08-19 11:00:00,71.49
2021-08-19 11:15:00,71.59
2021-08-19 11:30:00,71.69
2021-08-19 11:45:00,71.78
2021-08-19 12:00:00,71.87
2021-08-19 12:15:00,71.95
2021-08-19 12:30:00,72.04
2021-08-19 12:45:00,72.14
2021-08-19 13:00:00,72.22
2021-08-19 13:15:00,72.25
2021-08-19 13:30:00,72.07
2021-08-19 13:45:00,71.95
2021-08-19 14:00:00,71.84
2021-08-19 14:15:00,71.81
2021-08-19 14:30:00,71.96
2021-08-19 14:45:00,72.16
2021-08-19 15:00:00,72.32
2021-08-19 15:15:00,72.49
2021-08-19 15:30:00,72.63
2021-08-19 15:45:00,72.78
2021-08-19 16:00:00,72.92
2021-08-19 16:15:00,72.98
2021-08-19 16:30:00,73.11
2021-08-19 16:45:00,73.18
2021-08-19 17:00:00,73.25
2021-08-19 17:15:00,73.28
2021-08-19 17:30:00,73.27
2021-08-19 17:45:00,73.46
2021-08-19 18:00:00,73.58
2021-08-19 18:15:00,73.53
2021-08-19 18:30:00,73.26
2021-08-19 18:45:00,72.98
2021-08-19 19:00:00,72.77
2021-08-19 19:15:00,72.46
2021-08-19 19:30:00,72.14
2021-08-19 19:45:00,72.03
2021-08-19 20:00:00,
2021-08-19 20:15:00,
2021-08-19 20:30:00,
2021-08-19 20:45:00,
2021-08-19 21:00:00,
2021-08-19 21:15:00,
2021-08-19 21:30:00,
2021-08-19 21:45:00,
2021-08-19 22:00:00,
2021-08-19 22:15:00,
2021-08-19 22:30:00,
2021-08-19 22:45:00,
2021-08-19 23:00:00,
2021-08-19 23:15:00,
2021-08-19 23:30:00,
2021-08-19 23:45:00,
2021-08-20 00:00:00,
2021-08-20 00:15:00,
2021-08-20 00:30:00,
2021-08-20 00:45:00,
2021-08-20 01:00:00,
2021-08-20 01:15:00,
2021-08-20 01:30:00,
2021-08-20 01:45:00,
2021-08-20 02:00:00,
2021-08-20 02:15:00,
2021-08-20 02:30:00,
2021-08-20 02:45:00,
2021-08-20 03:00:00,
2021-08-20 03:15:00,
2021-08-20 03:30:00,
2021-08-20 03:45:00,
2021-08-20 04:00:00,
2021-08-20 04:15:00,
2021-08-20 04:30:00,
2021-08-20 04:45:00,
2021-08-20 05:00:00,
2021-08-20 05:15:00,
2021-08-20 05:30:00,
2021-08-20 05:45:00,
2021-08-20 06:00:00,
2021-08-20 06:15:00,
2021-08-20 06:30:00,
2021-08-20 06:45:00,
2021-08-20 07:00:00,
2021-08-20 07:15:00,
2021-08-20 07:30:00,
2021-08-20 07:45:00,
2021-08-20 08:00:00,
2021-08-20 08:15:00,
2021-08-20 08:30:00,
2021-08-20 08:45:00,72.75
2021-08-20 09:00:00,72.86
2021-08-20 09:15:00,72.98
2021-08-20 09:30:00,73.13
2021-08-20 09:45:00,73.24
2021-08-20 10:00:00,73.32
2021-08-20 10:15:00,73.35
2021-08-20 10:30:00,73.38
2021-08-20 10:45:00,73.43
2021-08-20 11:00:00,73.43
2021-08-20 11:15:00,73.47
2021-08-20 11:30:00,73.48
2021-08-20 11:45:00,73.5
2021-08-20 12:00:00,73.55
2021-08-20 12:15:00,73.59
2021-08-20 12:30:00,73.64
2021-08-20 12:45:00,73.67
2021-08-20 13:00:00,73.72
2021-08-20 13:15:00,73.7
2021-08-20 13:30:00,73.54
2021-08-20 13:45:00,73.42
2021-08-20 14:00:00,73.28
2021-08-20 14:15:00,73.23
2021-08-20 14:30:00,73.33
2021-08-20 14:45:00,73.44
2021-08-20 15:00:00,73.55
2021-08-20 15:15:00,73.64
2021-08-20 15:30:00,73.73
2021-08-20 15:45:00,73.81
2021-08-20 16:00:00,73.89
2021-08-20 16:15:00,73.94
2021-08-20 16:30:00,74.01
2021-08-20 16:45:00,73.99
2021-08-20 17:00:00,74.08
2021-08-20 17:15:00,74.07
2021-08-20 17:30:00,73.98
2021-08-20 17:45:00,73.94
2021-08-20 18:00:00,73.94
2021-08-20 18:15:00,73.81
2021-08-20 18:30:00,73.49
2021-08-20 18:45:00,73.17
2021-08-20 19:00:00,72.92
2021-08-20 19:15:00,72.62
2021-08-20 19:30:00,72.27
2021-08-20 19:45:00,71.97
2021-08-20 20:00:00,71.62
2021-08-20 20:15:00,71.39
2021-08-20 20:30:00,71.2
2021-08-20 20:45:00,71.03
2021-08-20 21:00:00,70.84
2021-08-20 21:15:00,70.59
2021-08-20 21:30:00,70.42
2021-08-20 21:45:00,70.33
2021-08-20 22:00:00,70.11
2021-08-20 22:15:00,69.97
2021-08-20 22:30:00,70.0
2021-08-20 22:45:00,70.01
2021-08-20 23:00:00,70.03
2021-08-20 23:15:00,70.12
2021-08-20 23:30:00,70.22
2021-08-20 23:45:00,70.25
2021-08-21 00:00:00,70.31
2021-08-21 00:15:00,70.32
2021-08-21 00:30:00,70.31
2021-08-21 00:45:00,70.44
2021-08-21 01:00:00,70.49
2021-08-21 01:15:00,70.53
2021-08-21 01:30:00,70.58
2021-08-21 01:45:00,70.63
2021-08-21 02:00:00,70.7
2021-08-21 02:15:00,70.74
2021-08-21 02:30:00,70.77
2021-08-21 02:45:00,70.79
2021-08-21 03:00:00,70.81
2021-08-21 03:15:00,70.86
2021-08-21 03:30:00,70.86
2021-08-21 03:45:00,70.89
2021-08-21 04:00:00,70.92
2021-08-21 04:15:00,70.93
2021-08-21 04:30:00,71.01
2021-08-21 04:45:00,70.97
2021-08-21 05:00:00,70.95
2021-08-21 05:15:00,70.81
2021-08-21 05:30:00,70.63
2021-08-21 05:45:00,70.2
2021-08-21 06:00:00,69.84
2021-08-21 06:15:00,69.49
2021-08-21 06:30:00,69.17
2021-08-21 06:45:00,68.84
2021-08-21 07:00:00,68.68
2021-08-21 07:15:00,69.27
2021-08-21 07:30:00,70.26
2021-08-21 07:45:00,70.59
2021-08-21 08:00:00,70.21
2021-08-21 08:15:00,70.12
2021-08-21 08:30:00,70.11
2021-08-21 08:45:00,70.14
2021-08-21 09:00:00,70.18
2021-08-21 09:15:00,70.34
2021-08-21 09:30:00,70.71
2021-08-21 09:45:00,70.98
2021-08-21 10:00:00,71.24
2021-08-21 10:15:00,71.45
2021-08-21 10:30:00,71.62
2021-08-21 10:45:00,71.79
2021-08-21 11:00:00,71.9
2021-08-21 11:15:00,72.01
2021-08-21 11:30:00,72.1
2021-08-21 11:45:00,72.16
2021-08-21 12:00:00,72.25
2021-08-21 12:15:00,72.32
2021-08-21 12:30:00,72.38
2021-08-21 12:45:00,72.44
2021-08-21 13:00:00,72.5
2021-08-21 13:15:00,72.52
2021-08-21 13:30:00,72.33
2021-08-21 13:45:00,72.21
2021-08-21 14:00:00,72.06
2021-08-21 14:15:00,72.03
2021-08-21 14:30:00,72.11
2021-08-21 14:45:00,72.27
2021-08-21 15:00:00,72.36
2021-08-21 15:15:00,72.5
2021-08-21 15:30:00,72.61
2021-08-21 15:45:00,72.7
2021-08-21 16:00:00,72.79
2021-08-21 16:15:00,72.86
2021-08-21 16:30:00,72.91
2021-08-21 16:45:00,72.98
2021-08-21 17:00:00,73.03
2021-08-21 17:15:00,73.06
2021-08-21 17:30:00,73.05
2021-08-21 17:45:00,73.04
2021-08-21 18:00:00,73.03
2021-08-21 18:15:00,72.92
2021-08-21 18:30:00,72.62
2021-08-21 18:45:00,72.36
2021-08-21 19:00:00,72.07
2021-08-21 19:15:00,71.79
2021-08-21 19:30:00,71.45
2021-08-21 19:45:00,71.13
2021-08-21 20:00:00,70.92
2021-08-21 20:15:00,70.63
2021-08-21 20:30:00,70.45
2021-08-21 20:45:00,70.27
2021-08-21 21:00:00,70.23
2021-08-21 21:15:00,69.97
2021-08-21 21:30:00,69.95
2021-08-21 21:45:00,69.95
2021-08-21 22:00:00,69.96
2021-08-21 22:15:00,69.81
2021-08-21 22:30:00,69.66
2021-08-21 22:45:00,69.65
2021-08-21 23:00:00,69.64
2021-08-21 23:15:00,69.66
2021-08-21 23:30:00,69.69
2021-08-21 23:45:00,69.73
2021-08-22 00:00:00,69.75
2021-08-22 00:15:00,69.78
2021-08-22 00:30:00,69.82
2021-08-22 00:45:00,69.87
2021-08-22 01:00:00,69.88
2021-08-22 01:15:00,69.94
2021-08-22 01:30:00,70.02
2021-08-22 01:45:00,70.08
2021-08-22 02:00:00,70.11
2021-08-22 02:15:00,70.14
2021-08-22 02:30:00,70.12
2021-08-22 02:45:00,70.19
2021-08-22 03:00:00,70.2
2021-08-22 03:15:00,70.24
2021-08-22 03:30:00,70.25
2021-08-22 03:45:00,70.27
2021-08-22 04:00:00,70.28
2021-08-22 04:15:00,70.32
2021-08-22 04:30:00,70.37
2021-08-22 04:45:00,70.4
2021-08-22 05:00:00,70.42
2021-08-22 05:15:00,70.28
2021-08-22 05:30:00,70.0
2021-08-22 05:45:00,69.63
2021-08-22 06:00:00,69.31
2021-08-22 06:15:00,68.95
2021-08-22 06:30:00,68.72
2021-08-22 06:45:00,68.39
2021-08-22 07:00:00,68.26
2021-08-22 07:15:00,69.04
2021-08-22 07:30:00,70.09
2021-08-22 07:45:00,70.57
2021-08-22 08:00:00,70.69
2021-08-22 08:15:00,70.29
2021-08-22 08:30:00,70.17
2021-08-22 08:45:00,70.1
2021-08-22 09:00:00,70.16
2021-08-22 09:15:00,70.28
2021-08-22 09:30:00,70.62
2021-08-22 09:45:00,70.89
2021-08-22 10:00:00,71.16
2021-08-22 10:15:00,71.34
2021-08-22 10:30:00,71.51
2021-08-22 10:45:00,71.63
2021-08-22 11:00:00,71.75
2021-08-22 11:15:00,71.9
2021-08-22 11:30:00,72.03
2021-08-22 11:45:00,72.14
2021-08-22 12:00:00,72.24
2021-08-22 12:15:00,72.37
2021-08-22 12:30:00,72.47
2021-08-22 12:45:00,72.6
2021-08-22 13:00:00,72.69
2021-08-22 13:15:00,72.75
2021-08-22 13:30:00,72.61
2021-08-22 13:45:00,72.49
2021-08-22 14:00:00,72.35
2021-08-22 14:15:00,72.3
2021-08-22 14:30:00,72.41
2021-08-22 14:45:00,72.63
2021-08-22 15:00:00,72.79
2021-08-22 15:15:00,72.97
2021-08-22 15:30:00,73.14
2021-08-22 15:45:00,73.3
2021-08-22 16:00:00,73.42
2021-08-22 16:15:00,73.52
2021-08-22 16:30:00,73.62
2021-08-22 16:45:00,73.71
2021-08-22 17:00:00,73.78
2021-08-22 17:15:00,73.78
2021-08-22 17:30:00,73.79
2021-08-22 17:45:00,73.81
2021-08-22 18:00:00,73.8
2021-08-22 18:15:00,73.74
2021-08-22 18:30:00,73.54
2021-08-22 18:45:00,73.26
2021-08-22 19:00:00,73.06
2021-08-22 19:15:00,72.82
2021-08-22 19:30:00,72.45
2021-08-22 19:45:00,72.08
2021-08-22 20:00:00,71.83
2021-08-22 20:15:00,71.51
2021-08-22 20:30:00,71.22
2021-08-22 20:45:00,71.01
2021-08-22 21:00:00,70.91
2021-08-22 21:15:00,70.56
2021-08-22 21:30:00,70.29
2021-08-22 21:45:00,70.24
2021-08-22 22:00:00,69.97
2021-08-22 22:15:00,69.88
2021-08-22 22:30:00,69.9
2021-08-22 22:45:00,69.94
2021-08-22 23:00:00,70.01
2021-08-22 23:15:00,70.1
2021-08-22 23:30:00,70.13
2021-08-22 23:45:00,70.2
2021-08-23 00:00:00,70.26
2021-08-23 00:15:00,70.31
2021-08-23 00:30:00,70.37
2021-08-23 00:45:00,70.47
2021-08-23 01:00:00,70.49
2021-08-23 01:15:00,70.55
2021-08-23 01:30:00,70.61
2021-08-23 01:45:00,70.66
2021-08-23 02:00:00,70.7
2021-08-23 02:15:00,70.72
2021-08-23 02:30:00,70.76
2021-08-23 02:45:00,70.77
2021-08-23 03:00:00,70.82
2021-08-23 03:15:00,70.85
2021-08-23 03:30:00,70.88
2021-08-23 03:45:00,70.91
2021-08-23 04:00:00,70.92
2021-08-23 04:15:00,70.97
2021-08-23 04:30:00,71.04
2021-08-23 04:45:00,71.04
2021-08-23 05:00:00,71.0
2021-08-23 05:15:00,70.82
2021-08-23 05:30:00,70.39
2021-08-23 05:45:00,70.04
2021-08-23 06:00:00,69.66
2021-08-23 06:15:00,69.31
2021-08-23 06:30:00,69.03
2021-08-23 06:45:00,68.78
2021-08-23 07:00:00,68.5
2021-08-23 07:15:00,69.34
2021-08-23 07:30:00,70.18
2021-08-23 07:45:00,70.61
2021-08-23 08:00:00,70.26
2021-08-23 08:15:00,70.16
2021-08-23 08:30:00,70.07
2021-08-23 08:45:00,70.14
2021-08-23 09:00:00,70.17
2021-08-23 09:15:00,70.33
2021-08-23 09:30:00,70.71
2021-08-23 09:45:00,71.0
2021-08-23 10:00:00,71.24
2021-08-23 10:15:00,71.46
2021-08-23 10:30:00,71.63
2021-08-23 10:45:00,71.82
2021-08-23 11:00:00,71.97
2021-08-23 11:15:00,72.07
2021-08-23 11:30:00,72.19
2021-08-23 11:45:00,72.32
2021-08-23 12:00:00,72.4
2021-08-23 12:15:00,72.5
2021-08-23 12:30:00,72.59
2021-08-23 12:45:00,72.68
2021-08-23 13:00:00,72.79
2021-08-23 13:15:00,72.83
2021-08-23 13:30:00,72.72
2021-08-23 13:45:00,72.59
2021-08-23 14:00:00,72.51
2021-08-23 14:15:00,72.53
2021-08-23 14:30:00,72.64
2021-08-23 14:45:00,72.78
2021-08-23 15:00:00,72.95
2021-08-23 15:15:00,73.07
2021-08-23 15:30:00,73.19
2021-08-23 15:45:00,73.3
2021-08-23 16:00:00,73.41
2021-08-23 16:15:00,73.5
2021-08-23 16:30:00,73.61
2021-08-23 16:45:00,73.68
2021-08-23 17:00:00,73.75
2021-08-23 17:15:00,73.77
2021-08-23 17:30:00,73.75
2021-08-23 17:45:00,73.74
2021-08-23 18:00:00,73.71
2021-08-23 18:15:00,73.58
2021-08-23 18:30:00,73.26
2021-08-23 18:45:00,72.99
2021-08-23 19:00:00,72.68
2021-08-23 19:15:00,72.43
2021-08-23 19:30:00,72.03
2021-08-23 19:45:00,71.59
2021-08-23 20:00:00,71.32
2021-08-23 20:15:00,71.04
2021-08-23 20:30:00,70.91
2021-08-23 20:45:00,70.7
2021-08-23 21:00:00,70.53
2021-08-23 21:15:00,70.23
2021-08-23 21:30:00,70.1
2021-08-23 21:45:00,69.94
2021-08-23 22:00:00,70.0
2021-08-23 22:15:00,69.81
2021-08-23 22:30:00,69.78
2021-08-23 22:45:00,69.76
2021-08-23 23:00:00,69.83
2021-08-23 23:15:00,69.88
2021-08-23 23:30:00,69.97
2021-08-23 23:45:00,70.04
2021-08-24 00:00:00,70.08
2021-08-24 00:15:00,70.1
2021-08-24 00:30:00,70.14
2021-08-24 00:45:00,70.2
2021-08-24 01:00:00,70.26
2021-08-24 01:15:00,70.31
2021-08-24 01:30:00,70.35
2021-08-24 01:45:00,70.38
2021-08-24 02:00:00,70.41
2021-08-24 02:15:00,70.47
2021-08-24 02:30:00,70.53
2021-08-24 02:45:00,70.57
2021-08-24 03:00:00,70.58
2021-08-24 03:15:00,70.63
2021-08-24 03:30:00,70.67
2021-08-24 03:45:00,70.69
2021-08-24 04:00:00,70.72
2021-08-24 04:15:00,70.8
2021-08-24 04:30:00,70.81
2021-08-24 04:45:00,70.84
2021-08-24 05:00:00,70.85
2021-08-24 05:15:00,70.82
2021-08-24 05:30:00,70.75
2021-08-24 05:45:00,70.66
2021-08-24 06:00:00,70.61
2021-08-24 06:15:00,70.52
2021-08-24 06:30:00,70.4
2021-08-24 06:45:00,70.27
2021-08-24 07:00:00,70.2
2021-08-24 07:15:00,70.18
2021-08-24 07:30:00,70.34
2021-08-24 07:45:00,70.53
2021-08-24 08:00:00,70.71
2021-08-24 08:15:00,70.89
2021-08-24 08:30:00,71.15
2021-08-24 08:45:00,71.42
2021-08-24 09:00:00,71.62
2021-08-24 09:15:00,71.98
2021-08-24 09:30:00,72.41
2021-08-24 09:45:00,72.82
2021-08-24 10:00:00,73.23
2021-08-24 10:15:00,73.58
2021-08-24 10:30:00,73.93
2021-08-24 10:45:00,74.17
2021-08-24 11:00:00,74.36
2021-08-24 11:15:00,74.36
2021-08-24 11:30:00,74.31
2021-08-24 11:45:00,74.26
2021-08-24 12:00:00,74.16
2021-08-24 12:15:00,74.02
2021-08-24 12:30:00,73.96
2021-08-24 12:45:00,73.67
2021-08-24 13:00:00,73.66
2021-08-24 13:15:00,73.79
2021-08-24 13:30:00,73.86
2021-08-24 13:45:00,73.87
2021-08-24 14:00:00,74.05
2021-08-24 14:15:00,74.23
2021-08-24 14:30:00,74.29
2021-08-24 14:45:00,73.81
2021-08-24 15:00:00,73.62
2021-08-24 15:15:00,73.69
2021-08-24 15:30:00,73.88
2021-08-24 15:45:00,73.97
2021-08-24 16:00:00,74.02
2021-08-24 16:15:00,74.11
2021-08-24 16:30:00,74.08
2021-08-24 16:45:00,74.05
2021-08-24 17:00:00,74.07
2021-08-24 17:15:00,74.06
2021-08-24 17:30:00,74.14
2021-08-24 17:45:00,74.25
2021-08-24 18:00:00,74.34
2021-08-24 18:15:00,74.48
2021-08-24 18:30:00,
2021-08-24 18:45:00,
2021-08-24 19:00:00,74.68
2021-08-24 19:15:00,74.69
2021-08-24 19:30:00,74.31
2021-08-24 19:45:00,73.32
2021-08-24 20:00:00,72.78
2021-08-24 20:15:00,72.76
2021-08-24 20:30:00,72.69
2021-08-24 20:45:00,72.56
2021-08-24 21:00:00,72.48
2021-08-24 21:15:00,72.22
2021-08-24 21:30:00,72.05
2021-08-24 21:45:00,71.92
2021-08-24 22:00:00,71.79
2021-08-24 22:15:00,71.66
2021-08-24 22:30:00,71.6
2021-08-24 22:45:00,71.52
2021-08-24 23:00:00,71.44
2021-08-24 23:15:00,71.42
2021-08-24 23:30:00,71.4
2021-08-24 23:45:00,71.46
2021-08-25 00:00:00,71.45
2021-08-25 00:15:00,71.44
2021-08-25 00:30:00,71.42
2021-08-25 00:45:00,71.42
2021-08-25 01:00:00,71.39
2021-08-25 01:15:00,71.37
2021-08-25 01:30:00,71.36
2021-08-25 01:45:00,71.31
2021-08-25 02:00:00,71.29
2021-08-25 02:15:00,71.26
2021-08-25 02:30:00,71.21
2021-08-25 02:45:00,71.19
2021-08-25 03:00:00,71.15
2021-08-25 03:15:00,71.12
2021-08-25 03:30:00,71.07
2021-08-25 03:45:00,71.05
2021-08-25 04:00:00,71.03
2021-08-25 04:15:00,70.97
2021-08-25 04:30:00,70.96
2021-08-25 04:45:00,70.92
2021-08-25 05:00:00,70.87
2021-08-25 05:15:00,70.83
2021-08-25 05:30:00,70.8
2021-08-25 05:45:00,70.77
2021-08-25 06:00:00,70.74
2021-08-25 06:15:00,70.71
2021-08-25 06:30:00,70.66
2021-08-25 06:45:00,70.65
2021-08-25 07:00:00,70.62
2021-08-25 07:15:00,70.63
2021-08-25 07:30:00,70.78
2021-08-25 07:45:00,70.97
2021-08-25 08:00:00,71.14
2021-08-25 08:15:00,71.33
2021-08-25 08:30:00,71.58
2021-08-25 08:45:00,71.84
2021-08-25 09:00:00,72.04
2021-08-25 09:15:00,72.36
2021-08-25 09:30:00,72.77
2021-08-25 09:45:00,73.21
2021-08-25 10:00:00,73.61
2021-08-25 10:15:00,73.97
2021-08-25 10:30:00,74.29
2021-08-25 10:45:00,74.42
2021-08-25 11:00:00,74.46
2021-08-25 11:15:00,74.43
2021-08-25 11:30:00,74.36
2021-08-25 11:45:00,74.24
2021-08-25 12:00:00,74.03
2021-08-25 12:15:00,73.75
2021-08-25 12:30:00,73.56
2021-08-25 12:45:00,73.45
2021-08-25 13:00:00,73.58
2021-08-25 13:15:00,73.77
2021-08-25 13:30:00,73.89
2021-08-25 13:45:00,73.74
2021-08-25 14:00:00,73.65
2021-08-25 14:15:00,73.59
2021-08-25 14:30:00,73.82
2021-08-25 14:45:00,74.13
2021-08-25 15:00:00,74.26
2021-08-25 15:15:00,74.24
2021-08-25 15:30:00,74.07
2021-08-25 15:45:00,74.01
2021-08-25 16:00:00,74.0
2021-08-25 16:15:00,74.07
2021-08-25 16:30:00,74.07
2021-08-25 16:45:00,
2021-08-25 17:00:00,
2021-08-25 17:15:00,
2021-08-25 17:30:00,
2021-08-25 17:45:00,
2021-08-25 18:00:00,
2021-08-25 18:15:00,
2021-08-25 18:30:00,
2021-08-25 18:45:00,
2021-08-25 19:00:00,
2021-08-25 19:15:00,
2021-08-25 19:30:00,
2021-08-25 19:45:00,
2021-08-25 20:00:00,
2021-08-25 20:15:00,
2021-08-25 20:30:00,
2021-08-25 20:45:00,
2021-08-25 21:00:00,
2021-08-25 21:15:00,
2021-08-25 21:30:00,
2021-08-25 21:45:00,
2021-08-25 22:00:00,
2021-08-25 22:15:00,
2021-08-25 22:30:00,
2021-08-25 22:45:00,
2021-08-25 23:00:00,
2021-08-25 23:15:00,
2021-08-25 23:30:00,
2021-08-25 23:45:00,
2021-08-26 00:00:00,
2021-08-26 00:15:00,
2021-08-26 00:30:00,
2021-08-26 00:45:00,
2021-08-26 01:00:00,
2021-08-26 01:15:00,
2021-08-26 01:30:00,
2021-08-26 01:45:00,
2021-08-26 02:00:00,
2021-08-26 02:15:00,
2021-08-26 02:30:00,
2021-08-26 02:45:00,
2021-08-26 03:00:00,
2021-08-26 03:15:00,
2021-08-26 03:30:00,
2021-08-26 03:45:00,
2021-08-26 04:00:00,
2021-08-26 04:15:00,
2021-08-26 04:30:00,
2021-08-26 04:45:00,
2021-08-26 05:00:00,
2021-08-26 05:15:00,
2021-08-26 05:30:00,
2021-08-26 05:45:00,
2021-08-26 06:00:00,
2021-08-26 06:15:00,
2021-08-26 06:30:00,
2021-08-26 06:45:00,
2021-08-26 07:00:00,
2021-08-26 07:15:00,
2021-08-26 07:30:00,
2021-08-26 07:45:00,
2021-08-26 08:00:00,
2021-08-26 08:15:00,
2021-08-26 08:30:00,
2021-08-26 08:45:00,
2021-08-26 09:00:00,
2021-08-26 09:15:00,
2021-08-26 09:30:00,
2021-08-26 09:45:00,
2021-08-26 10:00:00,
2021-08-26 10:15:00,
2021-08-26 10:30:00,
2021-08-26 10:45:00,
2021-08-26 11:00:00,
2021-08-26 11:15:00,
2021-08-26 11:30:00,
2021-08-26 11:45:00,
2021-08-26 12:00:00,
2021-08-26 12:15:00,
2021-08-26 12:30:00,
2021-08-26 12:45:00,
2021-08-26 13:00:00,
2021-08-26 13:15:00,
2021-08-26 13:30:00,
2021-08-26 13:45:00,
2021-08-26 14:00:00,
2021-08-26 14:15:00,73.97
2021-08-26 14:30:00,74.05
2021-08-26 14:45:00,74.21
2021-08-26 15:00:00,74.23
2021-08-26 15:15:00,74.24
2021-08-26 15:30:00,74.23
2021-08-26 15:45:00,74.25
2021-08-26 16:00:00,74.24
2021-08-26 16:15:00,74.44
2021-08-26 16:30:00,74.58
2021-08-26 16:45:00,74.68
2021-08-26 17:00:00,74.7
2021-08-26 17:15:00,74.67
2021-08-26 17:30:00,74.55
2021-08-26 17:45:00,73.26
2021-08-26 18:00:00,73.14
2021-08-26 18:15:00,73.38
2021-08-26 18:30:00,73.27
2021-08-26 18:45:00,73.09
2021-08-26 19:00:00,72.92
2021-08-26 19:15:00,72.71
2021-08-26 19:30:00,72.4
2021-08-26 19:45:00,72.04
2021-08-26 20:00:00,71.82
2021-08-26 20:15:00,71.83
2021-08-26 20:30:00,71.84
2021-08-26 20:45:00,71.95
2021-08-26 21:00:00,72.01
2021-08-26 21:15:00,71.88
2021-08-26 21:30:00,71.85
2021-08-26 21:45:00,71.85
2021-08-26 22:00:00,71.92
2021-08-26 22:15:00,71.96
2021-08-26 22:30:00,71.98
2021-08-26 22:45:00,71.97
2021-08-26 23:00:00,71.99
2021-08-26 23:15:00,72.03
2021-08-26 23:30:00,71.91
2021-08-26 23:45:00,71.87
2021-08-27 00:00:00,71.87
2021-08-27 00:15:00,71.85
2021-08-27 00:30:00,71.85
2021-08-27 00:45:00,71.81
2021-08-27 01:00:00,71.79
2021-08-27 01:15:00,71.75
2021-08-27 01:30:00,71.72
2021-08-27 01:45:00,71.72
2021-08-27 02:00:00,71.78
2021-08-27 02:15:00,71.79
2021-08-27 02:30:00,71.63
2021-08-27 02:45:00,71.55
2021-08-27 03:00:00,71.49
2021-08-27 03:15:00,71.43
2021-08-27 03:30:00,71.38
2021-08-27 03:45:00,71.35
2021-08-27 04:00:00,71.31
2021-08-27 04:15:00,71.29
2021-08-27 04:30:00,71.25
2021-08-27 04:45:00,71.21
2021-08-27 05:00:00,71.15
2021-08-27 05:15:00,71.03
2021-08-27 05:30:00,70.73
2021-08-27 05:45:00,70.4
2021-08-27 06:00:00,70.21
2021-08-27 06:15:00,69.87
2021-08-27 06:30:00,69.58
2021-08-27 06:45:00,69.38
2021-08-27 07:00:00,69.1
2021-08-27 07:15:00,69.68
2021-08-27 07:30:00,70.29
2021-08-27 07:45:00,70.21
2021-08-27 08:00:00,70.11
2021-08-27 08:15:00,70.05
2021-08-27 08:30:00,70.11
2021-08-27 08:45:00,70.19
2021-08-27 09:00:00,70.49
2021-08-27 09:15:00,70.95
2021-08-27 09:30:00,71.6
2021-08-27 09:45:00,72.39
2021-08-27 10:00:00,73.23
2021-08-27 10:15:00,73.91
2021-08-27 10:30:00,74.39
2021-08-27 10:45:00,74.35
2021-08-27 11:00:00,74.01
2021-08-27 11:15:00,73.76
2021-08-27 11:30:00,73.73
2021-08-27 11:45:00,73.93
2021-08-27 12:00:00,74.07
2021-08-27 12:15:00,74.07
2021-08-27 12:30:00,73.99
2021-08-27 12:45:00,
2021-08-27 13:00:00,
2021-08-27 13:15:00,
2021-08-27 13:30:00,
2021-08-27 13:45:00,
2021-08-27 14:00:00,
2021-08-27 14:15:00,
2021-08-27 14:30:00,
2021-08-27 14:45:00,
2021-08-27 15:00:00,
2021-08-27 15:15:00,
2021-08-27 15:30:00,
2021-08-27 15:45:00,
2021-08-27 16:00:00,
2021-08-27 16:15:00,
2021-08-27 16:30:00,
2021-08-27 16:45:00,
2021-08-27 17:00:00,
2021-08-27 17:15:00,
2021-08-27 17:30:00,
2021-08-27 17:45:00,
2021-08-27 18:00:00,
2021-08-27 18:15:00,
2021-08-27 18:30:00,
2021-08-27 18:45:00,
2021-08-27 19:00:00,
2021-08-27 19:15:00,
2021-08-27 19:30:00,
2021-08-27 19:45:00,
2021-08-27 20:00:00,73.32
2021-08-27 20:15:00,73.26
2021-08-27 20:30:00,73.25
2021-08-27 20:45:00,73.26
2021-08-27 21:00:00,73.26
2021-08-27 21:15:00,73.19
2021-08-27 21:30:00,73.13
2021-08-27 21:45:00,73.09
2021-08-27 22:00:00,73.01
2021-08-27 22:15:00,72.96
2021-08-27 22:30:00,72.91
2021-08-27 22:45:00,72.85
2021-08-27 23:00:00,72.82
2021-08-27 23:15:00,72.78
2021-08-27 23:30:00,72.76
2021-08-27 23:45:00,72.71
2021-08-28 00:00:00,72.68
2021-08-28 00:15:00,72.62
2021-08-28 00:30:00,72.59
2021-08-28 00:45:00,72.52
2021-08-28 01:00:00,72.5
2021-08-28 01:15:00,72.48
2021-08-28 01:30:00,72.44
2021-08-28 01:45:00,72.42
2021-08-28 02:00:00,72.38
2021-08-28 02:15:00,72.34
2021-08-28 02:30:00,72.32
2021-08-28 02:45:00,72.29
2021-08-28 03:00:00,72.27
2021-08-28 03:15:00,72.24
2021-08-28 03:30:00,72.22
2021-08-28 03:45:00,72.19
2021-08-28 04:00:00,72.17
2021-08-28 04:15:00,72.11
2021-08-28 04:30:00,72.06
2021-08-28 04:45:00,72.06
2021-08-28 05:00:00,72.01
2021-08-28 05:15:00,71.97
2021-08-28 05:30:00,71.67
2021-08-28 05:45:00,71.29
2021-08-28 06:00:00,71.01
2021-08-28 06:15:00,70.74
2021-08-28 06:30:00,70.39
2021-08-28 06:45:00,70.25
2021-08-28 07:00:00,70.02
2021-08-28 07:15:00,70.0
2021-08-28 07:30:00,69.99
2021-08-28 07:45:00,69.99
2021-08-28 08:00:00,70.04
2021-08-28 08:15:00,70.02
2021-08-28 08:30:00,70.22
2021-08-28 08:45:00,70.29
2021-08-28 09:00:00,70.39
2021-08-28 09:15:00,70.59
2021-08-28 09:30:00,70.96
2021-08-28 09:45:00,71.34
2021-08-28 10:00:00,71.66
2021-08-28 10:15:00,71.97
2021-08-28 10:30:00,72.19
2021-08-28 10:45:00,72.23
2021-08-28 11:00:00,72.07
2021-08-28 11:15:00,72.06
2021-08-28 11:30:00,72.01
2021-08-28 11:45:00,71.98
2021-08-28 12:00:00,71.98
2021-08-28 12:15:00,72.02
2021-08-28 12:30:00,72.02
2021-08-28 12:45:00,72.07
2021-08-28 13:00:00,72.04
2021-08-28 13:15:00,71.94
2021-08-28 13:30:00,71.8
2021-08-28 13:45:00,71.87
2021-08-28 14:00:00,71.92
2021-08-28 14:15:00,72.12
2021-08-28 14:30:00,72.43
2021-08-28 14:45:00,72.79
2021-08-28 15:00:00,73.13
2021-08-28 15:15:00,73.45
2021-08-28 15:30:00,73.7
2021-08-28 15:45:00,73.92
2021-08-28 16:00:00,74.05
2021-08-28 16:15:00,74.21
2021-08-28 16:30:00,74.37
2021-08-28 16:45:00,74.5
2021-08-28 17:00:00,74.62
2021-08-28 17:15:00,74.69
2021-08-28 17:30:00,74.68
2021-08-28 17:45:00,74.72
2021-08-28 18:00:00,74.75
2021-08-28 18:15:00,74.18
2021-08-28 18:30:00,73.68
2021-08-28 18:45:00,73.62
2021-08-28 19:00:00,73.42
2021-08-28 19:15:00,73.2
2021-08-28 19:30:00,72.92
2021-08-28 19:45:00,72.61
2021-08-28 20:00:00,72.38
2021-08-28 20:15:00,72.15
2021-08-28 20:30:00,71.95
2021-08-28 20:45:00,71.68
2021-08-28 21:00:00,71.54
2021-08-28 21:15:00,71.34
2021-08-28 21:30:00,71.07
2021-08-28 21:45:00,70.76
2021-08-28 22:00:00,70.58
2021-08-28 22:15:00,70.35
2021-08-28 22:30:00,70.42
2021-08-28 22:45:00,70.56
2021-08-28 23:00:00,70.75
2021-08-28 23:15:00,70.92
2021-08-28 23:30:00,71.07
2021-08-28 23:45:00,71.26
2021-08-29 00:00:00,71.39
2021-08-29 00:15:00,71.52
2021-08-29 00:30:00,71.61
2021-08-29 00:45:00,71.75
2021-08-29 01:00:00,71.78
2021-08-29 01:15:00,71.81
2021-08-29 01:30:00,71.85
2021-08-29 01:45:00,71.95
2021-08-29 02:00:00,72.09
2021-08-29 02:15:00,72.17
2021-08-29 02:30:00,72.24
2021-08-29 02:45:00,72.22
2021-08-29 03:00:00,72.19
2021-08-29 03:15:00,72.13
2021-08-29 03:30:00,72.05
2021-08-29 03:45:00,71.97
2021-08-29 04:00:00,71.89
2021-08-29 04:15:00,71.77
2021-08-29 04:30:00,71.71
2021-08-29 04:45:00,71.64
2021-08-29 05:00:00,71.58
2021-08-29 05:15:00,71.4
2021-08-29 05:30:00,71.01
2021-08-29 05:45:00,70.94
2021-08-29 06:00:00,70.71
2021-08-29 06:15:00,70.53
2021-08-29 06:30:00,70.39
2021-08-29 06:45:00,70.34
2021-08-29 07:00:00,70.24
2021-08-29 07:15:00,70.31
2021-08-29 07:30:00,70.39
2021-08-29 07:45:00,70.55
2021-08-29 08:00:00,70.68
2021-08-29 08:15:00,70.82
2021-08-29 08:30:00,71.08
2021-08-29 08:45:00,71.32
2021-08-29 09:00:00,71.54
2021-08-29 09:15:00,71.89
2021-08-29 09:30:00,72.37
2021-08-29 09:45:00,72.76
2021-08-29 10:00:00,72.94
2021-08-29 10:15:00,72.55
2021-08-29 10:30:00,72.0
2021-08-29 10:45:00,71.79
2021-08-29 11:00:00,71.76
2021-08-29 11:15:00,71.92
2021-08-29 11:30:00,72.01
2021-08-29 11:45:00,72.04
2021-08-29 12:00:00,72.01
2021-08-29 12:15:00,71.99
2021-08-29 12:30:00,72.01
2021-08-29 12:45:00,72.01
2021-08-29 13:00:00,72.02
2021-08-29 13:15:00,71.93
2021-08-29 13:30:00,71.85
2021-08-29 13:45:00,71.87
2021-08-29 14:00:00,71.95
2021-08-29 14:15:00,72.07
2021-08-29 14:30:00,72.31
2021-08-29 14:45:00,72.6
2021-08-29 15:00:00,72.88
2021-08-29 15:15:00,73.18
2021-08-29 15:30:00,73.45
2021-08-29 15:45:00,73.65
2021-08-29 16:00:00,73.78
2021-08-29 16:15:00,73.92
2021-08-29 16:30:00,74.01
2021-08-29 16:45:00,74.11
2021-08-29 17:00:00,74.21
2021-08-29 17:15:00,74.24
2021-08-29 17:30:00,74.25
2021-08-29 17:45:00,74.27
2021-08-29 18:00:00,74.3
2021-08-29 18:15:00,74.02
2021-08-29 18:30:00,73.75
2021-08-29 18:45:00,73.55
2021-08-29 19:00:00,73.47
2021-08-29 19:15:00,73.33
2021-08-29 19:30:00,73.04
2021-08-29 19:45:00,72.76
2021-08-29 20:00:00,72.49
2021-08-29 20:15:00,72.29
2021-08-29 20:30:00,71.98
2021-08-29 20:45:00,71.81
2021-08-29 21:00:00,71.63
2021-08-29 21:15:00,71.3
2021-08-29 21:30:00,71.03
2021-08-29 21:45:00,70.82
2021-08-29 22:00:00,70.55
2021-08-29 22:15:00,70.46
2021-08-29 22:30:00,70.44
2021-08-29 22:45:00,70.57
2021-08-29 23:00:00,70.66
2021-08-29 23:15:00,70.75
2021-08-29 23:30:00,70.84
2021-08-29 23:45:00,70.89
2021-08-30 00:00:00,71.02
2021-08-30 00:15:00,71.1
2021-08-30 00:30:00,71.18
2021-08-30 00:45:00,71.25
2021-08-30 01:00:00,71.32
2021-08-30 01:15:00,71.37
2021-08-30 01:30:00,71.43
2021-08-30 01:45:00,71.45
2021-08-30 02:00:00,71.48
2021-08-30 02:15:00,71.48
2021-08-30 02:30:00,71.53
2021-08-30 02:45:00,71.55
2021-08-30 03:00:00,71.58
2021-08-30 03:15:00,71.59
2021-08-30 03:30:00,71.62
2021-08-30 03:45:00,71.64
2021-08-30 04:00:00,71.65
2021-08-30 04:15:00,71.63
2021-08-30 04:30:00,71.59
2021-08-30 04:45:00,71.52
2021-08-30 05:00:00,71.4
2021-08-30 05:15:00,71.36
2021-08-30 05:30:00,71.29
2021-08-30 05:45:00,71.2
2021-08-30 06:00:00,71.11
2021-08-30 06:15:00,71.04
2021-08-30 06:30:00,70.99
2021-08-30 06:45:00,70.95
2021-08-30 07:00:00,70.87
2021-08-30 07:15:00,70.92
2021-08-30 07:30:00,71.06
2021-08-30 07:45:00,71.21
2021-08-30 08:00:00,71.31
2021-08-30 08:15:00,71.41
2021-08-30 08:30:00,71.64
2021-08-30 08:45:00,71.86
2021-08-30 09:00:00,72.07
2021-08-30 09:15:00,72.4
2021-08-30 09:30:00,72.87
2021-08-30 09:45:00,73.33
2021-08-30 10:00:00,73.76
2021-08-30 10:15:00,74.16
2021-08-30 10:30:00,74.39
2021-08-30 10:45:00,74.47
2021-08-30 11:00:00,74.24
2021-08-30 11:15:00,74.05
2021-08-30 11:30:00,74.11
2021-08-30 11:45:00,73.79
2021-08-30 12:00:00,73.46
2021-08-30 12:15:00,73.48
2021-08-30 12:30:00,73.71
2021-08-30 12:45:00,73.79
2021-08-30 13:00:00,73.86
2021-08-30 13:15:00,73.91
2021-08-30 13:30:00,73.92
2021-08-30 13:45:00,73.97
2021-08-30 14:00:00,73.93
2021-08-30 14:15:00,73.9
2021-08-30 14:30:00,74.07
2021-08-30 14:45:00,74.13
2021-08-30 15:00:00,74.13
2021-08-30 15:15:00,74.06
2021-08-30 15:30:00,74.06
2021-08-30 15:45:00,74.03
2021-08-30 16:00:00,74.06
2021-08-30 16:15:00,74.09
2021-08-30 16:30:00,74.14
2021-08-30 16:45:00,74.11
2021-08-30 17:00:00,74.15
2021-08-30 17:15:00,74.12
2021-08-30 17:30:00,74.11
2021-08-30 17:45:00,74.11
2021-08-30 18:00:00,74.11
2021-08-30 18:15:00,74.01
2021-08-30 18:30:00,73.83
2021-08-30 18:45:00,73.74
2021-08-30 19:00:00,73.71
2021-08-30 19:15:00,73.82
2021-08-30 19:30:00,73.92
2021-08-30 19:45:00,74.0
2021-08-30 20:00:00,74.0
2021-08-30 20:15:00,73.95
2021-08-30 20:30:00,73.88
2021-08-30 20:45:00,73.83
2021-08-30 21:00:00,73.87
2021-08-30 21:15:00,73.69
2021-08-30 21:30:00,73.56
2021-08-30 21:45:00,73.39
2021-08-30 22:00:00,73.23
2021-08-30 22:15:00,73.1
2021-08-30 22:30:00,73.02
2021-08-30 22:45:00,72.87
2021-08-30 23:00:00,72.77
2021-08-30 23:15:00,72.69
2021-08-30 23:30:00,72.58
2021-08-30 23:45:00,72.52
2021-08-31 00:00:00,72.43
2021-08-31 00:15:00,72.36
2021-08-31 00:30:00,72.31
2021-08-31 00:45:00,72.25
2021-08-31 01:00:00,72.16
2021-08-31 01:15:00,72.09
2021-08-31 01:30:00,72.06
2021-08-31 01:45:00,71.98
2021-08-31 02:00:00,71.91
2021-08-31 02:15:00,71.86
2021-08-31 02:30:00,71.8
2021-08-31 02:45:00,71.76
2021-08-31 03:00:00,71.7
2021-08-31 03:15:00,71.66
2021-08-31 03:30:00,71.64
2021-08-31 03:45:00,71.59
2021-08-31 04:00:00,71.53
2021-08-31 04:15:00,71.48
2021-08-31 04:30:00,71.42
2021-08-31 04:45:00,71.4
2021-08-31 05:00:00,71.33
2021-08-31 05:15:00,71.29
2021-08-31 05:30:00,71.26
2021-08-31 05:45:00,71.23
2021-08-31 06:00:00,71.2
2021-08-31 06:15:00,71.18
2021-08-31 06:30:00,71.1
2021-08-31 06:45:00,71.05
2021-08-31 07:00:00,71.0
2021-08-31 07:15:00,71.08
2021-08-31 07:30:00,71.2
2021-08-31 07:45:00,71.38
2021-08-31 08:00:00,71.48
2021-08-31 08:15:00,71.75
2021-08-31 08:30:00,72.01
2021-08-31 08:45:00,72.27
2021-08-31 09:00:00,72.46
2021-08-31 09:15:00,72.78
2021-08-31 09:30:00,73.25
2021-08-31 09:45:00,73.72
2021-08-31 10:00:00,74.14
2021-08-31 10:15:00,74.46
2021-08-31 10:30:00,74.55
2021-08-31 10:45:00,74.27
2021-08-31 11:00:00,73.9
2021-08-31 11:15:00,73.75
2021-08-31 11:30:00,74.0
2021-08-31 11:45:00,73.8
2021-08-31 12:00:00,73.62
2021-08-31 12:15:00,73.78
2021-08-31 12:30:00,74.06
2021-08-31 12:45:00,74.18
2021-08-31 13:00:00,74.16
2021-08-31 13:15:00,73.95
2021-08-31 13:30:00,73.75
2021-08-31 13:45:00,73.75
2021-08-31 14:00:00,73.79
2021-08-31 14:15:00,73.89
2021-08-31 14:30:00,74.15
2021-08-31 14:45:00,74.23
2021-08-31 15:00:00,74.14
2021-08-31 15:15:00,73.96
2021-08-31 15:30:00,73.99
2021-08-31 15:45:00,74.02
2021-08-31 16:00:00,74.03
2021-08-31 16:15:00,74.07
2021-08-31 16:30:00,74.1
2021-08-31 16:45:00,74.15
2021-08-31 17:00:00,74.17
2021-08-31 17:15:00,74.13
2021-08-31 17:30:00,74.07
2021-08-31 17:45:00,74.06
2021-08-31 18:00:00,74.3
2021-08-31 18:15:00,74.51
2021-08-31 18:30:00,74.24
2021-08-31 18:45:00,73.55
2021-08-31 19:00:00,73.04
2021-08-31 19:15:00,73.11
2021-08-31 19:30:00,73.13
2021-08-31 19:45:00,73.01
2021-08-31 20:00:00,72.87
2021-08-31 20:15:00,72.78
2021-08-31 20:30:00,72.72
2021-08-31 20:45:00,72.66
2021-08-31 21:00:00,72.58
2021-08-31 21:15:00,72.44
2021-08-31 21:30:00,72.3
2021-08-31 21:45:00,72.18
2021-08-31 22:00:00,72.11
2021-08-31 22:15:00,72.06
2021-08-31 22:30:00,72.04
2021-08-31 22:45:00,72.01
2021-08-31 23:00:00,71.98
2021-08-31 23:15:00,71.95
2021-08-31 23:30:00,71.92
2021-08-31 23:45:00,71.88
2021-09-01 00:00:00,71.85
2021-09-01 00:15:00,71.82
2021-09-01 00:30:00,71.75
2021-09-01 00:45:00,71.74
2021-09-01 01:00:00,71.66
2021-09-01 01:15:00,70.66
2021-09-01 01:30:00,69.73
2021-09-01 01:45:00,69.37
2021-09-01 02:00:00,69.27
2021-09-01 02:15:00,69.28
2021-09-01 02:30:00,69.27
2021-09-01 02:45:00,69.31
2021-09-01 03:00:00,69.34
2021-09-01 03:15:00,69.34
2021-09-01 03:30:00,69.39
2021-09-01 03:45:00,69.53
2021-09-01 04:00:00,69.58
2021-09-01 04:15:00,69.57
2021-09-01 04:30:00,69.71
2021-09-01 04:45:00,69.66
2021-09-01 05:00:00,69.69
2021-09-01 05:15:00,69.73
2021-09-01 05:30:00,69.75
2021-09-01 05:45:00,69.78
2021-09-01 06:00:00,69.81
2021-09-01 06:15:00,69.82
2021-09-01 06:30:00,69.87
2021-09-01 06:45:00,69.45
2021-09-01 07:00:00,67.85
2021-09-01 07:15:00,66.51
2021-09-01 07:30:00,65.48
2021-09-01 07:45:00,64.67
2021-09-01 08:00:00,64.06
2021-09-01 08:15:00,63.77
2021-09-01 08:30:00,63.55
2021-09-01 08:45:00,63.44
2021-09-01 09:00:00,63.31
2021-09-01 09:15:00,63.29
2021-09-01 09:30:00,63.45
2021-09-01 09:45:00,63.64
2021-09-01 10:00:00,63.81
2021-09-01 10:15:00,63.87
2021-09-01 10:30:00,63.88
2021-09-01 10:45:00,63.83
2021-09-01 11:00:00,65.18
2021-09-01 11:15:00,67.34
2021-09-01 11:30:00,68.91
2021-09-01 11:45:00,70.13
2021-09-01 12:00:00,71.21
2021-09-01 12:15:00,71.47
2021-09-01 12:30:00,71.28
2021-09-01 12:45:00,71.28
2021-09-01 13:00:00,71.37
2021-09-01 13:15:00,71.38
2021-09-01 13:30:00,71.2
2021-09-01 13:45:00,71.09
2021-09-01 14:00:00,71.01
2021-09-01 14:15:00,70.97
2021-09-01 14:30:00,71.16
2021-09-01 14:45:00,71.33
2021-09-01 15:00:00,71.53
2021-09-01 15:15:00,71.72
2021-09-01 15:30:00,71.86
2021-09-01 15:45:00,72.02
2021-09-01 16:00:00,72.15
2021-09-01 16:15:00,72.32
2021-09-01 16:30:00,72.46
2021-09-01 16:45:00,72.58
2021-09-01 17:00:00,72.71
2021-09-01 17:15:00,72.73
2021-09-01 17:30:00,72.75
2021-09-01 17:45:00,72.77
2021-09-01 18:00:00,72.78
2021-09-01 18:15:00,72.69
2021-09-01 18:30:00,72.41
2021-09-01 18:45:00,72.08
2021-09-01 19:00:00,71.82
2021-09-01 19:15:00,71.56
2021-09-01 19:30:00,71.21
2021-09-01 19:45:00,70.84
2021-09-01 20:00:00,70.53
2021-09-01 20:15:00,70.39
2021-09-01 20:30:00,70.14
2021-09-01 20:45:00,69.98
2021-09-01 21:00:00,69.96
2021-09-01 21:15:00,69.93
2021-09-01 21:30:00,69.93
2021-09-01 21:45:00,69.96
2021-09-01 22:00:00,69.98
2021-09-01 22:15:00,69.74
2021-09-01 22:30:00,69.36
2021-09-01 22:45:00,69.12
2021-09-01 23:00:00,69.11
2021-09-01 23:15:00,68.97
2021-09-01 23:30:00,68.87
2021-09-01 23:45:00,68.8
2021-09-02 00:00:00,68.74
2021-09-02 00:15:00,68.75
2021-09-02 00:30:00,68.77
2021-09-02 00:45:00,68.79
2021-09-02 01:00:00,68.82
2021-09-02 01:15:00,68.92
2021-09-02 01:30:00,68.97
2021-09-02 01:45:00,69.0
2021-09-02 02:00:00,69.05
2021-09-02 02:15:00,69.1
2021-09-02 02:30:00,69.13
2021-09-02 02:45:00,69.18
2021-09-02 03:00:00,69.21
2021-09-02 03:15:00,69.23
2021-09-02 03:30:00,69.29
2021-09-02 03:45:00,69.33
2021-09-02 04:00:00,69.37
2021-09-02 04:15:00,69.39
2021-09-02 04:30:00,69.44
2021-09-02 04:45:00,69.48
2021-09-02 05:00:00,69.55
2021-09-02 05:15:00,69.58
2021-09-02 05:30:00,69.6
2021-09-02 05:45:00,69.65
2021-09-02 06:00:00,69.69
2021-09-02 06:15:00,69.71
2021-09-02 06:30:00,69.71
2021-09-02 06:45:00,69.72
2021-09-02 07:00:00,69.71
2021-09-02 07:15:00,69.83
2021-09-02 07:30:00,70.16
2021-09-02 07:45:00,70.26
2021-09-02 08:00:00,70.4
2021-09-02 08:15:00,70.62
2021-09-02 08:30:00,70.87
2021-09-02 08:45:00,71.07
2021-09-02 09:00:00,71.25
2021-09-02 09:15:00,71.52
2021-09-02 09:30:00,71.95
2021-09-02 09:45:00,72.36
2021-09-02 10:00:00,72.74
2021-09-02 10:15:00,73.07
2021-09-02 10:30:00,73.4
2021-09-02 10:45:00,73.71
2021-09-02 11:00:00,73.97
2021-09-02 11:15:00,74.14
2021-09-02 11:30:00,74.31
2021-09-02 11:45:00,74.22
2021-09-02 12:00:00,73.99
2021-09-02 12:15:00,74.02
2021-09-02 12:30:00,74.03
2021-09-02 12:45:00,74.02
2021-09-02 13:00:00,74.0
2021-09-02 13:15:00,73.77
2021-09-02 13:30:00,73.86
2021-09-02 13:45:00,73.91
2021-09-02 14:00:00,73.84
2021-09-02 14:15:00,73.9
2021-09-02 14:30:00,73.98
2021-09-02 14:45:00,73.98
2021-09-02 15:00:00,73.98
2021-09-02 15:15:00,74.0
2021-09-02 15:30:00,74.09
2021-09-02 15:45:00,74.19
2021-09-02 16:00:00,74.2
2021-09-02 16:15:00,74.2
2021-09-02 16:30:00,74.07
2021-09-02 16:45:00,74.03
2021-09-02 17:00:00,74.07
2021-09-02 17:15:00,74.12
2021-09-02 17:30:00,74.43
2021-09-02 17:45:00,74.27
2021-09-02 18:00:00,74.36
2021-09-02 18:15:00,73.85
2021-09-02 18:30:00,73.3
2021-09-02 18:45:00,73.19
2021-09-02 19:00:00,73.33
2021-09-02 19:15:00,73.35
2021-09-02 19:30:00,73.25
2021-09-02 19:45:00,73.14
2021-09-02 20:00:00,72.96
2021-09-02 20:15:00,72.85
2021-09-02 20:30:00,72.75
2021-09-02 20:45:00,72.7
2021-09-02 21:00:00,72.63
2021-09-02 21:15:00,72.54
2021-09-02 21:30:00,72.44
2021-09-02 21:45:00,72.37
2021-09-02 22:00:00,72.29
2021-09-02 22:15:00,72.21
2021-09-02 22:30:00,72.14
2021-09-02 22:45:00,72.08
2021-09-02 23:00:00,72.01
2021-09-02 23:15:00,71.95
2021-09-02 23:30:00,71.92
2021-09-02 23:45:00,71.84
2021-09-03 00:00:00,71.73
2021-09-03 00:15:00,71.75
2021-09-03 00:30:00,71.68
2021-09-03 00:45:00,71.65
2021-09-03 01:00:00,71.58
2021-09-03 01:15:00,71.55
2021-09-03 01:30:00,71.52
2021-09-03 01:45:00,71.45
2021-09-03 02:00:00,71.42
2021-09-03 02:15:00,71.38
2021-09-03 02:30:00,71.34
2021-09-03 02:45:00,71.28
2021-09-03 03:00:00,71.25
2021-09-03 03:15:00,71.21
2021-09-03 03:30:00,71.18
2021-09-03 03:45:00,71.15
2021-09-03 04:00:00,71.09
2021-09-03 04:15:00,71.08
2021-09-03 04:30:00,71.01
2021-09-03 04:45:00,70.99
2021-09-03 05:00:00,70.95
2021-09-03 05:15:00,70.94
2021-09-03 05:30:00,70.89
2021-09-03 05:45:00,70.85
2021-09-03 06:00:00,70.82
2021-09-03 06:15:00,70.79
2021-09-03 06:30:00,70.75
2021-09-03 06:45:00,70.7
2021-09-03 07:00:00,70.66
2021-09-03 07:15:00,70.72
2021-09-03 07:30:00,70.87
2021-09-03 07:45:00,71.05
2021-09-03 08:00:00,71.23
2021-09-03 08:15:00,71.39
2021-09-03 08:30:00,71.62
2021-09-03 08:45:00,71.87
2021-09-03 09:00:00,72.08
2021-09-03 09:15:00,72.37
2021-09-03 09:30:00,72.82
2021-09-03 09:45:00,73.26
2021-09-03 10:00:00,73.62
2021-09-03 10:15:00,74.06
2021-09-03 10:30:00,74.35
2021-09-03 10:45:00,74.46
2021-09-03 11:00:00,74.37
2021-09-03 11:15:00,74.04
2021-09-03 11:30:00,73.75
2021-09-03 11:45:00,73.74
2021-09-03 12:00:00,73.88
2021-09-03 12:15:00,73.91
2021-09-03 12:30:00,73.93
2021-09-03 12:45:00,73.92
2021-09-03 13:00:00,73.97
2021-09-03 13:15:00,73.94
2021-09-03 13:30:00,73.69
2021-09-03 13:45:00,73.62
2021-09-03 14:00:00,73.52
2021-09-03 14:15:00,73.53
2021-09-03 14:30:00,73.77
2021-09-03 14:45:00,74.06
2021-09-03 15:00:00,74.21
2021-09-03 15:15:00,74.1
2021-09-03 15:30:00,74.25
2021-09-03 15:45:00,73.92
2021-09-03 16:00:00,73.86
2021-09-03 16:15:00,73.92
2021-09-03 16:30:00,74.11
2021-09-03 16:45:00,74.27
2021-09-03 17:00:00,74.26
2021-09-03 17:15:00,74.43
2021-09-03 17:30:00,74.19
2021-09-03 17:45:00,73.8
2021-09-03 18:00:00,73.65
2021-09-03 18:15:00,73.59
2021-09-03 18:30:00,73.52
2021-09-03 18:45:00,73.62
2021-09-03 19:00:00,73.6
2021-09-03 19:15:00,73.54
2021-09-03 19:30:00,73.43
2021-09-03 19:45:00,73.27
2021-09-03 20:00:00,73.09
2021-09-03 20:15:00,72.98
2021-09-03 20:30:00,72.88
2021-09-03 20:45:00,72.81
2021-09-03 21:00:00,72.78
2021-09-03 21:15:00,72.72
2021-09-03 21:30:00,72.61
2021-09-03 21:45:00,72.55
2021-09-03 22:00:00,72.48
2021-09-03 22:15:00,72.43
2021-09-03 22:30:00,72.35
2021-09-03 22:45:00,72.27
2021-09-03 23:00:00,72.24
2021-09-03 23:15:00,72.16
2021-09-03 23:30:00,72.1
2021-09-03 23:45:00,72.07
2021-09-04 00:00:00,72.0
2021-09-04 00:15:00,71.94
2021-09-04 00:30:00,71.88
2021-09-04 00:45:00,71.84
2021-09-04 01:00:00,71.78
2021-09-04 01:15:00,71.73
2021-09-04 01:30:00,71.71
2021-09-04 01:45:00,71.63
2021-09-04 02:00:00,71.55
2021-09-04 02:15:00,71.5
2021-09-04 02:30:00,71.43
2021-09-04 02:45:00,71.35
2021-09-04 03:00:00,71.29
2021-09-04 03:15:00,71.27
2021-09-04 03:30:00,71.2
2021-09-04 03:45:00,71.16
2021-09-04 04:00:00,71.11
2021-09-04 04:15:00,71.04
2021-09-04 04:30:00,70.99
2021-09-04 04:45:00,70.95
2021-09-04 05:00:00,70.93
2021-09-04 05:15:00,70.86
2021-09-04 05:30:00,70.65
2021-09-04 05:45:00,70.36
2021-09-04 06:00:00,70.14
2021-09-04 06:15:00,69.93
2021-09-04 06:30:00,69.78
2021-09-04 06:45:00,69.67
2021-09-04 07:00:00,69.53
2021-09-04 07:15:00,69.92
2021-09-04 07:30:00,70.23
2021-09-04 07:45:00,70.16
2021-09-04 08:00:00,70.17
2021-09-04 08:15:00,70.24
2021-09-04 08:30:00,70.46
2021-09-04 08:45:00,70.76
2021-09-04 09:00:00,70.97
2021-09-04 09:15:00,71.27
2021-09-04 09:30:00,71.67
2021-09-04 09:45:00,71.97
2021-09-04 10:00:00,72.17
2021-09-04 10:15:00,72.33
2021-09-04 10:30:00,72.47
2021-09-04 10:45:00,72.59
2021-09-04 11:00:00,72.72
2021-09-04 11:15:00,72.83
2021-09-04 11:30:00,72.93
2021-09-04 11:45:00,73.04
2021-09-04 12:00:00,73.12
2021-09-04 12:15:00,73.19
2021-09-04 12:30:00,73.27
2021-09-04 12:45:00,73.34
2021-09-04 13:00:00,73.37
2021-09-04 13:15:00,73.34
2021-09-04 13:30:00,73.23
2021-09-04 13:45:00,73.12
2021-09-04 14:00:00,72.96
2021-09-04 14:15:00,72.92
2021-09-04 14:30:00,73.04
2021-09-04 14:45:00,73.23
2021-09-04 15:00:00,73.39
2021-09-04 15:15:00,73.53
2021-09-04 15:30:00,73.65
2021-09-04 15:45:00,73.7
2021-09-04 16:00:00,73.73
2021-09-04 16:15:00,73.75
2021-09-04 16:30:00,73.79
2021-09-04 16:45:00,73.83
2021-09-04 17:00:00,73.88
2021-09-04 17:15:00,73.88
2021-09-04 17:30:00,73.85
2021-09-04 17:45:00,73.84
2021-09-04 18:00:00,73.82
2021-09-04 18:15:00,73.71
2021-09-04 18:30:00,73.41
2021-09-04 18:45:00,73.15
2021-09-04 19:00:00,73.08
2021-09-04 19:15:00,73.06
2021-09-04 19:30:00,72.74
2021-09-04 19:45:00,72.55
2021-09-04 20:00:00,72.24
2021-09-04 20:15:00,71.92
2021-09-04 20:30:00,71.63
2021-09-04 20:45:00,71.45
2021-09-04 21:00:00,71.22
2021-09-04 21:15:00,70.98
2021-09-04 21:30:00,70.7
2021-09-04 21:45:00,70.52
2021-09-04 22:00:00,70.33
2021-09-04 22:15:00,70.23
2021-09-04 22:30:00,70.23
2021-09-04 22:45:00,70.27
2021-09-04 23:00:00,70.32
2021-09-04 23:15:00,70.36
2021-09-04 23:30:00,70.42
2021-09-04 23:45:00,70.47
2021-09-05 00:00:00,70.54
2021-09-05 00:15:00,70.65
2021-09-05 00:30:00,70.7
2021-09-05 00:45:00,70.77
2021-09-05 01:00:00,70.8
2021-09-05 01:15:00,70.84
2021-09-05 01:30:00,70.9
2021-09-05 01:45:00,70.93
2021-09-05 02:00:00,70.96
2021-09-05 02:15:00,71.0
2021-09-05 02:30:00,71.04
2021-09-05 02:45:00,71.08
2021-09-05 03:00:00,71.11
2021-09-05 03:15:00,71.14
2021-09-05 03:30:00,71.16
2021-09-05 03:45:00,71.21
2021-09-05 04:00:00,71.14
2021-09-05 04:15:00,71.05
2021-09-05 04:30:00,70.94
2021-09-05 04:45:00,70.84
2021-09-05 05:00:00,70.75
2021-09-05 05:15:00,70.55
2021-09-05 05:30:00,70.14
2021-09-05 05:45:00,69.77
2021-09-05 06:00:00,69.37
2021-09-05 06:15:00,69.07
2021-09-05 06:30:00,68.89
2021-09-05 06:45:00,68.63
2021-09-05 07:00:00,68.51
2021-09-05 07:15:00,69.35
2021-09-05 07:30:00,70.24
2021-09-05 07:45:00,70.63
2021-09-05 08:00:00,70.3
2021-09-05 08:15:00,70.17
2021-09-05 08:30:00,70.16
2021-09-05 08:45:00,70.24
2021-09-05 09:00:00,70.33
2021-09-05 09:15:00,70.54
2021-09-05 09:30:00,70.89
2021-09-05 09:45:00,71.21
2021-09-05 10:00:00,71.49
2021-09-05 10:15:00,71.73
2021-09-05 10:30:00,71.94
2021-09-05 10:45:00,72.08
2021-09-05 11:00:00,72.23
2021-09-05 11:15:00,72.37
2021-09-05 11:30:00,72.49
2021-09-05 11:45:00,72.59
2021-09-05 12:00:00,72.69
2021-09-05 12:15:00,72.77
2021-09-05 12:30:00,72.86
2021-09-05 12:45:00,72.97
2021-09-05 13:00:00,73.07
2021-09-05 13:15:00,73.08
2021-09-05 13:30:00,72.9
2021-09-05 13:45:00,72.76
2021-09-05 14:00:00,72.66
2021-09-05 14:15:00,72.62
2021-09-05 14:30:00,72.73
2021-09-05 14:45:00,72.97
2021-09-05 15:00:00,73.17
2021-09-05 15:15:00,73.34
2021-09-05 15:30:00,73.48
2021-09-05 15:45:00,73.58
2021-09-05 16:00:00,73.68
2021-09-05 16:15:00,73.75
2021-09-05 16:30:00,73.82
2021-09-05 16:45:00,73.87
2021-09-05 17:00:00,73.92
2021-09-05 17:15:00,73.89
2021-09-05 17:30:00,73.88
2021-09-05 17:45:00,73.87
2021-09-05 18:00:00,73.87
2021-09-05 18:15:00,73.78
2021-09-05 18:30:00,73.54
2021-09-05 18:45:00,73.24
2021-09-05 19:00:00,73.01
2021-09-05 19:15:00,72.77
2021-09-05 19:30:00,72.43
2021-09-05 19:45:00,72.24
2021-09-05 20:00:00,72.13
2021-09-05 20:15:00,72.16
2021-09-05 20:30:00,72.02
2021-09-05 20:45:00,71.84
2021-09-05 21:00:00,71.7
2021-09-05 21:15:00,71.32
2021-09-05 21:30:00,71.04
2021-09-05 21:45:00,70.75
2021-09-05 22:00:00,70.45
2021-09-05 22:15:00,70.28
2021-09-05 22:30:00,70.15
2021-09-05 22:45:00,70.06
2021-09-05 23:00:00,70.12
2021-09-05 23:15:00,70.19
2021-09-05 23:30:00,70.21
2021-09-05 23:45:00,70.3
2021-09-06 00:00:00,70.45
2021-09-06 00:15:00,70.61
2021-09-06 00:30:00,70.75
2021-09-06 00:45:00,70.85
2021-09-06 01:00:00,70.95
2021-09-06 01:15:00,71.01
2021-09-06 01:30:00,71.1
2021-09-06 01:45:00,71.13
2021-09-06 02:00:00,71.15
2021-09-06 02:15:00,71.13
2021-09-06 02:30:00,71.11
2021-09-06 02:45:00,71.07
2021-09-06 03:00:00,71.04
2021-09-06 03:15:00,71.0
2021-09-06 03:30:00,71.02
2021-09-06 03:45:00,70.96
2021-09-06 04:00:00,70.87
2021-09-06 04:15:00,70.83
2021-09-06 04:30:00,70.81
2021-09-06 04:45:00,70.76
2021-09-06 05:00:00,70.72
2021-09-06 05:15:00,70.68
2021-09-06 05:30:00,70.57
2021-09-06 05:45:00,70.28
2021-09-06 06:00:00,70.06
2021-09-06 06:15:00,69.75
2021-09-06 06:30:00,69.5
2021-09-06 06:45:00,69.19
2021-09-06 07:00:00,69.02
2021-09-06 07:15:00,69.62
2021-09-06 07:30:00,70.29
2021-09-06 07:45:00,70.33
2021-09-06 08:00:00,70.1
2021-09-06 08:15:00,70.06
2021-09-06 08:30:00,70.05
2021-09-06 08:45:00,70.07
2021-09-06 09:00:00,70.09
2021-09-06 09:15:00,70.28
2021-09-06 09:30:00,70.67
2021-09-06 09:45:00,70.98
2021-09-06 10:00:00,71.25
2021-09-06 10:15:00,71.52
2021-09-06 10:30:00,71.71
2021-09-06 10:45:00,71.84
2021-09-06 11:00:00,71.98
2021-09-06 11:15:00,72.1
2021-09-06 11:30:00,72.16
2021-09-06 11:45:00,72.1
2021-09-06 12:00:00,72.03
2021-09-06 12:15:00,72.02
2021-09-06 12:30:00,72.04
2021-09-06 12:45:00,72.02
2021-09-06 13:00:00,71.97
2021-09-06 13:15:00,72.0
2021-09-06 13:30:00,71.84
2021-09-06 13:45:00,71.91
2021-09-06 14:00:00,71.95
2021-09-06 14:15:00,72.08
2021-09-06 14:30:00,72.3
2021-09-06 14:45:00,72.62
2021-09-06 15:00:00,72.94
2021-09-06 15:15:00,73.24
2021-09-06 15:30:00,73.47
2021-09-06 15:45:00,73.65
2021-09-06 16:00:00,73.79
2021-09-06 16:15:00,73.91
2021-09-06 16:30:00,74.01
2021-09-06 16:45:00,74.12
2021-09-06 17:00:00,74.23
2021-09-06 17:15:00,74.26
2021-09-06 17:30:00,74.29
2021-09-06 17:45:00,74.29
2021-09-06 18:00:00,74.3
2021-09-06 18:15:00,74.08
2021-09-06 18:30:00,73.76
2021-09-06 18:45:00,73.52
2021-09-06 19:00:00,73.24
2021-09-06 19:15:00,72.96
2021-09-06 19:30:00,72.62
2021-09-06 19:45:00,72.34
2021-09-06 20:00:00,72.04
2021-09-06 20:15:00,71.82
2021-09-06 20:30:00,71.59
2021-09-06 20:45:00,71.4
2021-09-06 21:00:00,71.27
2021-09-06 21:15:00,70.92
2021-09-06 21:30:00,70.76
2021-09-06 21:45:00,70.5
2021-09-06 22:00:00,70.36
2021-09-06 22:15:00,70.21
2021-09-06 22:30:00,70.34
2021-09-06 22:45:00,70.5
2021-09-06 23:00:00,70.66
2021-09-06 23:15:00,70.84
2021-09-06 23:30:00,70.98
2021-09-06 23:45:00,71.11
2021-09-07 00:00:00,71.25
2021-09-07 00:15:00,71.39
2021-09-07 00:30:00,71.46
2021-09-07 00:45:00,71.54
2021-09-07 01:00:00,71.54
2021-09-07 01:15:00,71.57
2021-09-07 01:30:00,71.55
2021-09-07 01:45:00,71.6
2021-09-07 02:00:00,71.69
2021-09-07 02:15:00,71.81
2021-09-07 02:30:00,71.9
2021-09-07 02:45:00,71.89
2021-09-07 03:00:00,71.71
2021-09-07 03:15:00,71.37
2021-09-07 03:30:00,71.19
2021-09-07 03:45:00,71.08
2021-09-07 04:00:00,71.06
2021-09-07 04:15:00,70.99
2021-09-07 04:30:00,71.06
2021-09-07 04:45:00,71.16
2021-09-07 05:00:00,71.29
2021-09-07 05:15:00,71.24
2021-09-07 05:30:00,70.97
2021-09-07 05:45:00,70.64
2021-09-07 06:00:00,70.28
2021-09-07 06:15:00,70.01
2021-09-07 06:30:00,69.72
2021-09-07 06:45:00,69.5
2021-09-07 07:00:00,69.26
2021-09-07 07:15:00,69.68
2021-09-07 07:30:00,70.31
2021-09-07 07:45:00,70.18
2021-09-07 08:00:00,70.09
2021-09-07 08:15:00,70.06
2021-09-07 08:30:00,70.03
2021-09-07 08:45:00,70.16
2021-09-07 09:00:00,70.21
2021-09-07 09:15:00,70.4
2021-09-07 09:30:00,70.73
2021-09-07 09:45:00,71.09
2021-09-07 10:00:00,71.36
2021-09-07 10:15:00,71.64
2021-09-07 10:30:00,71.83
2021-09-07 10:45:00,71.98
2021-09-07 11:00:00,72.13
2021-09-07 11:15:00,72.15
2021-09-07 11:30:00,72.13
2021-09-07 11:45:00,72.07
2021-09-07 12:00:00,72.04
2021-09-07 12:15:00,71.98
2021-09-07 12:30:00,72.03
2021-09-07 12:45:00,71.97
2021-09-07 13:00:00,72.03
2021-09-07 13:15:00,71.96
2021-09-07 13:30:00,71.85
2021-09-07 13:45:00,71.87
2021-09-07 14:00:00,71.9
2021-09-07 14:15:00,71.99
2021-09-07 14:30:00,72.24
2021-09-07 14:45:00,72.57
2021-09-07 15:00:00,72.91
2021-09-07 15:15:00,73.24
2021-09-07 15:30:00,73.42
2021-09-07 15:45:00,73.65
2021-09-07 16:00:00,73.82
2021-09-07 16:15:00,73.94
2021-09-07 16:30:00,74.05
2021-09-07 16:45:00,74.16
2021-09-07 17:00:00,74.25
2021-09-07 17:15:00,74.3
2021-09-07 17:30:00,74.3
2021-09-07 17:45:00,74.31
2021-09-07 18:00:00,74.32
2021-09-07 18:15:00,74.07
2021-09-07 18:30:00,73.78
2021-09-07 18:45:00,73.52
2021-09-07 19:00:00,73.24
2021-09-07 19:15:00,73.02
2021-09-07 19:30:00,72.7
2021-09-07 19:45:00,72.28
2021-09-07 20:00:00,72.13
2021-09-07 20:15:00,71.79
2021-09-07 20:30:00,71.62
2021-09-07 20:45:00,71.43
2021-09-07 21:00:00,71.23
2021-09-07 21:15:00,71.05
2021-09-07 21:30:00,70.77
2021-09-07 21:45:00,70.54
2021-09-07 22:00:00,70.41
2021-09-07 22:15:00,70.25
2021-09-07 22:30:00,70.32
2021-09-07 22:45:00,70.44
2021-09-07 23:00:00,70.62
2021-09-07 23:15:00,70.76
2021-09-07 23:30:00,70.91
2021-09-07 23:45:00,71.03
2021-09-08 00:00:00,71.16
2021-09-08 00:15:00,71.27
2021-09-08 00:30:00,71.39
2021-09-08 00:45:00,71.48
2021-09-08 01:00:00,71.53
2021-09-08 01:15:00,71.52
2021-09-08 01:30:00,71.52
2021-09-08 01:45:00,71.52
2021-09-08 02:00:00,71.51
2021-09-08 02:15:00,71.47
2021-09-08 02:30:00,71.45
2021-09-08 02:45:00,71.4
2021-09-08 03:00:00,71.41
2021-09-08 03:15:00,71.39
2021-09-08 03:30:00,71.39
2021-09-08 03:45:00,71.37
2021-09-08 04:00:00,71.24
2021-09-08 04:15:00,71.18
2021-09-08 04:30:00,71.22
2021-09-08 04:45:00,71.2
2021-09-08 05:00:00,71.24
2021-09-08 05:15:00,71.28
2021-09-08 05:30:00,71.42
2021-09-08 05:45:00,71.49
2021-09-08 06:00:00,71.55
2021-09-08 06:15:00,71.57
2021-09-08 06:30:00,71.55
2021-09-08 06:45:00,71.52
2021-09-08 07:00:00,71.49
2021-09-08 07:15:00,71.53
2021-09-08 07:30:00,71.53
2021-09-08 07:45:00,71.56
2021-09-08 08:00:00,71.61
2021-09-08 08:15:00,71.71
2021-09-08 08:30:00,71.87
2021-09-08 08:45:00,71.97
2021-09-08 09:00:00,72.04
2021-09-08 09:15:00,72.16
2021-09-08 09:30:00,72.53
2021-09-08 09:45:00,72.99
2021-09-08 10:00:00,73.4
2021-09-08 10:15:00,73.88
2021-09-08 10:30:00,74.17
2021-09-08 10:45:00,74.27
2021-09-08 11:00:00,74.21
2021-09-08 11:15:00,74.05
2021-09-08 11:30:00,73.9
2021-09-08 11:45:00,73.88
2021-09-08 12:00:00,73.92
2021-09-08 12:15:00,73.92
2021-09-08 12:30:00,73.92
2021-09-08 12:45:00,73.98
2021-09-08 13:00:00,74.03
2021-09-08 13:15:00,73.97
2021-09-08 13:30:00,73.86
2021-09-08 13:45:00,73.79
2021-09-08 14:00:00,73.77
2021-09-08 14:15:00,73.75
2021-09-08 14:30:00,73.98
2021-09-08 14:45:00,74.13
2021-09-08 15:00:00,74.18
2021-09-08 15:15:00,74.1
2021-09-08 15:30:00,74.04
2021-09-08 15:45:00,73.98
2021-09-08 16:00:00,73.97
2021-09-08 16:15:00,73.95
2021-09-08 16:30:00,74.01
2021-09-08 16:45:00,74.09
2021-09-08 17:00:00,74.08
2021-09-08 17:15:00,74.01
2021-09-08 17:30:00,74.03
2021-09-08 17:45:00,74.1
2021-09-08 18:00:00,74.12
2021-09-08 18:15:00,74.04
2021-09-08 18:30:00,73.83
2021-09-08 18:45:00,73.79
2021-09-08 19:00:00,73.86
2021-09-08 19:15:00,73.87
2021-09-08 19:30:00,73.88
2021-09-08 19:45:00,73.91
2021-09-08 20:00:00,73.92
2021-09-08 20:15:00,74.0
2021-09-08 20:30:00,74.07
2021-09-08 20:45:00,74.15
2021-09-08 21:00:00,74.16
2021-09-08 21:15:00,74.01
2021-09-08 21:30:00,73.8
2021-09-08 21:45:00,73.74
2021-09-08 22:00:00,73.56
2021-09-08 22:15:00,73.51
2021-09-08 22:30:00,73.41
2021-09-08 22:45:00,73.28
2021-09-08 23:00:00,73.22
2021-09-08 23:15:00,73.13
2021-09-08 23:30:00,73.04
2021-09-08 23:45:00,72.97
2021-09-09 00:00:00,72.9
2021-09-09 00:15:00,72.84
2021-09-09 00:30:00,72.77
2021-09-09 00:45:00,72.68
2021-09-09 01:00:00,72.62
2021-09-09 01:15:00,72.55
2021-09-09 01:30:00,72.47
2021-09-09 01:45:00,72.45
2021-09-09 02:00:00,72.37
2021-09-09 02:15:00,72.33
2021-09-09 02:30:00,72.26
2021-09-09 02:45:00,72.22
2021-09-09 03:00:00,72.2
2021-09-09 03:15:00,72.14
2021-09-09 03:30:00,72.11
2021-09-09 03:45:00,72.07
2021-09-09 04:00:00,72.01
2021-09-09 04:15:00,71.95
2021-09-09 04:30:00,71.9
2021-09-09 04:45:00,71.87
2021-09-09 05:00:00,71.82
2021-09-09 05:15:00,71.78
2021-09-09 05:30:00,71.73
2021-09-09 05:45:00,71.71
2021-09-09 06:00:00,71.68
2021-09-09 06:15:00,71.64
2021-09-09 06:30:00,71.61
2021-09-09 06:45:00,71.56
2021-09-09 07:00:00,71.56
2021-09-09 07:15:00,71.61
2021-09-09 07:30:00,71.76
2021-09-09 07:45:00,71.85
2021-09-09 08:00:00,71.92
2021-09-09 08:15:00,72.03
2021-09-09 08:30:00,72.22
2021-09-09 08:45:00,72.44
2021-09-09 09:00:00,72.65
2021-09-09 09:15:00,73.01
2021-09-09 09:30:00,73.46
2021-09-09 09:45:00,73.93
2021-09-09 10:00:00,74.31
2021-09-09 10:15:00,74.2
2021-09-09 10:30:00,74.05
2021-09-09 10:45:00,74.2
2021-09-09 11:00:00,74.24
2021-09-09 11:15:00,74.16
2021-09-09 11:30:00,73.94
2021-09-09 11:45:00,73.81
2021-09-09 12:00:00,73.79
2021-09-09 12:15:00,73.88
2021-09-09 12:30:00,74.04
2021-09-09 12:45:00,74.04
2021-09-09 13:00:00,73.96
2021-09-09 13:15:00,73.88
2021-09-09 13:30:00,73.73
2021-09-09 13:45:00,73.84
2021-09-09 14:00:00,73.91
2021-09-09 14:15:00,73.95
2021-09-09 14:30:00,74.1
2021-09-09 14:45:00,74.24
2021-09-09 15:00:00,74.16
2021-09-09 15:15:00,74.08
2021-09-09 15:30:00,73.96
2021-09-09 15:45:00,73.96
2021-09-09 16:00:00,74.05
2021-09-09 16:15:00,74.02
2021-09-09 16:30:00,74.13
2021-09-09 16:45:00,74.16
2021-09-09 17:00:00,74.14
2021-09-09 17:15:00,74.08
2021-09-09 17:30:00,74.08
2021-09-09 17:45:00,74.05
2021-09-09 18:00:00,74.1
2021-09-09 18:15:00,74.0
2021-09-09 18:30:00,73.87
2021-09-09 18:45:00,74.02
2021-09-09 19:00:00,74.15
2021-09-09 19:15:00,74.21
2021-09-09 19:30:00,74.04
2021-09-09 19:45:00,73.81
2021-09-09 20:00:00,73.61
2021-09-09 20:15:00,73.53
2021-09-09 20:30:00,73.59
2021-09-09 20:45:00,73.63
2021-09-09 21:00:00,73.63
2021-09-09 21:15:00,73.53
2021-09-09 21:30:00,73.39
2021-09-09 21:45:00,73.32
2021-09-09 22:00:00,73.2
2021-09-09 22:15:00,73.13
2021-09-09 22:30:00,73.01
2021-09-09 22:45:00,72.93
2021-09-09 23:00:00,72.84
2021-09-09 23:15:00,72.77
2021-09-09 23:30:00,72.73
2021-09-09 23:45:00,72.67
2021-09-10 00:00:00,72.62
2021-09-10 00:15:00,72.59
2021-09-10 00:30:00,72.53
2021-09-10 00:45:00,72.49
2021-09-10 01:00:00,72.45
2021-09-10 01:15:00,72.38
2021-09-10 01:30:00,72.32
2021-09-10 01:45:00,72.29
2021-09-10 02:00:00,72.24
2021-09-10 02:15:00,72.19
2021-09-10 02:30:00,72.14
2021-09-10 02:45:00,72.11
2021-09-10 03:00:00,72.08
2021-09-10 03:15:00,72.02
2021-09-10 03:30:00,71.98
2021-09-10 03:45:00,71.96
2021-09-10 04:00:00,71.91
2021-09-10 04:15:00,71.88
2021-09-10 04:30:00,71.83
2021-09-10 04:45:00,71.79
2021-09-10 05:00:00,71.76
2021-09-10 05:15:00,71.74
2021-09-10 05:30:00,71.72
2021-09-10 05:45:00,71.69
2021-09-10 06:00:00,71.68
2021-09-10 06:15:00,71.65
2021-09-10 06:30:00,71.61
2021-09-10 06:45:00,71.59
2021-09-10 07:00:00,71.54
2021-09-10 07:15:00,71.58
2021-09-10 07:30:00,71.73
2021-09-10 07:45:00,71.83
2021-09-10 08:00:00,71.9
2021-09-10 08:15:00,72.0
2021-09-10 08:30:00,72.21
2021-09-10 08:45:00,72.42
2021-09-10 09:00:00,72.62
2021-09-10 09:15:00,72.93
2021-09-10 09:30:00,73.39
2021-09-10 09:45:00,73.8
2021-09-10 10:00:00,74.19
2021-09-10 10:15:00,74.47
2021-09-10 10:30:00,74.52
2021-09-10 10:45:00,74.59
2021-09-10 11:00:00,74.11
2021-09-10 11:15:00,73.74
2021-09-10 11:30:00,73.52
2021-09-10 11:45:00,73.55
2021-09-10 12:00:00,73.9
2021-09-10 12:15:00,74.0
2021-09-10 12:30:00,73.92
2021-09-10 12:45:00,73.96
2021-09-10 13:00:00,73.97
2021-09-10 13:15:00,73.88
2021-09-10 13:30:00,73.71
2021-09-10 13:45:00,73.68
2021-09-10 14:00:00,73.68
2021-09-10 14:15:00,73.83
2021-09-10 14:30:00,74.08
2021-09-10 14:45:00,74.19
2021-09-10 15:00:00,74.16
2021-09-10 15:15:00,74.02
2021-09-10 15:30:00,73.98
2021-09-10 15:45:00,73.98
2021-09-10 16:00:00,74.05
2021-09-10 16:15:00,74.09
2021-09-10 16:30:00,74.1
2021-09-10 16:45:00,74.09
2021-09-10 17:00:00,74.15
2021-09-10 17:15:00,74.18
2021-09-10 17:30:00,74.15
2021-09-10 17:45:00,74.39
2021-09-10 18:00:00,74.58
2021-09-10 18:15:00,74.21
2021-09-10 18:30:00,73.37
2021-09-10 18:45:00,73.01
2021-09-10 19:00:00,73.17
2021-09-10 19:15:00,73.26
2021-09-10 19:30:00,73.15
2021-09-10 19:45:00,73.0
2021-09-10 20:00:00,72.88
2021-09-10 20:15:00,72.84
2021-09-10 20:30:00,72.73
2021-09-10 20:45:00,72.69
2021-09-10 21:00:00,72.61
2021-09-10 21:15:00,72.47
2021-09-10 21:30:00,72.36
2021-09-10 21:45:00,72.28
2021-09-10 22:00:00,72.24
2021-09-10 22:15:00,72.19
2021-09-10 22:30:00,72.13
2021-09-10 22:45:00,72.11
2021-09-10 23:00:00,72.09
2021-09-10 23:15:00,72.07
2021-09-10 23:30:00,72.05
2021-09-10 23:45:00,72.0
2021-09-11 00:00:00,71.99
2021-09-11 00:15:00,71.95
2021-09-11 00:30:00,71.94
2021-09-11 00:45:00,71.88
2021-09-11 01:00:00,71.84
2021-09-11 01:15:00,71.79
2021-09-11 01:30:00,71.72
2021-09-11 01:45:00,71.69
2021-09-11 02:00:00,71.66
2021-09-11 02:15:00,71.62
2021-09-11 02:30:00,71.59
2021-09-11 02:45:00,71.53
2021-09-11 03:00:00,71.51
2021-09-11 03:15:00,71.41
2021-09-11 03:30:00,71.44
2021-09-11 03:45:00,71.38
2021-09-11 04:00:00,71.32
2021-09-11 04:15:00,71.28
2021-09-11 04:30:00,71.23
2021-09-11 04:45:00,71.2
2021-09-11 05:00:00,71.16
2021-09-11 05:15:00,71.14
2021-09-11 05:30:00,71.1
2021-09-11 05:45:00,71.06
2021-09-11 06:00:00,71.02
2021-09-11 06:15:00,70.98
2021-09-11 06:30:00,70.9
2021-09-11 06:45:00,70.88
2021-09-11 07:00:00,70.85
2021-09-11 07:15:00,70.88
2021-09-11 07:30:00,71.04
2021-09-11 07:45:00,71.22
2021-09-11 08:00:00,71.39
2021-09-11 08:15:00,71.63
2021-09-11 08:30:00,71.88
2021-09-11 08:45:00,72.11
2021-09-11 09:00:00,72.33
2021-09-11 09:15:00,72.66
2021-09-11 09:30:00,73.08
2021-09-11 09:45:00,73.58
2021-09-11 10:00:00,73.95
2021-09-11 10:15:00,74.15
2021-09-11 10:30:00,74.27
2021-09-11 10:45:00,74.29
2021-09-11 11:00:00,74.31
2021-09-11 11:15:00,74.33
2021-09-11 11:30:00,74.53
2021-09-11 11:45:00,74.65
2021-09-11 12:00:00,74.88
2021-09-11 12:15:00,75.2
2021-09-11 12:30:00,75.55
2021-09-11 12:45:00,75.96
2021-09-11 13:00:00,76.38
2021-09-11 13:15:00,76.8
2021-09-11 13:30:00,77.13
2021-09-11 13:45:00,77.45
2021-09-11 14:00:00,77.78
2021-09-11 14:15:00,78.13
2021-09-11 14:30:00,78.51
2021-09-11 14:45:00,78.91
2021-09-11 15:00:00,79.32
2021-09-11 15:15:00,79.71
2021-09-11 15:30:00,79.65
2021-09-11 15:45:00,78.62
2021-09-11 16:00:00,77.23
2021-09-11 16:15:00,75.62
2021-09-11 16:30:00,74.2
2021-09-11 16:45:00,73.41
2021-09-11 17:00:00,73.32
2021-09-11 17:15:00,73.63
2021-09-11 17:30:00,73.84
2021-09-11 17:45:00,73.91
2021-09-11 18:00:00,73.99
2021-09-11 18:15:00,73.91
2021-09-11 18:30:00,73.79
2021-09-11 18:45:00,73.79
2021-09-11 19:00:00,73.9
2021-09-11 19:15:00,73.98
2021-09-11 19:30:00,73.97
2021-09-11 19:45:00,74.03
2021-09-11 20:00:00,74.07
2021-09-11 20:15:00,74.1
2021-09-11 20:30:00,74.13
2021-09-11 20:45:00,74.14
2021-09-11 21:00:00,74.23
2021-09-11 21:15:00,74.13
2021-09-11 21:30:00,74.04
2021-09-11 21:45:00,73.92
2021-09-11 22:00:00,73.78
2021-09-11 22:15:00,73.65
2021-09-11 22:30:00,73.62
2021-09-11 22:45:00,73.56
2021-09-11 23:00:00,73.51
2021-09-11 23:15:00,73.4
2021-09-11 23:30:00,73.32
2021-09-11 23:45:00,73.23
2021-09-12 00:00:00,73.1
2021-09-12 00:15:00,73.0
2021-09-12 00:30:00,72.92
2021-09-12 00:45:00,72.89
2021-09-12 01:00:00,72.85
2021-09-12 01:15:00,72.77
2021-09-12 01:30:00,72.73
2021-09-12 01:45:00,72.64
2021-09-12 02:00:00,72.62
2021-09-12 02:15:00,72.55
2021-09-12 02:30:00,72.51
2021-09-12 02:45:00,72.46
2021-09-12 03:00:00,72.43
2021-09-12 03:15:00,72.34
2021-09-12 03:30:00,72.3
2021-09-12 03:45:00,72.25
2021-09-12 04:00:00,72.23
2021-09-12 04:15:00,72.16
2021-09-12 04:30:00,72.12
2021-09-12 04:45:00,72.05
2021-09-12 05:00:00,72.01
2021-09-12 05:15:00,71.95
2021-09-12 05:30:00,71.9
2021-09-12 05:45:00,71.86
2021-09-12 06:00:00,71.85
2021-09-12 06:15:00,71.77
2021-09-12 06:30:00,71.75
2021-09-12 06:45:00,71.69
2021-09-12 07:00:00,71.62
2021-09-12 07:15:00,71.68
2021-09-12 07:30:00,71.8
2021-09-12 07:45:00,71.97
2021-09-12 08:00:00,72.09
2021-09-12 08:15:00,72.2
2021-09-12 08:30:00,72.42
2021-09-12 08:45:00,72.61
2021-09-12 09:00:00,72.83
2021-09-12 09:15:00,73.18
2021-09-12 09:30:00,73.61
2021-09-12 09:45:00,74.14
2021-09-12 10:00:00,74.49
2021-09-12 10:15:00,74.66
2021-09-12 10:30:00,74.21
2021-09-12 10:45:00,73.86
2021-09-12 11:00:00,73.75
2021-09-12 11:15:00,73.5
2021-09-12 11:30:00,73.55
2021-09-12 11:45:00,73.85
2021-09-12 12:00:00,74.08
2021-09-12 12:15:00,74.25
2021-09-12 12:30:00,74.15
2021-09-12 12:45:00,74.0
2021-09-12 13:00:00,73.99
2021-09-12 13:15:00,73.84
2021-09-12 13:30:00,73.83
2021-09-12 13:45:00,73.86
2021-09-12 14:00:00,73.84
2021-09-12 14:15:00,73.88
2021-09-12 14:30:00,74.05
2021-09-12 14:45:00,74.24
2021-09-12 15:00:00,74.21
2021-09-12 15:15:00,74.06
2021-09-12 15:30:00,74.0
2021-09-12 15:45:00,73.97
2021-09-12 16:00:00,73.93
2021-09-12 16:15:00,73.98
2021-09-12 16:30:00,74.0
2021-09-12 16:45:00,74.05
2021-09-12 17:00:00,74.06
2021-09-12 17:15:00,74.11
2021-09-12 17:30:00,74.09
2021-09-12 17:45:00,74.08
2021-09-12 18:00:00,74.09
2021-09-12 18:15:00,73.94
2021-09-12 18:30:00,73.89
2021-09-12 18:45:00,74.04
2021-09-12 19:00:00,74.16
2021-09-12 19:15:00,74.11
2021-09-12 19:30:00,73.9
2021-09-12 19:45:00,73.76
2021-09-12 20:00:00,73.71
2021-09-12 20:15:00,73.7
2021-09-12 20:30:00,73.74
2021-09-12 20:45:00,73.74
2021-09-12 21:00:00,73.74
2021-09-12 21:15:00,73.62
2021-09-12 21:30:00,73.47
2021-09-12 21:45:00,73.39
2021-09-12 22:00:00,73.25
2021-09-12 22:15:00,73.15
2021-09-12 22:30:00,73.08
2021-09-12 22:45:00,72.99
2021-09-12 23:00:00,72.92
2021-09-12 23:15:00,72.84
2021-09-12 23:30:00,72.8
2021-09-12 23:45:00,72.69
2021-09-13 00:00:00,72.62
2021-09-13 00:15:00,72.56
2021-09-13 00:30:00,72.47
2021-09-13 00:45:00,72.42
2021-09-13 01:00:00,72.38
2021-09-13 01:15:00,72.37
2021-09-13 01:30:00,72.3
2021-09-13 01:45:00,72.29
2021-09-13 02:00:00,72.27
2021-09-13 02:15:00,72.19
2021-09-13 02:30:00,72.11
2021-09-13 02:45:00,72.06
2021-09-13 03:00:00,72.0
2021-09-13 03:15:00,71.94
2021-09-13 03:30:00,71.89
2021-09-13 03:45:00,71.87
2021-09-13 04:00:00,71.75
2021-09-13 04:15:00,71.77
2021-09-13 04:30:00,71.71
2021-09-13 04:45:00,71.68
2021-09-13 05:00:00,71.61
2021-09-13 05:15:00,71.5
2021-09-13 05:30:00,71.22
2021-09-13 05:45:00,70.83
2021-09-13 06:00:00,70.57
2021-09-13 06:15:00,70.3
2021-09-13 06:30:00,70.1
2021-09-13 06:45:00,69.82
2021-09-13 07:00:00,69.63
2021-09-13 07:15:00,69.98
2021-09-13 07:30:00,70.15
2021-09-13 07:45:00,70.02
2021-09-13 08:00:00,70.0
2021-09-13 08:15:00,70.1
2021-09-13 08:30:00,70.17
2021-09-13 08:45:00,70.34
2021-09-13 09:00:00,70.44
2021-09-13 09:15:00,70.62
2021-09-13 09:30:00,70.99
2021-09-13 09:45:00,71.31
2021-09-13 10:00:00,71.64
2021-09-13 10:15:00,71.94
2021-09-13 10:30:00,72.17
2021-09-13 10:45:00,72.37
2021-09-13 11:00:00,72.56
2021-09-13 11:15:00,72.74
2021-09-13 11:30:00,72.88
2021-09-13 11:45:00,73.01
2021-09-13 12:00:00,73.16
2021-09-13 12:15:00,73.26
2021-09-13 12:30:00,73.35
2021-09-13 12:45:00,73.44
2021-09-13 13:00:00,73.53
2021-09-13 13:15:00,73.55
2021-09-13 13:30:00,73.36
2021-09-13 13:45:00,73.23
2021-09-13 14:00:00,73.06
2021-09-13 14:15:00,73.05
2021-09-13 14:30:00,73.2
2021-09-13 14:45:00,73.42
2021-09-13 15:00:00,73.67
2021-09-13 15:15:00,73.85
2021-09-13 15:30:00,73.99
2021-09-13 15:45:00,74.12
2021-09-13 16:00:00,74.25
2021-09-13 16:15:00,74.33
2021-09-13 16:30:00,74.43
2021-09-13 16:45:00,74.51
2021-09-13 17:00:00,74.6
2021-09-13 17:15:00,74.61
2021-09-13 17:30:00,74.64
2021-09-13 17:45:00,74.64
2021-09-13 18:00:00,74.66
2021-09-13 18:15:00,74.07
2021-09-13 18:30:00,73.72
2021-09-13 18:45:00,73.76
2021-09-13 19:00:00,73.66
2021-09-13 19:15:00,73.46
2021-09-13 19:30:00,73.1
2021-09-13 19:45:00,72.86
2021-09-13 20:00:00,72.8
2021-09-13 20:15:00,72.8
2021-09-13 20:30:00,72.69
2021-09-13 20:45:00,72.56
2021-09-13 21:00:00,72.37
2021-09-13 21:15:00,72.05
2021-09-13 21:30:00,71.71
2021-09-13 21:45:00,71.39
2021-09-13 22:00:00,71.16
2021-09-13 22:15:00,70.87
2021-09-13 22:30:00,70.68
2021-09-13 22:45:00,70.5
2021-09-13 23:00:00,70.29
2021-09-13 23:15:00,70.08
2021-09-13 23:30:00,69.91
2021-09-13 23:45:00,69.71
