datetime,1A-VAV3-DischargeAirTemp
2021-08-14 23:45:00,55.82
2021-08-15 00:00:00,55.94
2021-08-15 00:15:00,55.74
2021-08-15 00:30:00,55.92
2021-08-15 00:45:00,55.81
2021-08-15 01:00:00,55.94
2021-08-15 01:15:00,55.84
2021-08-15 01:30:00,55.7
2021-08-15 01:45:00,55.76
2021-08-15 02:00:00,55.87
2021-08-15 02:15:00,55.62
2021-08-15 02:30:00,55.49
2021-08-15 02:45:00,55.34
2021-08-15 03:00:00,55.58
2021-08-15 03:15:00,55.61
2021-08-15 03:30:00,55.34
2021-08-15 03:45:00,55.43
2021-08-15 04:00:00,55.56
2021-08-15 04:15:00,55.58
2021-08-15 04:30:00,55.56
2021-08-15 04:45:00,55.52
2021-08-15 05:00:00,55.68
2021-08-15 05:15:00,55.54
2021-08-15 05:30:00,55.72
2021-08-15 05:45:00,56.27
2021-08-15 06:00:00,56.1
2021-08-15 06:15:00,88.45
2021-08-15 06:30:00,76.07
2021-08-15 06:45:00,85.37
2021-08-15 07:00:00,78.79
2021-08-15 07:15:00,90.04
2021-08-15 07:30:00,78.35
2021-08-15 07:45:00,88.7
2021-08-15 08:00:00,77.3
2021-08-15 08:15:00,85.1
2021-08-15 08:30:00,85.51
2021-08-15 08:45:00,85.4
2021-08-15 09:00:00,63.01
2021-08-15 09:15:00,56.57
2021-08-15 09:30:00,56.38
2021-08-15 09:45:00,56.2
2021-08-15 10:00:00,55.92
2021-08-15 10:15:00,56.07
2021-08-15 10:30:00,55.76
2021-08-15 10:45:00,55.76
2021-08-15 11:00:00,55.64
2021-08-15 11:15:00,55.41
2021-08-15 11:30:00,55.4
2021-08-15 11:45:00,55.4
2021-08-15 12:00:00,54.7
2021-08-15 12:15:00,54.51
2021-08-15 12:30:00,54.51
2021-08-15 12:45:00,54.31
2021-08-15 13:00:00,54.09
2021-08-15 13:15:00,54.19
2021-08-15 13:30:00,54.62
2021-08-15 13:45:00,54.28
2021-08-15 14:00:00,53.95
2021-08-15 14:15:00,53.93
2021-08-15 14:30:00,53.69
2021-08-15 14:45:00,53.98
2021-08-15 15:00:00,54.23
2021-08-15 15:15:00,53.92
2021-08-15 15:30:00,54.16
2021-08-15 15:45:00,54.56
2021-08-15 16:00:00,54.69
2021-08-15 16:15:00,54.81
2021-08-15 16:30:00,54.62
2021-08-15 16:45:00,54.69
2021-08-15 17:00:00,54.96
2021-08-15 17:15:00,55.29
2021-08-15 17:30:00,55.65
2021-08-15 17:45:00,55.95
2021-08-15 18:00:00,55.67
2021-08-15 18:15:00,56.17
2021-08-15 18:30:00,56.31
2021-08-15 18:45:00,56.47
2021-08-15 19:00:00,56.41
2021-08-15 19:15:00,56.41
2021-08-15 19:30:00,57.54
2021-08-15 19:45:00,60.52
2021-08-15 20:00:00,61.76
2021-08-15 20:15:00,59.77
2021-08-15 20:30:00,59.33
2021-08-15 20:45:00,58.78
2021-08-15 21:00:00,60.16
2021-08-15 21:15:00,66.44
2021-08-15 21:30:00,69.68
2021-08-15 21:45:00,70.21
2021-08-15 22:00:00,71.2
2021-08-15 22:15:00,57.39
2021-08-15 22:30:00,56.82
2021-08-15 22:45:00,56.53
2021-08-15 23:00:00,56.41
2021-08-15 23:15:00,56.23
2021-08-15 23:30:00,56.34
2021-08-15 23:45:00,56.13
2021-08-16 00:00:00,56.02
2021-08-16 00:15:00,55.94
2021-08-16 00:30:00,55.79
2021-08-16 00:45:00,56.02
2021-08-16 01:00:00,55.87
2021-08-16 01:15:00,55.83
2021-08-16 01:30:00,55.81
2021-08-16 01:45:00,55.85
2021-08-16 02:00:00,55.58
2021-08-16 02:15:00,55.52
2021-08-16 02:30:00,55.66
2021-08-16 02:45:00,55.76
2021-08-16 03:00:00,55.41
2021-08-16 03:15:00,55.33
2021-08-16 03:30:00,55.58
2021-08-16 03:45:00,55.61
2021-08-16 04:00:00,55.65
2021-08-16 04:15:00,55.31
2021-08-16 04:30:00,55.52
2021-08-16 04:45:00,55.46
2021-08-16 05:00:00,55.48
2021-08-16 05:15:00,56.09
2021-08-16 05:30:00,55.98
2021-08-16 05:45:00,57.18
2021-08-16 06:00:00,55.56
2021-08-16 06:15:00,85.71
2021-08-16 06:30:00,77.57
2021-08-16 06:45:00,79.64
2021-08-16 07:00:00,86.24
2021-08-16 07:15:00,78.15
2021-08-16 07:30:00,87.43
2021-08-16 07:45:00,79.61
2021-08-16 08:00:00,81.27
2021-08-16 08:15:00,87.24
2021-08-16 08:30:00,79.14
2021-08-16 08:45:00,89.58
2021-08-16 09:00:00,89.85
2021-08-16 09:15:00,56.84
2021-08-16 09:30:00,56.51
2021-08-16 09:45:00,56.48
2021-08-16 10:00:00,56.69
2021-08-16 10:15:00,56.38
2021-08-16 10:30:00,55.84
2021-08-16 10:45:00,55.84
2021-08-16 11:00:00,55.66
2021-08-16 11:15:00,55.76
2021-08-16 11:30:00,55.3
2021-08-16 11:45:00,55.22
2021-08-16 12:00:00,55.34
2021-08-16 12:15:00,55.05
2021-08-16 12:30:00,54.27
2021-08-16 12:45:00,
2021-08-16 13:00:00,
2021-08-16 13:15:00,
2021-08-16 13:30:00,
2021-08-16 13:45:00,
2021-08-16 14:00:00,
2021-08-16 14:15:00,
2021-08-16 14:30:00,
2021-08-16 14:45:00,
2021-08-16 15:00:00,
2021-08-16 15:15:00,
2021-08-16 15:30:00,
2021-08-16 15:45:00,
2021-08-16 16:00:00,
2021-08-16 16:15:00,
2021-08-16 16:30:00,
2021-08-16 16:45:00,
2021-08-16 17:00:00,
2021-08-16 17:15:00,
2021-08-16 17:30:00,
2021-08-16 17:45:00,
2021-08-16 18:00:00,
2021-08-16 18:15:00,
2021-08-16 18:30:00,
2021-08-16 18:45:00,
2021-08-16 19:00:00,
2021-08-16 19:15:00,
2021-08-16 19:30:00,
2021-08-16 19:45:00,
2021-08-16 20:00:00,
2021-08-16 20:15:00,
2021-08-16 20:30:00,
2021-08-16 20:45:00,
2021-08-16 21:00:00,
2021-08-16 21:15:00,
2021-08-16 21:30:00,
2021-08-16 21:45:00,
2021-08-16 22:00:00,
2021-08-16 22:15:00,
2021-08-16 22:30:00,
2021-08-16 22:45:00,
2021-08-16 23:00:00,
2021-08-16 23:15:00,
2021-08-16 23:30:00,
2021-08-16 23:45:00,
2021-08-17 00:00:00,
2021-08-17 00:15:00,
2021-08-17 00:30:00,
2021-08-17 00:45:00,
2021-08-17 01:00:00,
2021-08-17 01:15:00,
2021-08-17 01:30:00,
2021-08-17 01:45:00,
2021-08-17 02:00:00,
2021-08-17 02:15:00,
2021-08-17 02:30:00,
2021-08-17 02:45:00,
2021-08-17 03:00:00,
2021-08-17 03:15:00,
2021-08-17 03:30:00,
2021-08-17 03:45:00,
2021-08-17 04:00:00,
2021-08-17 04:15:00,
2021-08-17 04:30:00,
2021-08-17 04:45:00,
2021-08-17 05:00:00,
2021-08-17 05:15:00,
2021-08-17 05:30:00,
2021-08-17 05:45:00,
2021-08-17 06:00:00,
2021-08-17 06:15:00,
2021-08-17 06:30:00,
2021-08-17 06:45:00,
2021-08-17 07:00:00,
2021-08-17 07:15:00,
2021-08-17 07:30:00,
2021-08-17 07:45:00,
2021-08-17 08:00:00,
2021-08-17 08:15:00,
2021-08-17 08:30:00,
2021-08-17 08:45:00,
2021-08-17 09:00:00,
2021-08-17 09:15:00,
2021-08-17 09:30:00,
2021-08-17 09:45:00,
2021-08-17 10:00:00,
2021-08-17 10:15:00,
2021-08-17 10:30:00,
2021-08-17 10:45:00,
2021-08-17 11:00:00,
2021-08-17 11:15:00,
2021-08-17 11:30:00,
2021-08-17 11:45:00,
2021-08-17 12:00:00,
2021-08-17 12:15:00,
2021-08-17 12:30:00,
2021-08-17 12:45:00,
2021-08-17 13:00:00,
2021-08-17 13:15:00,
2021-08-17 13:30:00,
2021-08-17 13:45:00,
2021-08-17 14:00:00,
2021-08-17 14:15:00,
2021-08-17 14:30:00,
2021-08-17 14:45:00,
2021-08-17 15:00:00,
2021-08-17 15:15:00,
2021-08-17 15:30:00,
2021-08-17 15:45:00,
2021-08-17 16:00:00,
2021-08-17 16:15:00,
2021-08-17 16:30:00,55.8
2021-08-17 16:45:00,55.71
2021-08-17 17:00:00,59.09
2021-08-17 17:15:00,58.23
2021-08-17 17:30:00,58.03
2021-08-17 17:45:00,58.21
2021-08-17 18:00:00,58.05
2021-08-17 18:15:00,56.77
2021-08-17 18:30:00,57.27
2021-08-17 18:45:00,57.27
2021-08-17 19:00:00,60.31
2021-08-17 19:15:00,61.54
2021-08-17 19:30:00,61.57
2021-08-17 19:45:00,61.17
2021-08-17 20:00:00,60.32
2021-08-17 20:15:00,
2021-08-17 20:30:00,
2021-08-17 20:45:00,
2021-08-17 21:00:00,
2021-08-17 21:15:00,
2021-08-17 21:30:00,
2021-08-17 21:45:00,
2021-08-17 22:00:00,
2021-08-17 22:15:00,
2021-08-17 22:30:00,
2021-08-17 22:45:00,
2021-08-17 23:00:00,
2021-08-17 23:15:00,
2021-08-17 23:30:00,
2021-08-17 23:45:00,
2021-08-18 00:00:00,
2021-08-18 00:15:00,
2021-08-18 00:30:00,
2021-08-18 00:45:00,
2021-08-18 01:00:00,
2021-08-18 01:15:00,
2021-08-18 01:30:00,
2021-08-18 01:45:00,
2021-08-18 02:00:00,
2021-08-18 02:15:00,
2021-08-18 02:30:00,
2021-08-18 02:45:00,
2021-08-18 03:00:00,
2021-08-18 03:15:00,
2021-08-18 03:30:00,
2021-08-18 03:45:00,
2021-08-18 04:00:00,
2021-08-18 04:15:00,
2021-08-18 04:30:00,
2021-08-18 04:45:00,
2021-08-18 05:00:00,
2021-08-18 05:15:00,
2021-08-18 05:30:00,
2021-08-18 05:45:00,
2021-08-18 06:00:00,
2021-08-18 06:15:00,
2021-08-18 06:30:00,
2021-08-18 06:45:00,
2021-08-18 07:00:00,
2021-08-18 07:15:00,
2021-08-18 07:30:00,
2021-08-18 07:45:00,
2021-08-18 08:00:00,
2021-08-18 08:15:00,
2021-08-18 08:30:00,
2021-08-18 08:45:00,
2021-08-18 09:00:00,
2021-08-18 09:15:00,60.24
2021-08-18 09:30:00,56.5
2021-08-18 09:45:00,56.59
2021-08-18 10:00:00,56.66
2021-08-18 10:15:00,56.56
2021-08-18 10:30:00,56.82
2021-08-18 10:45:00,56.36
2021-08-18 11:00:00,56.24
2021-08-18 11:15:00,55.98
2021-08-18 11:30:00,55.8
2021-08-18 11:45:00,55.69
2021-08-18 12:00:00,55.58
2021-08-18 12:15:00,55.09
2021-08-18 12:30:00,54.97
2021-08-18 12:45:00,54.87
2021-08-18 13:00:00,55.07
2021-08-18 13:15:00,54.51
2021-08-18 13:30:00,54.52
2021-08-18 13:45:00,54.69
2021-08-18 14:00:00,54.87
2021-08-18 14:15:00,55.62
2021-08-18 14:30:00,55.8
2021-08-18 14:45:00,56.19
2021-08-18 15:00:00,56.23
2021-08-18 15:15:00,56.18
2021-08-18 15:30:00,56.55
2021-08-18 15:45:00,56.54
2021-08-18 16:00:00,56.32
2021-08-18 16:15:00,57.47
2021-08-18 16:30:00,56.68
2021-08-18 16:45:00,56.38
2021-08-18 17:00:00,56.81
2021-08-18 17:15:00,56.65
2021-08-18 17:30:00,56.87
2021-08-18 17:45:00,56.65
2021-08-18 18:00:00,59.21
2021-08-18 18:15:00,57.78
2021-08-18 18:30:00,58.14
2021-08-18 18:45:00,58.25
2021-08-18 19:00:00,58.07
2021-08-18 19:15:00,57.71
2021-08-18 19:30:00,57.56
2021-08-18 19:45:00,57.38
2021-08-18 20:00:00,57.28
2021-08-18 20:15:00,57.24
2021-08-18 20:30:00,57.24
2021-08-18 20:45:00,57.45
2021-08-18 21:00:00,63.51
2021-08-18 21:15:00,70.56
2021-08-18 21:30:00,69.94
2021-08-18 21:45:00,71.25
2021-08-18 22:00:00,72.22
2021-08-18 22:15:00,56.79
2021-08-18 22:30:00,56.36
2021-08-18 22:45:00,56.23
2021-08-18 23:00:00,56.26
2021-08-18 23:15:00,56.29
2021-08-18 23:30:00,55.87
2021-08-18 23:45:00,55.87
2021-08-19 00:00:00,55.96
2021-08-19 00:15:00,55.71
2021-08-19 00:30:00,55.94
2021-08-19 00:45:00,55.64
2021-08-19 01:00:00,55.64
2021-08-19 01:15:00,55.36
2021-08-19 01:30:00,55.62
2021-08-19 01:45:00,55.49
2021-08-19 02:00:00,55.56
2021-08-19 02:15:00,55.41
2021-08-19 02:30:00,55.43
2021-08-19 02:45:00,55.43
2021-08-19 03:00:00,55.37
2021-08-19 03:15:00,55.34
2021-08-19 03:30:00,55.34
2021-08-19 03:45:00,55.3
2021-08-19 04:00:00,55.34
2021-08-19 04:15:00,55.2
2021-08-19 04:30:00,55.36
2021-08-19 04:45:00,55.44
2021-08-19 05:00:00,55.4
2021-08-19 05:15:00,55.7
2021-08-19 05:30:00,55.67
2021-08-19 05:45:00,55.67
2021-08-19 06:00:00,55.77
2021-08-19 06:15:00,88.17
2021-08-19 06:30:00,76.69
2021-08-19 06:45:00,86.61
2021-08-19 07:00:00,78.19
2021-08-19 07:15:00,85.74
2021-08-19 07:30:00,82.03
2021-08-19 07:45:00,83.37
2021-08-19 08:00:00,76.92
2021-08-19 08:15:00,88.25
2021-08-19 08:30:00,78.71
2021-08-19 08:45:00,82.77
2021-08-19 09:00:00,73.95
2021-08-19 09:15:00,56.41
2021-08-19 09:30:00,56.27
2021-08-19 09:45:00,56.21
2021-08-19 10:00:00,56.22
2021-08-19 10:15:00,56.47
2021-08-19 10:30:00,56.48
2021-08-19 10:45:00,56.32
2021-08-19 11:00:00,55.81
2021-08-19 11:15:00,55.61
2021-08-19 11:30:00,55.87
2021-08-19 11:45:00,56.0
2021-08-19 12:00:00,55.58
2021-08-19 12:15:00,54.82
2021-08-19 12:30:00,54.43
2021-08-19 12:45:00,54.45
2021-08-19 13:00:00,54.51
2021-08-19 13:15:00,54.63
2021-08-19 13:30:00,54.63
2021-08-19 13:45:00,55.0
2021-08-19 14:00:00,55.02
2021-08-19 14:15:00,56.09
2021-08-19 14:30:00,56.2
2021-08-19 14:45:00,56.2
2021-08-19 15:00:00,56.23
2021-08-19 15:15:00,56.15
2021-08-19 15:30:00,56.1
2021-08-19 15:45:00,56.34
2021-08-19 16:00:00,56.04
2021-08-19 16:15:00,56.03
2021-08-19 16:30:00,56.0
2021-08-19 16:45:00,56.11
2021-08-19 17:00:00,56.33
2021-08-19 17:15:00,56.47
2021-08-19 17:30:00,57.54
2021-08-19 17:45:00,60.1
2021-08-19 18:00:00,58.68
2021-08-19 18:15:00,57.78
2021-08-19 18:30:00,58.25
2021-08-19 18:45:00,57.89
2021-08-19 19:00:00,57.56
2021-08-19 19:15:00,57.43
2021-08-19 19:30:00,57.41
2021-08-19 19:45:00,57.4
2021-08-19 20:00:00,
2021-08-19 20:15:00,
2021-08-19 20:30:00,
2021-08-19 20:45:00,
2021-08-19 21:00:00,
2021-08-19 21:15:00,
2021-08-19 21:30:00,
2021-08-19 21:45:00,
2021-08-19 22:00:00,
2021-08-19 22:15:00,
2021-08-19 22:30:00,
2021-08-19 22:45:00,
2021-08-19 23:00:00,
2021-08-19 23:15:00,
2021-08-19 23:30:00,
2021-08-19 23:45:00,
2021-08-20 00:00:00,
2021-08-20 00:15:00,
2021-08-20 00:30:00,
2021-08-20 00:45:00,
2021-08-20 01:00:00,
2021-08-20 01:15:00,
2021-08-20 01:30:00,
2021-08-20 01:45:00,
2021-08-20 02:00:00,
2021-08-20 02:15:00,
2021-08-20 02:30:00,
2021-08-20 02:45:00,
2021-08-20 03:00:00,
2021-08-20 03:15:00,
2021-08-20 03:30:00,
2021-08-20 03:45:00,
2021-08-20 04:00:00,
2021-08-20 04:15:00,
2021-08-20 04:30:00,
2021-08-20 04:45:00,
2021-08-20 05:00:00,
2021-08-20 05:15:00,
2021-08-20 05:30:00,
2021-08-20 05:45:00,
2021-08-20 06:00:00,
2021-08-20 06:15:00,
2021-08-20 06:30:00,
2021-08-20 06:45:00,
2021-08-20 07:00:00,
2021-08-20 07:15:00,
2021-08-20 07:30:00,
2021-08-20 07:45:00,
2021-08-20 08:00:00,
2021-08-20 08:15:00,
2021-08-20 08:30:00,
2021-08-20 08:45:00,70.75
2021-08-20 09:00:00,66.55
2021-08-20 09:15:00,63.79
2021-08-20 09:30:00,61.16
2021-08-20 09:45:00,59.6
2021-08-20 10:00:00,58.94
2021-08-20 10:15:00,58.16
2021-08-20 10:30:00,57.71
2021-08-20 10:45:00,57.65
2021-08-20 11:00:00,57.54
2021-08-20 11:15:00,56.91
2021-08-20 11:30:00,56.61
2021-08-20 11:45:00,56.65
2021-08-20 12:00:00,56.65
2021-08-20 12:15:00,56.23
2021-08-20 12:30:00,55.67
2021-08-20 12:45:00,55.33
2021-08-20 13:00:00,55.49
2021-08-20 13:15:00,55.76
2021-08-20 13:30:00,56.12
2021-08-20 13:45:00,56.51
2021-08-20 14:00:00,56.49
2021-08-20 14:15:00,56.5
2021-08-20 14:30:00,56.47
2021-08-20 14:45:00,56.41
2021-08-20 15:00:00,56.34
2021-08-20 15:15:00,56.65
2021-08-20 15:30:00,56.74
2021-08-20 15:45:00,56.65
2021-08-20 16:00:00,56.7
2021-08-20 16:15:00,56.52
2021-08-20 16:30:00,56.65
2021-08-20 16:45:00,56.47
2021-08-20 17:00:00,56.56
2021-08-20 17:15:00,56.38
2021-08-20 17:30:00,56.51
2021-08-20 17:45:00,56.29
2021-08-20 18:00:00,56.47
2021-08-20 18:15:00,56.45
2021-08-20 18:30:00,56.22
2021-08-20 18:45:00,56.3
2021-08-20 19:00:00,56.19
2021-08-20 19:15:00,56.35
2021-08-20 19:30:00,56.82
2021-08-20 19:45:00,62.99
2021-08-20 20:00:00,65.19
2021-08-20 20:15:00,67.78
2021-08-20 20:30:00,69.06
2021-08-20 20:45:00,70.12
2021-08-20 21:00:00,70.26
2021-08-20 21:15:00,73.13
2021-08-20 21:30:00,73.49
2021-08-20 21:45:00,73.55
2021-08-20 22:00:00,75.22
2021-08-20 22:15:00,58.45
2021-08-20 22:30:00,59.8
2021-08-20 22:45:00,60.35
2021-08-20 23:00:00,61.09
2021-08-20 23:15:00,61.87
2021-08-20 23:30:00,62.52
2021-08-20 23:45:00,63.01
2021-08-21 00:00:00,63.47
2021-08-21 00:15:00,63.9
2021-08-21 00:30:00,64.27
2021-08-21 00:45:00,64.54
2021-08-21 01:00:00,64.83
2021-08-21 01:15:00,65.15
2021-08-21 01:30:00,65.39
2021-08-21 01:45:00,65.56
2021-08-21 02:00:00,65.74
2021-08-21 02:15:00,65.92
2021-08-21 02:30:00,66.11
2021-08-21 02:45:00,66.22
2021-08-21 03:00:00,66.44
2021-08-21 03:15:00,66.77
2021-08-21 03:30:00,67.29
2021-08-21 03:45:00,67.7
2021-08-21 04:00:00,68.16
2021-08-21 04:15:00,68.5
2021-08-21 04:30:00,68.64
2021-08-21 04:45:00,68.36
2021-08-21 05:00:00,67.91
2021-08-21 05:15:00,65.3
2021-08-21 05:30:00,62.08
2021-08-21 05:45:00,59.81
2021-08-21 06:00:00,58.27
2021-08-21 06:15:00,71.9
2021-08-21 06:30:00,67.85
2021-08-21 06:45:00,69.75
2021-08-21 07:00:00,69.3
2021-08-21 07:15:00,78.79
2021-08-21 07:30:00,90.23
2021-08-21 07:45:00,76.92
2021-08-21 08:00:00,90.14
2021-08-21 08:15:00,77.17
2021-08-21 08:30:00,90.76
2021-08-21 08:45:00,77.76
2021-08-21 09:00:00,106.05
2021-08-21 09:15:00,57.08
2021-08-21 09:30:00,56.45
2021-08-21 09:45:00,56.45
2021-08-21 10:00:00,56.26
2021-08-21 10:15:00,56.33
2021-08-21 10:30:00,56.5
2021-08-21 10:45:00,56.16
2021-08-21 11:00:00,56.04
2021-08-21 11:15:00,56.27
2021-08-21 11:30:00,56.47
2021-08-21 11:45:00,56.11
2021-08-21 12:00:00,56.34
2021-08-21 12:15:00,56.11
2021-08-21 12:30:00,56.2
2021-08-21 12:45:00,56.06
2021-08-21 13:00:00,56.01
2021-08-21 13:15:00,55.98
2021-08-21 13:30:00,55.91
2021-08-21 13:45:00,56.23
2021-08-21 14:00:00,56.14
2021-08-21 14:15:00,56.11
2021-08-21 14:30:00,55.98
2021-08-21 14:45:00,56.27
2021-08-21 15:00:00,56.53
2021-08-21 15:15:00,56.31
2021-08-21 15:30:00,56.29
2021-08-21 15:45:00,56.47
2021-08-21 16:00:00,56.35
2021-08-21 16:15:00,56.56
2021-08-21 16:30:00,56.29
2021-08-21 16:45:00,56.11
2021-08-21 17:00:00,56.41
2021-08-21 17:15:00,56.58
2021-08-21 17:30:00,56.75
2021-08-21 17:45:00,56.56
2021-08-21 18:00:00,56.49
2021-08-21 18:15:00,56.57
2021-08-21 18:30:00,56.58
2021-08-21 18:45:00,56.29
2021-08-21 19:00:00,57.05
2021-08-21 19:15:00,64.52
2021-08-21 19:30:00,69.8
2021-08-21 19:45:00,72.25
2021-08-21 20:00:00,72.57
2021-08-21 20:15:00,74.06
2021-08-21 20:30:00,74.03
2021-08-21 20:45:00,74.77
2021-08-21 21:00:00,76.22
2021-08-21 21:15:00,80.6
2021-08-21 21:30:00,84.68
2021-08-21 21:45:00,85.74
2021-08-21 22:00:00,84.95
2021-08-21 22:15:00,58.43
2021-08-21 22:30:00,59.63
2021-08-21 22:45:00,60.38
2021-08-21 23:00:00,61.09
2021-08-21 23:15:00,61.76
2021-08-21 23:30:00,62.29
2021-08-21 23:45:00,62.74
2021-08-22 00:00:00,63.14
2021-08-22 00:15:00,63.54
2021-08-22 00:30:00,63.81
2021-08-22 00:45:00,64.09
2021-08-22 01:00:00,64.34
2021-08-22 01:15:00,64.58
2021-08-22 01:30:00,65.61
2021-08-22 01:45:00,65.92
2021-08-22 02:00:00,66.08
2021-08-22 02:15:00,66.21
2021-08-22 02:30:00,66.23
2021-08-22 02:45:00,66.3
2021-08-22 03:00:00,66.37
2021-08-22 03:15:00,66.72
2021-08-22 03:30:00,66.99
2021-08-22 03:45:00,67.32
2021-08-22 04:00:00,67.68
2021-08-22 04:15:00,67.97
2021-08-22 04:30:00,68.34
2021-08-22 04:45:00,68.56
2021-08-22 05:00:00,68.88
2021-08-22 05:15:00,64.11
2021-08-22 05:30:00,61.51
2021-08-22 05:45:00,59.71
2021-08-22 06:00:00,58.74
2021-08-22 06:15:00,80.74
2021-08-22 06:30:00,85.49
2021-08-22 06:45:00,66.39
2021-08-22 07:00:00,70.1
2021-08-22 07:15:00,81.24
2021-08-22 07:30:00,84.11
2021-08-22 07:45:00,80.33
2021-08-22 08:00:00,82.91
2021-08-22 08:15:00,85.38
2021-08-22 08:30:00,80.92
2021-08-22 08:45:00,81.65
2021-08-22 09:00:00,84.8
2021-08-22 09:15:00,60.18
2021-08-22 09:30:00,56.78
2021-08-22 09:45:00,56.69
2021-08-22 10:00:00,56.45
2021-08-22 10:15:00,56.53
2021-08-22 10:30:00,56.41
2021-08-22 10:45:00,56.44
2021-08-22 11:00:00,56.48
2021-08-22 11:15:00,56.34
2021-08-22 11:30:00,56.29
2021-08-22 11:45:00,56.5
2021-08-22 12:00:00,56.47
2021-08-22 12:15:00,56.65
2021-08-22 12:30:00,56.56
2021-08-22 12:45:00,55.94
2021-08-22 13:00:00,56.01
2021-08-22 13:15:00,55.52
2021-08-22 13:30:00,55.16
2021-08-22 13:45:00,54.51
2021-08-22 14:00:00,54.45
2021-08-22 14:15:00,55.58
2021-08-22 14:30:00,55.76
2021-08-22 14:45:00,55.87
2021-08-22 15:00:00,55.97
2021-08-22 15:15:00,56.17
2021-08-22 15:30:00,56.15
2021-08-22 15:45:00,55.56
2021-08-22 16:00:00,55.58
2021-08-22 16:15:00,55.62
2021-08-22 16:30:00,55.64
2021-08-22 16:45:00,55.87
2021-08-22 17:00:00,56.07
2021-08-22 17:15:00,56.13
2021-08-22 17:30:00,57.21
2021-08-22 17:45:00,56.47
2021-08-22 18:00:00,56.16
2021-08-22 18:15:00,58.74
2021-08-22 18:30:00,57.54
2021-08-22 18:45:00,57.8
2021-08-22 19:00:00,57.92
2021-08-22 19:15:00,57.71
2021-08-22 19:30:00,57.37
2021-08-22 19:45:00,57.39
2021-08-22 20:00:00,57.07
2021-08-22 20:15:00,57.36
2021-08-22 20:30:00,57.11
2021-08-22 20:45:00,56.96
2021-08-22 21:00:00,60.44
2021-08-22 21:15:00,62.37
2021-08-22 21:30:00,65.36
2021-08-22 21:45:00,68.24
2021-08-22 22:00:00,69.74
2021-08-22 22:15:00,58.78
2021-08-22 22:30:00,60.07
2021-08-22 22:45:00,60.96
2021-08-22 23:00:00,61.77
2021-08-22 23:15:00,62.38
2021-08-22 23:30:00,63.01
2021-08-22 23:45:00,63.43
2021-08-23 00:00:00,63.92
2021-08-23 00:15:00,64.28
2021-08-23 00:30:00,64.62
2021-08-23 00:45:00,64.87
2021-08-23 01:00:00,65.14
2021-08-23 01:15:00,65.34
2021-08-23 01:30:00,65.52
2021-08-23 01:45:00,65.76
2021-08-23 02:00:00,65.91
2021-08-23 02:15:00,66.03
2021-08-23 02:30:00,66.32
2021-08-23 02:45:00,66.47
2021-08-23 03:00:00,66.68
2021-08-23 03:15:00,67.06
2021-08-23 03:30:00,67.41
2021-08-23 03:45:00,67.9
2021-08-23 04:00:00,68.3
2021-08-23 04:15:00,68.67
2021-08-23 04:30:00,68.97
2021-08-23 04:45:00,68.97
2021-08-23 05:00:00,68.48
2021-08-23 05:15:00,63.66
2021-08-23 05:30:00,60.44
2021-08-23 05:45:00,59.24
2021-08-23 06:00:00,58.17
2021-08-23 06:15:00,66.55
2021-08-23 06:30:00,66.72
2021-08-23 06:45:00,67.85
2021-08-23 07:00:00,68.46
2021-08-23 07:15:00,86.59
2021-08-23 07:30:00,78.73
2021-08-23 07:45:00,90.01
2021-08-23 08:00:00,76.56
2021-08-23 08:15:00,90.53
2021-08-23 08:30:00,76.83
2021-08-23 08:45:00,89.28
2021-08-23 09:00:00,84.03
2021-08-23 09:15:00,56.67
2021-08-23 09:30:00,56.41
2021-08-23 09:45:00,56.63
2021-08-23 10:00:00,56.48
2021-08-23 10:15:00,56.32
2021-08-23 10:30:00,56.57
2021-08-23 10:45:00,56.65
2021-08-23 11:00:00,56.38
2021-08-23 11:15:00,56.33
2021-08-23 11:30:00,56.29
2021-08-23 11:45:00,56.29
2021-08-23 12:00:00,56.29
2021-08-23 12:15:00,56.29
2021-08-23 12:30:00,56.18
2021-08-23 12:45:00,56.11
2021-08-23 13:00:00,56.16
2021-08-23 13:15:00,56.27
2021-08-23 13:30:00,56.16
2021-08-23 13:45:00,55.96
2021-08-23 14:00:00,56.25
2021-08-23 14:15:00,56.58
2021-08-23 14:30:00,56.65
2021-08-23 14:45:00,57.0
2021-08-23 15:00:00,56.97
2021-08-23 15:15:00,56.9
2021-08-23 15:30:00,56.76
2021-08-23 15:45:00,56.7
2021-08-23 16:00:00,56.91
2021-08-23 16:15:00,57.1
2021-08-23 16:30:00,57.27
2021-08-23 16:45:00,57.05
2021-08-23 17:00:00,57.01
2021-08-23 17:15:00,56.82
2021-08-23 17:30:00,57.0
2021-08-23 17:45:00,56.94
2021-08-23 18:00:00,56.76
2021-08-23 18:15:00,56.65
2021-08-23 18:30:00,56.65
2021-08-23 18:45:00,56.7
2021-08-23 19:00:00,56.47
2021-08-23 19:15:00,56.51
2021-08-23 19:30:00,56.23
2021-08-23 19:45:00,56.49
2021-08-23 20:00:00,58.39
2021-08-23 20:15:00,62.64
2021-08-23 20:30:00,65.21
2021-08-23 20:45:00,67.09
2021-08-23 21:00:00,68.65
2021-08-23 21:15:00,71.86
2021-08-23 21:30:00,73.6
2021-08-23 21:45:00,74.21
2021-08-23 22:00:00,75.86
2021-08-23 22:15:00,58.43
2021-08-23 22:30:00,59.68
2021-08-23 22:45:00,60.52
2021-08-23 23:00:00,61.29
2021-08-23 23:15:00,61.98
2021-08-23 23:30:00,62.52
2021-08-23 23:45:00,63.02
2021-08-24 00:00:00,63.45
2021-08-24 00:15:00,63.81
2021-08-24 00:30:00,64.16
2021-08-24 00:45:00,64.47
2021-08-24 01:00:00,64.79
2021-08-24 01:15:00,64.98
2021-08-24 01:30:00,65.19
2021-08-24 01:45:00,65.41
2021-08-24 02:00:00,65.59
2021-08-24 02:15:00,66.04
2021-08-24 02:30:00,66.25
2021-08-24 02:45:00,66.52
2021-08-24 03:00:00,66.77
2021-08-24 03:15:00,67.05
2021-08-24 03:30:00,67.45
2021-08-24 03:45:00,67.79
2021-08-24 04:00:00,68.15
2021-08-24 04:15:00,68.5
2021-08-24 04:30:00,68.82
2021-08-24 04:45:00,69.04
2021-08-24 05:00:00,69.04
2021-08-24 05:15:00,68.65
2021-08-24 05:30:00,68.06
2021-08-24 05:45:00,67.4
2021-08-24 06:00:00,66.9
2021-08-24 06:15:00,66.55
2021-08-24 06:30:00,66.4
2021-08-24 06:45:00,66.21
2021-08-24 07:00:00,66.07
2021-08-24 07:15:00,80.17
2021-08-24 07:30:00,80.5
2021-08-24 07:45:00,85.62
2021-08-24 08:00:00,81.53
2021-08-24 08:15:00,107.14
2021-08-24 08:30:00,67.23
2021-08-24 08:45:00,66.86
2021-08-24 09:00:00,66.77
2021-08-24 09:15:00,66.67
2021-08-24 09:30:00,66.63
2021-08-24 09:45:00,66.56
2021-08-24 10:00:00,66.61
2021-08-24 10:15:00,66.66
2021-08-24 10:30:00,66.78
2021-08-24 10:45:00,66.83
2021-08-24 11:00:00,66.44
2021-08-24 11:15:00,66.15
2021-08-24 11:30:00,66.12
2021-08-24 11:45:00,65.35
2021-08-24 12:00:00,65.2
2021-08-24 12:15:00,65.41
2021-08-24 12:30:00,63.18
2021-08-24 12:45:00,62.36
2021-08-24 13:00:00,62.47
2021-08-24 13:15:00,63.18
2021-08-24 13:30:00,63.94
2021-08-24 13:45:00,64.96
2021-08-24 14:00:00,65.67
2021-08-24 14:15:00,66.39
2021-08-24 14:30:00,60.81
2021-08-24 14:45:00,56.97
2021-08-24 15:00:00,56.45
2021-08-24 15:15:00,56.29
2021-08-24 15:30:00,55.95
2021-08-24 15:45:00,55.29
2021-08-24 16:00:00,55.36
2021-08-24 16:15:00,55.16
2021-08-24 16:30:00,55.0
2021-08-24 16:45:00,56.76
2021-08-24 17:00:00,56.48
2021-08-24 17:15:00,58.85
2021-08-24 17:30:00,61.09
2021-08-24 17:45:00,63.09
2021-08-24 18:00:00,66.12
2021-08-24 18:15:00,68.7
2021-08-24 18:30:00,
2021-08-24 18:45:00,
2021-08-24 19:00:00,72.18
2021-08-24 19:15:00,70.78
2021-08-24 19:30:00,65.97
2021-08-24 19:45:00,63.21
2021-08-24 20:00:00,62.42
2021-08-24 20:15:00,61.73
2021-08-24 20:30:00,61.68
2021-08-24 20:45:00,61.48
2021-08-24 21:00:00,61.65
2021-08-24 21:15:00,62.05
2021-08-24 21:30:00,62.21
2021-08-24 21:45:00,62.92
2021-08-24 22:00:00,63.27
2021-08-24 22:15:00,63.12
2021-08-24 22:30:00,63.14
2021-08-24 22:45:00,63.65
2021-08-24 23:00:00,64.41
2021-08-24 23:15:00,65.12
2021-08-24 23:30:00,65.62
2021-08-24 23:45:00,66.03
2021-08-25 00:00:00,66.15
2021-08-25 00:15:00,66.16
2021-08-25 00:30:00,66.12
2021-08-25 00:45:00,66.05
2021-08-25 01:00:00,66.01
2021-08-25 01:15:00,66.0
2021-08-25 01:30:00,66.0
2021-08-25 01:45:00,65.97
2021-08-25 02:00:00,65.97
2021-08-25 02:15:00,65.97
2021-08-25 02:30:00,65.97
2021-08-25 02:45:00,65.98
2021-08-25 03:00:00,66.01
2021-08-25 03:15:00,66.04
2021-08-25 03:30:00,66.07
2021-08-25 03:45:00,66.01
2021-08-25 04:00:00,66.01
2021-08-25 04:15:00,66.0
2021-08-25 04:30:00,66.0
2021-08-25 04:45:00,66.0
2021-08-25 05:00:00,65.98
2021-08-25 05:15:00,65.97
2021-08-25 05:30:00,66.03
2021-08-25 05:45:00,66.01
2021-08-25 06:00:00,66.01
2021-08-25 06:15:00,66.03
2021-08-25 06:30:00,65.92
2021-08-25 06:45:00,66.03
2021-08-25 07:00:00,66.03
2021-08-25 07:15:00,86.54
2021-08-25 07:30:00,84.73
2021-08-25 07:45:00,82.02
2021-08-25 08:00:00,81.27
2021-08-25 08:15:00,106.6
2021-08-25 08:30:00,67.16
2021-08-25 08:45:00,66.7
2021-08-25 09:00:00,66.45
2021-08-25 09:15:00,66.32
2021-08-25 09:30:00,66.36
2021-08-25 09:45:00,66.44
2021-08-25 10:00:00,66.61
2021-08-25 10:15:00,66.74
2021-08-25 10:30:00,66.78
2021-08-25 10:45:00,66.77
2021-08-25 11:00:00,66.77
2021-08-25 11:15:00,66.44
2021-08-25 11:30:00,66.25
2021-08-25 11:45:00,66.28
2021-08-25 12:00:00,65.43
2021-08-25 12:15:00,64.46
2021-08-25 12:30:00,61.64
2021-08-25 12:45:00,60.26
2021-08-25 13:00:00,60.24
2021-08-25 13:15:00,60.94
2021-08-25 13:30:00,58.12
2021-08-25 13:45:00,58.08
2021-08-25 14:00:00,55.61
2021-08-25 14:15:00,57.36
2021-08-25 14:30:00,59.85
2021-08-25 14:45:00,60.52
2021-08-25 15:00:00,60.62
2021-08-25 15:15:00,59.87
2021-08-25 15:30:00,59.01
2021-08-25 15:45:00,59.15
2021-08-25 16:00:00,59.81
2021-08-25 16:15:00,60.53
2021-08-25 16:30:00,61.21
2021-08-25 16:45:00,
2021-08-25 17:00:00,
2021-08-25 17:15:00,
2021-08-25 17:30:00,
2021-08-25 17:45:00,
2021-08-25 18:00:00,
2021-08-25 18:15:00,
2021-08-25 18:30:00,
2021-08-25 18:45:00,
2021-08-25 19:00:00,
2021-08-25 19:15:00,
2021-08-25 19:30:00,
2021-08-25 19:45:00,
2021-08-25 20:00:00,
2021-08-25 20:15:00,
2021-08-25 20:30:00,
2021-08-25 20:45:00,
2021-08-25 21:00:00,
2021-08-25 21:15:00,
2021-08-25 21:30:00,
2021-08-25 21:45:00,
2021-08-25 22:00:00,
2021-08-25 22:15:00,
2021-08-25 22:30:00,
2021-08-25 22:45:00,
2021-08-25 23:00:00,
2021-08-25 23:15:00,
2021-08-25 23:30:00,
2021-08-25 23:45:00,
2021-08-26 00:00:00,
2021-08-26 00:15:00,
2021-08-26 00:30:00,
2021-08-26 00:45:00,
2021-08-26 01:00:00,
2021-08-26 01:15:00,
2021-08-26 01:30:00,
2021-08-26 01:45:00,
2021-08-26 02:00:00,
2021-08-26 02:15:00,
2021-08-26 02:30:00,
2021-08-26 02:45:00,
2021-08-26 03:00:00,
2021-08-26 03:15:00,
2021-08-26 03:30:00,
2021-08-26 03:45:00,
2021-08-26 04:00:00,
2021-08-26 04:15:00,
2021-08-26 04:30:00,
2021-08-26 04:45:00,
2021-08-26 05:00:00,
2021-08-26 05:15:00,
2021-08-26 05:30:00,
2021-08-26 05:45:00,
2021-08-26 06:00:00,
2021-08-26 06:15:00,
2021-08-26 06:30:00,
2021-08-26 06:45:00,
2021-08-26 07:00:00,
2021-08-26 07:15:00,
2021-08-26 07:30:00,
2021-08-26 07:45:00,
2021-08-26 08:00:00,
2021-08-26 08:15:00,
2021-08-26 08:30:00,
2021-08-26 08:45:00,
2021-08-26 09:00:00,
2021-08-26 09:15:00,
2021-08-26 09:30:00,
2021-08-26 09:45:00,
2021-08-26 10:00:00,
2021-08-26 10:15:00,
2021-08-26 10:30:00,
2021-08-26 10:45:00,
2021-08-26 11:00:00,
2021-08-26 11:15:00,
2021-08-26 11:30:00,
2021-08-26 11:45:00,
2021-08-26 12:00:00,
2021-08-26 12:15:00,
2021-08-26 12:30:00,
2021-08-26 12:45:00,
2021-08-26 13:00:00,
2021-08-26 13:15:00,
2021-08-26 13:30:00,
2021-08-26 13:45:00,
2021-08-26 14:00:00,
2021-08-26 14:15:00,57.69
2021-08-26 14:30:00,61.14
2021-08-26 14:45:00,58.9
2021-08-26 15:00:00,57.82
2021-08-26 15:15:00,57.36
2021-08-26 15:30:00,57.23
2021-08-26 15:45:00,57.16
2021-08-26 16:00:00,58.44
2021-08-26 16:15:00,59.13
2021-08-26 16:30:00,59.19
2021-08-26 16:45:00,58.87
2021-08-26 17:00:00,58.58
2021-08-26 17:15:00,58.23
2021-08-26 17:30:00,58.07
2021-08-26 17:45:00,55.37
2021-08-26 18:00:00,55.81
2021-08-26 18:15:00,56.4
2021-08-26 18:30:00,56.15
2021-08-26 18:45:00,56.17
2021-08-26 19:00:00,56.23
2021-08-26 19:15:00,56.27
2021-08-26 19:30:00,55.98
2021-08-26 19:45:00,56.11
2021-08-26 20:00:00,58.43
2021-08-26 20:15:00,60.52
2021-08-26 20:30:00,61.45
2021-08-26 20:45:00,62.18
2021-08-26 21:00:00,61.58
2021-08-26 21:15:00,62.77
2021-08-26 21:30:00,63.85
2021-08-26 21:45:00,65.36
2021-08-26 22:00:00,66.44
2021-08-26 22:15:00,66.25
2021-08-26 22:30:00,66.64
2021-08-26 22:45:00,66.12
2021-08-26 23:00:00,67.29
2021-08-26 23:15:00,65.39
2021-08-26 23:30:00,64.68
2021-08-26 23:45:00,66.75
2021-08-27 00:00:00,66.01
2021-08-27 00:15:00,66.92
2021-08-27 00:30:00,65.97
2021-08-27 00:45:00,66.92
2021-08-27 01:00:00,65.89
2021-08-27 01:15:00,66.55
2021-08-27 01:30:00,66.06
2021-08-27 01:45:00,68.01
2021-08-27 02:00:00,69.38
2021-08-27 02:15:00,66.28
2021-08-27 02:30:00,64.39
2021-08-27 02:45:00,65.86
2021-08-27 03:00:00,65.05
2021-08-27 03:15:00,66.15
2021-08-27 03:30:00,65.72
2021-08-27 03:45:00,65.81
2021-08-27 04:00:00,66.27
2021-08-27 04:15:00,65.58
2021-08-27 04:30:00,66.65
2021-08-27 04:45:00,65.62
2021-08-27 05:00:00,66.52
2021-08-27 05:15:00,62.4
2021-08-27 05:30:00,59.58
2021-08-27 05:45:00,58.24
2021-08-27 06:00:00,57.78
2021-08-27 06:15:00,57.3
2021-08-27 06:30:00,56.82
2021-08-27 06:45:00,56.76
2021-08-27 07:00:00,56.94
2021-08-27 07:15:00,85.52
2021-08-27 07:30:00,80.38
2021-08-27 07:45:00,76.38
2021-08-27 08:00:00,76.92
2021-08-27 08:15:00,86.29
2021-08-27 08:30:00,71.98
2021-08-27 08:45:00,58.96
2021-08-27 09:00:00,60.87
2021-08-27 09:15:00,62.7
2021-08-27 09:30:00,64.48
2021-08-27 09:45:00,74.39
2021-08-27 10:00:00,73.46
2021-08-27 10:15:00,71.7
2021-08-27 10:30:00,65.67
2021-08-27 10:45:00,62.0
2021-08-27 11:00:00,59.92
2021-08-27 11:15:00,59.2
2021-08-27 11:30:00,59.03
2021-08-27 11:45:00,59.25
2021-08-27 12:00:00,59.63
2021-08-27 12:15:00,59.62
2021-08-27 12:30:00,58.71
2021-08-27 12:45:00,
2021-08-27 13:00:00,
2021-08-27 13:15:00,
2021-08-27 13:30:00,
2021-08-27 13:45:00,
2021-08-27 14:00:00,
2021-08-27 14:15:00,
2021-08-27 14:30:00,
2021-08-27 14:45:00,
2021-08-27 15:00:00,
2021-08-27 15:15:00,
2021-08-27 15:30:00,
2021-08-27 15:45:00,
2021-08-27 16:00:00,
2021-08-27 16:15:00,
2021-08-27 16:30:00,
2021-08-27 16:45:00,
2021-08-27 17:00:00,
2021-08-27 17:15:00,
2021-08-27 17:30:00,
2021-08-27 17:45:00,
2021-08-27 18:00:00,
2021-08-27 18:15:00,
2021-08-27 18:30:00,
2021-08-27 18:45:00,
2021-08-27 19:00:00,
2021-08-27 19:15:00,
2021-08-27 19:30:00,
2021-08-27 19:45:00,
2021-08-27 20:00:00,63.44
2021-08-27 20:15:00,64.61
2021-08-27 20:30:00,64.26
2021-08-27 20:45:00,65.85
2021-08-27 21:00:00,65.51
2021-08-27 21:15:00,66.92
2021-08-27 21:30:00,66.45
2021-08-27 21:45:00,66.37
2021-08-27 22:00:00,66.92
2021-08-27 22:15:00,66.0
2021-08-27 22:30:00,67.19
2021-08-27 22:45:00,65.97
2021-08-27 23:00:00,67.21
2021-08-27 23:15:00,66.24
2021-08-27 23:30:00,66.54
2021-08-27 23:45:00,66.56
2021-08-28 00:00:00,66.19
2021-08-28 00:15:00,67.1
2021-08-28 00:30:00,65.79
2021-08-28 00:45:00,67.24
2021-08-28 01:00:00,65.86
2021-08-28 01:15:00,67.04
2021-08-28 01:30:00,66.27
2021-08-28 01:45:00,66.35
2021-08-28 02:00:00,66.74
2021-08-28 02:15:00,65.82
2021-08-28 02:30:00,67.1
2021-08-28 02:45:00,65.92
2021-08-28 03:00:00,66.86
2021-08-28 03:15:00,66.4
2021-08-28 03:30:00,66.13
2021-08-28 03:45:00,66.93
2021-08-28 04:00:00,65.79
2021-08-28 04:15:00,66.9
2021-08-28 04:30:00,66.03
2021-08-28 04:45:00,66.26
2021-08-28 05:00:00,66.59
2021-08-28 05:15:00,63.1
2021-08-28 05:30:00,60.1
2021-08-28 05:45:00,58.72
2021-08-28 06:00:00,57.83
2021-08-28 06:15:00,57.67
2021-08-28 06:30:00,57.2
2021-08-28 06:45:00,56.85
2021-08-28 07:00:00,56.67
2021-08-28 07:15:00,77.06
2021-08-28 07:30:00,89.02
2021-08-28 07:45:00,77.08
2021-08-28 08:00:00,56.75
2021-08-28 08:15:00,56.97
2021-08-28 08:30:00,56.65
2021-08-28 08:45:00,56.29
2021-08-28 09:00:00,56.29
2021-08-28 09:15:00,55.99
2021-08-28 09:30:00,56.16
2021-08-28 09:45:00,56.11
2021-08-28 10:00:00,55.98
2021-08-28 10:15:00,54.91
2021-08-28 10:30:00,54.67
2021-08-28 10:45:00,54.56
2021-08-28 11:00:00,54.56
2021-08-28 11:15:00,54.55
2021-08-28 11:30:00,54.41
2021-08-28 11:45:00,54.34
2021-08-28 12:00:00,54.35
2021-08-28 12:15:00,54.34
2021-08-28 12:30:00,54.71
2021-08-28 12:45:00,55.05
2021-08-28 13:00:00,55.16
2021-08-28 13:15:00,55.23
2021-08-28 13:30:00,55.12
2021-08-28 13:45:00,55.05
2021-08-28 14:00:00,54.91
2021-08-28 14:15:00,56.11
2021-08-28 14:30:00,56.41
2021-08-28 14:45:00,56.53
2021-08-28 15:00:00,55.66
2021-08-28 15:15:00,55.27
2021-08-28 15:30:00,55.22
2021-08-28 15:45:00,55.15
2021-08-28 16:00:00,55.4
2021-08-28 16:15:00,55.58
2021-08-28 16:30:00,55.69
2021-08-28 16:45:00,55.85
2021-08-28 17:00:00,55.94
2021-08-28 17:15:00,56.1
2021-08-28 17:30:00,56.34
2021-08-28 17:45:00,56.9
2021-08-28 18:00:00,57.36
2021-08-28 18:15:00,56.02
2021-08-28 18:30:00,56.05
2021-08-28 18:45:00,56.65
2021-08-28 19:00:00,56.81
2021-08-28 19:15:00,57.0
2021-08-28 19:30:00,57.16
2021-08-28 19:45:00,57.33
2021-08-28 20:00:00,57.18
2021-08-28 20:15:00,57.34
2021-08-28 20:30:00,57.24
2021-08-28 20:45:00,57.05
2021-08-28 21:00:00,56.93
2021-08-28 21:15:00,56.85
2021-08-28 21:30:00,56.71
2021-08-28 21:45:00,56.54
2021-08-28 22:00:00,56.65
2021-08-28 22:15:00,58.83
2021-08-28 22:30:00,60.87
2021-08-28 22:45:00,62.46
2021-08-28 23:00:00,64.03
2021-08-28 23:15:00,65.31
2021-08-28 23:30:00,65.85
2021-08-28 23:45:00,66.37
2021-08-29 00:00:00,66.88
2021-08-29 00:15:00,67.68
2021-08-29 00:30:00,68.25
2021-08-29 00:45:00,67.04
2021-08-29 01:00:00,67.44
2021-08-29 01:15:00,67.5
2021-08-29 01:30:00,68.88
2021-08-29 01:45:00,69.85
2021-08-29 02:00:00,70.53
2021-08-29 02:15:00,70.55
2021-08-29 02:30:00,69.88
2021-08-29 02:45:00,69.0
2021-08-29 03:00:00,68.23
2021-08-29 03:15:00,67.57
2021-08-29 03:30:00,67.06
2021-08-29 03:45:00,66.68
2021-08-29 04:00:00,66.45
2021-08-29 04:15:00,66.27
2021-08-29 04:30:00,66.15
2021-08-29 04:45:00,66.1
2021-08-29 05:00:00,66.07
2021-08-29 05:15:00,63.34
2021-08-29 05:30:00,61.52
2021-08-29 05:45:00,60.9
2021-08-29 06:00:00,60.8
2021-08-29 06:15:00,60.9
2021-08-29 06:30:00,61.1
2021-08-29 06:45:00,61.32
2021-08-29 07:00:00,61.59
2021-08-29 07:15:00,83.12
2021-08-29 07:30:00,88.73
2021-08-29 07:45:00,88.46
2021-08-29 08:00:00,105.93
2021-08-29 08:15:00,62.94
2021-08-29 08:30:00,62.92
2021-08-29 08:45:00,63.12
2021-08-29 09:00:00,63.27
2021-08-29 09:15:00,63.41
2021-08-29 09:30:00,63.34
2021-08-29 09:45:00,60.09
2021-08-29 10:00:00,58.62
2021-08-29 10:15:00,56.2
2021-08-29 10:30:00,55.34
2021-08-29 10:45:00,54.51
2021-08-29 11:00:00,54.24
2021-08-29 11:15:00,54.58
2021-08-29 11:30:00,54.16
2021-08-29 11:45:00,53.83
2021-08-29 12:00:00,53.56
2021-08-29 12:15:00,53.6
2021-08-29 12:30:00,53.4
2021-08-29 12:45:00,53.42
2021-08-29 13:00:00,53.2
2021-08-29 13:15:00,53.25
2021-08-29 13:30:00,53.33
2021-08-29 13:45:00,53.31
2021-08-29 14:00:00,53.23
2021-08-29 14:15:00,55.22
2021-08-29 14:30:00,55.4
2021-08-29 14:45:00,55.74
2021-08-29 15:00:00,55.74
2021-08-29 15:15:00,55.31
2021-08-29 15:30:00,55.48
2021-08-29 15:45:00,54.66
2021-08-29 16:00:00,54.89
2021-08-29 16:15:00,55.07
2021-08-29 16:30:00,54.96
2021-08-29 16:45:00,55.02
2021-08-29 17:00:00,55.4
2021-08-29 17:15:00,56.04
2021-08-29 17:30:00,56.34
2021-08-29 17:45:00,56.58
2021-08-29 18:00:00,56.9
2021-08-29 18:15:00,55.8
2021-08-29 18:30:00,55.46
2021-08-29 18:45:00,59.07
2021-08-29 19:00:00,58.18
2021-08-29 19:15:00,59.04
2021-08-29 19:30:00,58.85
2021-08-29 19:45:00,58.43
2021-08-29 20:00:00,58.23
2021-08-29 20:15:00,57.86
2021-08-29 20:30:00,57.74
2021-08-29 20:45:00,57.85
2021-08-29 21:00:00,57.36
2021-08-29 21:15:00,57.25
2021-08-29 21:30:00,57.57
2021-08-29 21:45:00,62.91
2021-08-29 22:00:00,63.84
2021-08-29 22:15:00,59.14
2021-08-29 22:30:00,60.74
2021-08-29 22:45:00,61.64
2021-08-29 23:00:00,62.49
2021-08-29 23:15:00,63.23
2021-08-29 23:30:00,63.81
2021-08-29 23:45:00,64.37
2021-08-30 00:00:00,64.86
2021-08-30 00:15:00,65.28
2021-08-30 00:30:00,65.63
2021-08-30 00:45:00,65.9
2021-08-30 01:00:00,66.16
2021-08-30 01:15:00,66.15
2021-08-30 01:30:00,66.16
2021-08-30 01:45:00,66.26
2021-08-30 02:00:00,66.32
2021-08-30 02:15:00,66.42
2021-08-30 02:30:00,66.5
2021-08-30 02:45:00,66.61
2021-08-30 03:00:00,66.81
2021-08-30 03:15:00,67.22
2021-08-30 03:30:00,67.72
2021-08-30 03:45:00,67.92
2021-08-30 04:00:00,67.92
2021-08-30 04:15:00,67.71
2021-08-30 04:30:00,67.36
2021-08-30 04:45:00,67.04
2021-08-30 05:00:00,66.81
2021-08-30 05:15:00,66.55
2021-08-30 05:30:00,66.37
2021-08-30 05:45:00,66.21
2021-08-30 06:00:00,66.15
2021-08-30 06:15:00,66.14
2021-08-30 06:30:00,66.05
2021-08-30 06:45:00,66.01
2021-08-30 07:00:00,66.01
2021-08-30 07:15:00,85.28
2021-08-30 07:30:00,86.13
2021-08-30 07:45:00,105.19
2021-08-30 08:00:00,67.25
2021-08-30 08:15:00,66.68
2021-08-30 08:30:00,66.5
2021-08-30 08:45:00,66.42
2021-08-30 09:00:00,66.49
2021-08-30 09:15:00,66.64
2021-08-30 09:30:00,66.82
2021-08-30 09:45:00,66.96
2021-08-30 10:00:00,67.13
2021-08-30 10:15:00,67.01
2021-08-30 10:30:00,66.64
2021-08-30 10:45:00,65.08
2021-08-30 11:00:00,64.07
2021-08-30 11:15:00,64.61
2021-08-30 11:30:00,64.58
2021-08-30 11:45:00,58.69
2021-08-30 12:00:00,56.76
2021-08-30 12:15:00,55.38
2021-08-30 12:30:00,54.47
2021-08-30 12:45:00,54.36
2021-08-30 13:00:00,54.39
2021-08-30 13:15:00,55.78
2021-08-30 13:30:00,57.89
2021-08-30 13:45:00,58.32
2021-08-30 14:00:00,57.79
2021-08-30 14:15:00,57.34
2021-08-30 14:30:00,56.54
2021-08-30 14:45:00,56.82
2021-08-30 15:00:00,56.82
2021-08-30 15:15:00,57.0
2021-08-30 15:30:00,57.54
2021-08-30 15:45:00,57.89
2021-08-30 16:00:00,58.8
2021-08-30 16:15:00,59.45
2021-08-30 16:30:00,60.16
2021-08-30 16:45:00,60.87
2021-08-30 17:00:00,61.44
2021-08-30 17:15:00,62.12
2021-08-30 17:30:00,62.66
2021-08-30 17:45:00,63.36
2021-08-30 18:00:00,63.99
2021-08-30 18:15:00,64.76
2021-08-30 18:30:00,65.62
2021-08-30 18:45:00,66.37
2021-08-30 19:00:00,66.48
2021-08-30 19:15:00,68.79
2021-08-30 19:30:00,70.13
2021-08-30 19:45:00,70.8
2021-08-30 20:00:00,70.48
2021-08-30 20:15:00,69.74
2021-08-30 20:30:00,69.04
2021-08-30 20:45:00,68.52
2021-08-30 21:00:00,68.06
2021-08-30 21:15:00,67.56
2021-08-30 21:30:00,67.15
2021-08-30 21:45:00,66.81
2021-08-30 22:00:00,66.46
2021-08-30 22:15:00,66.34
2021-08-30 22:30:00,66.39
2021-08-30 22:45:00,66.39
2021-08-30 23:00:00,66.37
2021-08-30 23:15:00,66.32
2021-08-30 23:30:00,66.4
2021-08-30 23:45:00,66.5
2021-08-31 00:00:00,66.61
2021-08-31 00:15:00,66.5
2021-08-31 00:30:00,66.36
2021-08-31 00:45:00,66.21
2021-08-31 01:00:00,66.13
2021-08-31 01:15:00,66.13
2021-08-31 01:30:00,66.25
2021-08-31 01:45:00,66.3
2021-08-31 02:00:00,66.27
2021-08-31 02:15:00,66.21
2021-08-31 02:30:00,66.25
2021-08-31 02:45:00,66.27
2021-08-31 03:00:00,66.22
2021-08-31 03:15:00,66.1
2021-08-31 03:30:00,65.98
2021-08-31 03:45:00,65.92
2021-08-31 04:00:00,65.91
2021-08-31 04:15:00,65.97
2021-08-31 04:30:00,65.99
2021-08-31 04:45:00,65.99
2021-08-31 05:00:00,66.01
2021-08-31 05:15:00,66.09
2021-08-31 05:30:00,66.15
2021-08-31 05:45:00,66.1
2021-08-31 06:00:00,66.11
2021-08-31 06:15:00,66.01
2021-08-31 06:30:00,66.01
2021-08-31 06:45:00,65.99
2021-08-31 07:00:00,66.0
2021-08-31 07:15:00,87.29
2021-08-31 07:30:00,84.52
2021-08-31 07:45:00,82.93
2021-08-31 08:00:00,81.66
2021-08-31 08:15:00,93.74
2021-08-31 08:30:00,67.34
2021-08-31 08:45:00,66.86
2021-08-31 09:00:00,66.65
2021-08-31 09:15:00,66.65
2021-08-31 09:30:00,66.83
2021-08-31 09:45:00,67.1
2021-08-31 10:00:00,67.28
2021-08-31 10:15:00,67.01
2021-08-31 10:30:00,64.23
2021-08-31 10:45:00,64.62
2021-08-31 11:00:00,58.6
2021-08-31 11:15:00,62.35
2021-08-31 11:30:00,64.06
2021-08-31 11:45:00,57.12
2021-08-31 12:00:00,56.44
2021-08-31 12:15:00,57.24
2021-08-31 12:30:00,59.45
2021-08-31 12:45:00,59.32
2021-08-31 13:00:00,59.3
2021-08-31 13:15:00,58.59
2021-08-31 13:30:00,57.7
2021-08-31 13:45:00,57.48
2021-08-31 14:00:00,57.72
2021-08-31 14:15:00,58.25
2021-08-31 14:30:00,58.67
2021-08-31 14:45:00,57.43
2021-08-31 15:00:00,57.18
2021-08-31 15:15:00,57.09
2021-08-31 15:30:00,57.26
2021-08-31 15:45:00,57.34
2021-08-31 16:00:00,58.08
2021-08-31 16:15:00,58.82
2021-08-31 16:30:00,59.48
2021-08-31 16:45:00,60.52
2021-08-31 17:00:00,61.27
2021-08-31 17:15:00,61.94
2021-08-31 17:30:00,62.65
2021-08-31 17:45:00,63.36
2021-08-31 18:00:00,68.39
2021-08-31 18:15:00,69.48
2021-08-31 18:30:00,66.64
2021-08-31 18:45:00,62.94
2021-08-31 19:00:00,62.77
2021-08-31 19:15:00,62.05
2021-08-31 19:30:00,62.24
2021-08-31 19:45:00,61.98
2021-08-31 20:00:00,62.56
2021-08-31 20:15:00,62.6
2021-08-31 20:30:00,62.9
2021-08-31 20:45:00,63.18
2021-08-31 21:00:00,63.26
2021-08-31 21:15:00,63.29
2021-08-31 21:30:00,63.66
2021-08-31 21:45:00,64.61
2021-08-31 22:00:00,65.23
2021-08-31 22:15:00,65.57
2021-08-31 22:30:00,66.04
2021-08-31 22:45:00,66.25
2021-08-31 23:00:00,66.29
2021-08-31 23:15:00,66.26
2021-08-31 23:30:00,66.25
2021-08-31 23:45:00,66.15
2021-09-01 00:00:00,66.15
2021-09-01 00:15:00,66.1
2021-09-01 00:30:00,66.07
2021-09-01 00:45:00,66.07
2021-09-01 01:00:00,66.07
2021-09-01 01:15:00,59.8
2021-09-01 01:30:00,60.87
2021-09-01 01:45:00,62.66
2021-09-01 02:00:00,64.07
2021-09-01 02:15:00,65.15
2021-09-01 02:30:00,66.03
2021-09-01 02:45:00,66.57
2021-09-01 03:00:00,67.1
2021-09-01 03:15:00,67.45
2021-09-01 03:30:00,67.81
2021-09-01 03:45:00,68.0
2021-09-01 04:00:00,68.17
2021-09-01 04:15:00,68.34
2021-09-01 04:30:00,68.52
2021-09-01 04:45:00,68.54
2021-09-01 05:00:00,68.7
2021-09-01 05:15:00,68.7
2021-09-01 05:30:00,68.76
2021-09-01 05:45:00,68.88
2021-09-01 06:00:00,68.89
2021-09-01 06:15:00,68.9
2021-09-01 06:30:00,68.47
2021-09-01 06:45:00,60.68
2021-09-01 07:00:00,56.01
2021-09-01 07:15:00,54.41
2021-09-01 07:30:00,53.62
2021-09-01 07:45:00,53.62
2021-09-01 08:00:00,53.62
2021-09-01 08:15:00,53.31
2021-09-01 08:30:00,53.12
2021-09-01 08:45:00,53.11
2021-09-01 09:00:00,52.87
2021-09-01 09:15:00,52.73
2021-09-01 09:30:00,52.91
2021-09-01 09:45:00,52.69
2021-09-01 10:00:00,52.82
2021-09-01 10:15:00,52.36
2021-09-01 10:30:00,52.61
2021-09-01 10:45:00,52.91
2021-09-01 11:00:00,76.49
2021-09-01 11:15:00,89.78
2021-09-01 11:30:00,77.39
2021-09-01 11:45:00,85.09
2021-09-01 12:00:00,55.92
2021-09-01 12:15:00,55.92
2021-09-01 12:30:00,55.79
2021-09-01 12:45:00,55.94
2021-09-01 13:00:00,56.29
2021-09-01 13:15:00,55.98
2021-09-01 13:30:00,55.96
2021-09-01 13:45:00,55.05
2021-09-01 14:00:00,55.25
2021-09-01 14:15:00,56.11
2021-09-01 14:30:00,55.95
2021-09-01 14:45:00,55.87
2021-09-01 15:00:00,56.29
2021-09-01 15:15:00,56.09
2021-09-01 15:30:00,56.11
2021-09-01 15:45:00,55.94
2021-09-01 16:00:00,56.44
2021-09-01 16:15:00,56.78
2021-09-01 16:30:00,56.83
2021-09-01 16:45:00,56.41
2021-09-01 17:00:00,57.17
2021-09-01 17:15:00,56.88
2021-09-01 17:30:00,57.13
2021-09-01 17:45:00,57.12
2021-09-01 18:00:00,57.09
2021-09-01 18:15:00,56.11
2021-09-01 18:30:00,56.82
2021-09-01 18:45:00,56.72
2021-09-01 19:00:00,57.0
2021-09-01 19:15:00,57.05
2021-09-01 19:30:00,56.72
2021-09-01 19:45:00,56.91
2021-09-01 20:00:00,56.65
2021-09-01 20:15:00,60.34
2021-09-01 20:30:00,59.45
2021-09-01 20:45:00,65.57
2021-09-01 21:00:00,67.91
2021-09-01 21:15:00,71.14
2021-09-01 21:30:00,72.22
2021-09-01 21:45:00,72.76
2021-09-01 22:00:00,74.23
2021-09-01 22:15:00,56.75
2021-09-01 22:30:00,57.0
2021-09-01 22:45:00,57.59
2021-09-01 23:00:00,58.25
2021-09-01 23:15:00,58.45
2021-09-01 23:30:00,58.78
2021-09-01 23:45:00,59.27
2021-09-02 00:00:00,59.8
2021-09-02 00:15:00,60.47
2021-09-02 00:30:00,61.1
2021-09-02 00:45:00,61.79
2021-09-02 01:00:00,62.38
2021-09-02 01:15:00,62.65
2021-09-02 01:30:00,62.86
2021-09-02 01:45:00,63.04
2021-09-02 02:00:00,63.23
2021-09-02 02:15:00,63.54
2021-09-02 02:30:00,63.78
2021-09-02 02:45:00,64.09
2021-09-02 03:00:00,64.44
2021-09-02 03:15:00,64.83
2021-09-02 03:30:00,65.17
2021-09-02 03:45:00,65.53
2021-09-02 04:00:00,65.9
2021-09-02 04:15:00,66.25
2021-09-02 04:30:00,66.56
2021-09-02 04:45:00,66.79
2021-09-02 05:00:00,67.1
2021-09-02 05:15:00,67.31
2021-09-02 05:30:00,67.52
2021-09-02 05:45:00,67.81
2021-09-02 06:00:00,67.99
2021-09-02 06:15:00,68.12
2021-09-02 06:30:00,68.22
2021-09-02 06:45:00,68.16
2021-09-02 07:00:00,67.81
2021-09-02 07:15:00,86.36
2021-09-02 07:30:00,85.15
2021-09-02 07:45:00,85.33
2021-09-02 08:00:00,80.86
2021-09-02 08:15:00,87.94
2021-09-02 08:30:00,68.99
2021-09-02 08:45:00,66.86
2021-09-02 09:00:00,66.59
2021-09-02 09:15:00,66.39
2021-09-02 09:30:00,66.32
2021-09-02 09:45:00,66.39
2021-09-02 10:00:00,66.52
2021-09-02 10:15:00,66.74
2021-09-02 10:30:00,66.92
2021-09-02 10:45:00,67.04
2021-09-02 11:00:00,66.96
2021-09-02 11:15:00,66.65
2021-09-02 11:30:00,66.1
2021-09-02 11:45:00,61.76
2021-09-02 12:00:00,64.16
2021-09-02 12:15:00,64.07
2021-09-02 12:30:00,64.07
2021-09-02 12:45:00,64.77
2021-09-02 13:00:00,63.5
2021-09-02 13:15:00,63.54
2021-09-02 13:30:00,64.96
2021-09-02 13:45:00,63.76
2021-09-02 14:00:00,60.04
2021-09-02 14:15:00,59.08
2021-09-02 14:30:00,56.76
2021-09-02 14:45:00,55.36
2021-09-02 15:00:00,55.58
2021-09-02 15:15:00,55.94
2021-09-02 15:30:00,57.71
2021-09-02 15:45:00,59.67
2021-09-02 16:00:00,61.23
2021-09-02 16:15:00,61.05
2021-09-02 16:30:00,60.8
2021-09-02 16:45:00,60.87
2021-09-02 17:00:00,61.3
2021-09-02 17:15:00,67.15
2021-09-02 17:30:00,63.91
2021-09-02 17:45:00,68.16
2021-09-02 18:00:00,66.17
2021-09-02 18:15:00,63.63
2021-09-02 18:30:00,63.0
2021-09-02 18:45:00,63.27
2021-09-02 19:00:00,63.11
2021-09-02 19:15:00,63.4
2021-09-02 19:30:00,63.64
2021-09-02 19:45:00,63.67
2021-09-02 20:00:00,63.66
2021-09-02 20:15:00,63.64
2021-09-02 20:30:00,64.17
2021-09-02 20:45:00,64.87
2021-09-02 21:00:00,65.51
2021-09-02 21:15:00,66.03
2021-09-02 21:30:00,66.31
2021-09-02 21:45:00,66.32
2021-09-02 22:00:00,66.32
2021-09-02 22:15:00,66.28
2021-09-02 22:30:00,66.21
2021-09-02 22:45:00,66.15
2021-09-02 23:00:00,66.15
2021-09-02 23:15:00,66.15
2021-09-02 23:30:00,66.23
2021-09-02 23:45:00,66.25
2021-09-03 00:00:00,66.28
2021-09-03 00:15:00,66.28
2021-09-03 00:30:00,66.25
2021-09-03 00:45:00,66.15
2021-09-03 01:00:00,66.15
2021-09-03 01:15:00,66.13
2021-09-03 01:30:00,66.14
2021-09-03 01:45:00,66.15
2021-09-03 02:00:00,66.15
2021-09-03 02:15:00,66.15
2021-09-03 02:30:00,66.15
2021-09-03 02:45:00,66.13
2021-09-03 03:00:00,66.11
2021-09-03 03:15:00,66.1
2021-09-03 03:30:00,66.15
2021-09-03 03:45:00,66.15
2021-09-03 04:00:00,66.15
2021-09-03 04:15:00,66.15
2021-09-03 04:30:00,66.15
2021-09-03 04:45:00,66.13
2021-09-03 05:00:00,66.21
2021-09-03 05:15:00,66.01
2021-09-03 05:30:00,66.0
2021-09-03 05:45:00,66.01
2021-09-03 06:00:00,65.97
2021-09-03 06:15:00,65.98
2021-09-03 06:30:00,66.0
2021-09-03 06:45:00,65.97
2021-09-03 07:00:00,65.95
2021-09-03 07:15:00,86.23
2021-09-03 07:30:00,80.49
2021-09-03 07:45:00,81.38
2021-09-03 08:00:00,84.31
2021-09-03 08:15:00,86.47
2021-09-03 08:30:00,66.87
2021-09-03 08:45:00,66.55
2021-09-03 09:00:00,66.36
2021-09-03 09:15:00,66.32
2021-09-03 09:30:00,66.39
2021-09-03 09:45:00,66.61
2021-09-03 10:00:00,66.78
2021-09-03 10:15:00,66.92
2021-09-03 10:30:00,66.72
2021-09-03 10:45:00,65.97
2021-09-03 11:00:00,64.79
2021-09-03 11:15:00,61.09
2021-09-03 11:30:00,60.87
2021-09-03 11:45:00,60.81
2021-09-03 12:00:00,61.32
2021-09-03 12:15:00,60.28
2021-09-03 12:30:00,59.25
2021-09-03 12:45:00,59.22
2021-09-03 13:00:00,58.92
2021-09-03 13:15:00,56.59
2021-09-03 13:30:00,55.11
2021-09-03 13:45:00,55.83
2021-09-03 14:00:00,54.56
2021-09-03 14:15:00,55.51
2021-09-03 14:30:00,57.19
2021-09-03 14:45:00,58.07
2021-09-03 15:00:00,57.61
2021-09-03 15:15:00,58.92
2021-09-03 15:30:00,59.39
2021-09-03 15:45:00,56.38
2021-09-03 16:00:00,56.01
2021-09-03 16:15:00,57.0
2021-09-03 16:30:00,59.5
2021-09-03 16:45:00,60.1
2021-09-03 17:00:00,65.14
2021-09-03 17:15:00,66.46
2021-09-03 17:30:00,62.72
2021-09-03 17:45:00,61.05
2021-09-03 18:00:00,60.49
2021-09-03 18:15:00,61.09
2021-09-03 18:30:00,61.09
2021-09-03 18:45:00,61.82
2021-09-03 19:00:00,61.85
2021-09-03 19:15:00,62.52
2021-09-03 19:30:00,62.87
2021-09-03 19:45:00,62.9
2021-09-03 20:00:00,62.84
2021-09-03 20:15:00,63.27
2021-09-03 20:30:00,64.12
2021-09-03 20:45:00,64.83
2021-09-03 21:00:00,65.39
2021-09-03 21:15:00,65.94
2021-09-03 21:30:00,66.25
2021-09-03 21:45:00,66.43
2021-09-03 22:00:00,66.44
2021-09-03 22:15:00,66.36
2021-09-03 22:30:00,66.28
2021-09-03 22:45:00,66.21
2021-09-03 23:00:00,66.17
2021-09-03 23:15:00,66.15
2021-09-03 23:30:00,66.15
2021-09-03 23:45:00,66.18
2021-09-04 00:00:00,66.25
2021-09-04 00:15:00,66.3
2021-09-04 00:30:00,66.29
2021-09-04 00:45:00,66.27
2021-09-04 01:00:00,66.15
2021-09-04 01:15:00,66.57
2021-09-04 01:30:00,66.5
2021-09-04 01:45:00,66.32
2021-09-04 02:00:00,66.14
2021-09-04 02:15:00,65.97
2021-09-04 02:30:00,65.92
2021-09-04 02:45:00,65.95
2021-09-04 03:00:00,66.03
2021-09-04 03:15:00,66.1
2021-09-04 03:30:00,66.11
2021-09-04 03:45:00,66.09
2021-09-04 04:00:00,65.99
2021-09-04 04:15:00,65.97
2021-09-04 04:30:00,66.01
2021-09-04 04:45:00,66.15
2021-09-04 05:00:00,66.18
2021-09-04 05:15:00,63.34
2021-09-04 05:30:00,60.9
2021-09-04 05:45:00,59.81
2021-09-04 06:00:00,59.32
2021-09-04 06:15:00,84.98
2021-09-04 06:30:00,102.81
2021-09-04 06:45:00,71.25
2021-09-04 07:00:00,68.04
2021-09-04 07:15:00,83.42
2021-09-04 07:30:00,85.46
2021-09-04 07:45:00,86.52
2021-09-04 08:00:00,86.07
2021-09-04 08:15:00,83.46
2021-09-04 08:30:00,82.64
2021-09-04 08:45:00,76.89
2021-09-04 09:00:00,61.34
2021-09-04 09:15:00,61.42
2021-09-04 09:30:00,59.77
2021-09-04 09:45:00,58.23
2021-09-04 10:00:00,57.21
2021-09-04 10:15:00,57.07
2021-09-04 10:30:00,56.65
2021-09-04 10:45:00,56.52
2021-09-04 11:00:00,56.34
2021-09-04 11:15:00,55.76
2021-09-04 11:30:00,54.79
2021-09-04 11:45:00,54.48
2021-09-04 12:00:00,54.21
2021-09-04 12:15:00,54.22
2021-09-04 12:30:00,53.97
2021-09-04 12:45:00,54.2
2021-09-04 13:00:00,54.37
2021-09-04 13:15:00,54.01
2021-09-04 13:30:00,53.8
2021-09-04 13:45:00,53.65
2021-09-04 14:00:00,53.43
2021-09-04 14:15:00,53.48
2021-09-04 14:30:00,53.56
2021-09-04 14:45:00,53.77
2021-09-04 15:00:00,54.24
2021-09-04 15:15:00,54.6
2021-09-04 15:30:00,53.98
2021-09-04 15:45:00,53.66
2021-09-04 16:00:00,53.47
2021-09-04 16:15:00,53.98
2021-09-04 16:30:00,54.45
2021-09-04 16:45:00,53.88
2021-09-04 17:00:00,53.91
2021-09-04 17:15:00,54.48
2021-09-04 17:30:00,54.81
2021-09-04 17:45:00,54.72
2021-09-04 18:00:00,55.14
2021-09-04 18:15:00,55.34
2021-09-04 18:30:00,56.22
2021-09-04 18:45:00,56.83
2021-09-04 19:00:00,60.39
2021-09-04 19:15:00,58.88
2021-09-04 19:30:00,59.02
2021-09-04 19:45:00,58.59
2021-09-04 20:00:00,57.96
2021-09-04 20:15:00,57.98
2021-09-04 20:30:00,57.77
2021-09-04 20:45:00,57.39
2021-09-04 21:00:00,57.62
2021-09-04 21:15:00,67.22
2021-09-04 21:30:00,69.04
2021-09-04 21:45:00,70.64
2021-09-04 22:00:00,71.7
2021-09-04 22:15:00,58.92
2021-09-04 22:30:00,60.29
2021-09-04 22:45:00,61.16
2021-09-04 23:00:00,61.95
2021-09-04 23:15:00,62.65
2021-09-04 23:30:00,63.21
2021-09-04 23:45:00,63.72
2021-09-05 00:00:00,64.2
2021-09-05 00:15:00,64.61
2021-09-05 00:30:00,64.98
2021-09-05 00:45:00,65.32
2021-09-05 01:00:00,65.51
2021-09-05 01:15:00,65.85
2021-09-05 01:30:00,66.03
2021-09-05 01:45:00,66.21
2021-09-05 02:00:00,66.48
2021-09-05 02:15:00,66.78
2021-09-05 02:30:00,67.16
2021-09-05 02:45:00,67.57
2021-09-05 03:00:00,67.97
2021-09-05 03:15:00,68.32
2021-09-05 03:30:00,68.64
2021-09-05 03:45:00,68.65
2021-09-05 04:00:00,68.18
2021-09-05 04:15:00,67.75
2021-09-05 04:30:00,67.21
2021-09-05 04:45:00,66.72
2021-09-05 05:00:00,66.36
2021-09-05 05:15:00,62.28
2021-09-05 05:30:00,59.09
2021-09-05 05:45:00,57.95
2021-09-05 06:00:00,57.47
2021-09-05 06:15:00,79.16
2021-09-05 06:30:00,79.41
2021-09-05 06:45:00,74.77
2021-09-05 07:00:00,80.07
2021-09-05 07:15:00,76.57
2021-09-05 07:30:00,76.8
2021-09-05 07:45:00,82.14
2021-09-05 08:00:00,88.7
2021-09-05 08:15:00,90.9
2021-09-05 08:30:00,90.69
2021-09-05 08:45:00,90.08
2021-09-05 09:00:00,80.78
2021-09-05 09:15:00,57.22
2021-09-05 09:30:00,56.91
2021-09-05 09:45:00,57.05
2021-09-05 10:00:00,56.88
2021-09-05 10:15:00,56.82
2021-09-05 10:30:00,56.1
2021-09-05 10:45:00,55.55
2021-09-05 11:00:00,55.24
2021-09-05 11:15:00,54.33
2021-09-05 11:30:00,54.26
2021-09-05 11:45:00,53.87
2021-09-05 12:00:00,53.8
2021-09-05 12:15:00,53.65
2021-09-05 12:30:00,53.8
2021-09-05 12:45:00,53.56
2021-09-05 13:00:00,53.36
2021-09-05 13:15:00,53.38
2021-09-05 13:30:00,53.34
2021-09-05 13:45:00,53.38
2021-09-05 14:00:00,53.51
2021-09-05 14:15:00,53.67
2021-09-05 14:30:00,53.91
2021-09-05 14:45:00,53.92
2021-09-05 15:00:00,54.2
2021-09-05 15:15:00,54.33
2021-09-05 15:30:00,54.31
2021-09-05 15:45:00,54.45
2021-09-05 16:00:00,54.51
2021-09-05 16:15:00,54.69
2021-09-05 16:30:00,54.74
2021-09-05 16:45:00,54.81
2021-09-05 17:00:00,54.89
2021-09-05 17:15:00,55.15
2021-09-05 17:30:00,55.25
2021-09-05 17:45:00,55.35
2021-09-05 18:00:00,55.83
2021-09-05 18:15:00,55.94
2021-09-05 18:30:00,56.56
2021-09-05 18:45:00,56.89
2021-09-05 19:00:00,56.9
2021-09-05 19:15:00,56.91
2021-09-05 19:30:00,57.36
2021-09-05 19:45:00,60.51
2021-09-05 20:00:00,61.32
2021-09-05 20:15:00,61.72
2021-09-05 20:30:00,60.18
2021-09-05 20:45:00,59.65
2021-09-05 21:00:00,58.97
2021-09-05 21:15:00,57.95
2021-09-05 21:30:00,57.76
2021-09-05 21:45:00,57.71
2021-09-05 22:00:00,64.16
2021-09-05 22:15:00,56.65
2021-09-05 22:30:00,57.71
2021-09-05 22:45:00,59.8
2021-09-05 23:00:00,60.74
2021-09-05 23:15:00,61.81
2021-09-05 23:30:00,62.74
2021-09-05 23:45:00,63.55
2021-09-06 00:00:00,64.65
2021-09-06 00:15:00,65.72
2021-09-06 00:30:00,66.08
2021-09-06 00:45:00,66.4
2021-09-06 01:00:00,66.9
2021-09-06 01:15:00,67.39
2021-09-06 01:30:00,67.95
2021-09-06 01:45:00,67.42
2021-09-06 02:00:00,66.83
2021-09-06 02:15:00,66.47
2021-09-06 02:30:00,66.66
2021-09-06 02:45:00,66.1
2021-09-06 03:00:00,66.36
2021-09-06 03:15:00,66.25
2021-09-06 03:30:00,66.16
2021-09-06 03:45:00,65.97
2021-09-06 04:00:00,66.26
2021-09-06 04:15:00,65.48
2021-09-06 04:30:00,66.52
2021-09-06 04:45:00,65.65
2021-09-06 05:00:00,66.36
2021-09-06 05:15:00,65.64
2021-09-06 05:30:00,64.06
2021-09-06 05:45:00,61.56
2021-09-06 06:00:00,60.23
2021-09-06 06:15:00,58.9
2021-09-06 06:30:00,58.36
2021-09-06 06:45:00,62.97
2021-09-06 07:00:00,62.63
2021-09-06 07:15:00,88.93
2021-09-06 07:30:00,79.1
2021-09-06 07:45:00,78.05
2021-09-06 08:00:00,90.19
2021-09-06 08:15:00,84.83
2021-09-06 08:30:00,78.54
2021-09-06 08:45:00,59.08
2021-09-06 09:00:00,55.8
2021-09-06 09:15:00,55.68
2021-09-06 09:30:00,55.79
2021-09-06 09:45:00,55.65
2021-09-06 10:00:00,55.64
2021-09-06 10:15:00,54.57
2021-09-06 10:30:00,54.26
2021-09-06 10:45:00,53.73
2021-09-06 11:00:00,53.69
2021-09-06 11:15:00,53.51
2021-09-06 11:30:00,53.52
2021-09-06 11:45:00,53.5
2021-09-06 12:00:00,53.45
2021-09-06 12:15:00,53.55
2021-09-06 12:30:00,53.77
2021-09-06 12:45:00,53.92
2021-09-06 13:00:00,54.16
2021-09-06 13:15:00,54.51
2021-09-06 13:30:00,54.69
2021-09-06 13:45:00,54.87
2021-09-06 14:00:00,54.89
2021-09-06 14:15:00,56.11
2021-09-06 14:30:00,56.38
2021-09-06 14:45:00,56.41
2021-09-06 15:00:00,55.47
2021-09-06 15:15:00,55.22
2021-09-06 15:30:00,55.1
2021-09-06 15:45:00,55.14
2021-09-06 16:00:00,55.22
2021-09-06 16:15:00,55.49
2021-09-06 16:30:00,55.67
2021-09-06 16:45:00,55.7
2021-09-06 17:00:00,55.94
2021-09-06 17:15:00,56.14
2021-09-06 17:30:00,56.34
2021-09-06 17:45:00,56.67
2021-09-06 18:00:00,56.82
2021-09-06 18:15:00,56.29
2021-09-06 18:30:00,56.27
2021-09-06 18:45:00,56.34
2021-09-06 19:00:00,56.48
2021-09-06 19:15:00,56.64
2021-09-06 19:30:00,56.93
2021-09-06 19:45:00,57.03
2021-09-06 20:00:00,57.0
2021-09-06 20:15:00,57.11
2021-09-06 20:30:00,56.92
2021-09-06 20:45:00,57.0
2021-09-06 21:00:00,57.0
2021-09-06 21:15:00,56.82
2021-09-06 21:30:00,56.7
2021-09-06 21:45:00,56.69
2021-09-06 22:00:00,56.82
2021-09-06 22:15:00,59.8
2021-09-06 22:30:00,61.59
2021-09-06 22:45:00,63.41
2021-09-06 23:00:00,64.8
2021-09-06 23:15:00,65.4
2021-09-06 23:30:00,66.07
2021-09-06 23:45:00,66.77
2021-09-07 00:00:00,67.69
2021-09-07 00:15:00,68.29
2021-09-07 00:30:00,66.99
2021-09-07 00:45:00,67.44
2021-09-07 01:00:00,66.57
2021-09-07 01:15:00,66.67
2021-09-07 01:30:00,66.96
2021-09-07 01:45:00,68.7
2021-09-07 02:00:00,69.81
2021-09-07 02:15:00,70.46
2021-09-07 02:30:00,70.28
2021-09-07 02:45:00,68.31
2021-09-07 03:00:00,63.16
2021-09-07 03:15:00,62.31
2021-09-07 03:30:00,62.45
2021-09-07 03:45:00,64.83
2021-09-07 04:00:00,64.16
2021-09-07 04:15:00,66.34
2021-09-07 04:30:00,68.22
2021-09-07 04:45:00,69.37
2021-09-07 05:00:00,69.99
2021-09-07 05:15:00,64.77
2021-09-07 05:30:00,61.03
2021-09-07 05:45:00,58.93
2021-09-07 06:00:00,58.01
2021-09-07 06:15:00,57.36
2021-09-07 06:30:00,56.82
2021-09-07 06:45:00,56.38
2021-09-07 07:00:00,56.16
2021-09-07 07:15:00,84.53
2021-09-07 07:30:00,89.84
2021-09-07 07:45:00,82.39
2021-09-07 08:00:00,76.6
2021-09-07 08:15:00,97.22
2021-09-07 08:30:00,56.76
2021-09-07 08:45:00,56.02
2021-09-07 09:00:00,56.1
2021-09-07 09:15:00,55.94
2021-09-07 09:30:00,56.05
2021-09-07 09:45:00,55.85
2021-09-07 10:00:00,55.85
2021-09-07 10:15:00,54.45
2021-09-07 10:30:00,54.09
2021-09-07 10:45:00,53.8
2021-09-07 11:00:00,53.62
2021-09-07 11:15:00,53.56
2021-09-07 11:30:00,53.66
2021-09-07 11:45:00,53.65
2021-09-07 12:00:00,53.8
2021-09-07 12:15:00,53.67
2021-09-07 12:30:00,53.77
2021-09-07 12:45:00,53.91
2021-09-07 13:00:00,54.05
2021-09-07 13:15:00,54.2
2021-09-07 13:30:00,54.26
2021-09-07 13:45:00,54.38
2021-09-07 14:00:00,54.44
2021-09-07 14:15:00,55.63
2021-09-07 14:30:00,56.29
2021-09-07 14:45:00,56.65
2021-09-07 15:00:00,56.4
2021-09-07 15:15:00,55.51
2021-09-07 15:30:00,55.42
2021-09-07 15:45:00,55.37
2021-09-07 16:00:00,55.56
2021-09-07 16:15:00,55.66
2021-09-07 16:30:00,55.85
2021-09-07 16:45:00,55.83
2021-09-07 17:00:00,56.11
2021-09-07 17:15:00,56.54
2021-09-07 17:30:00,56.54
2021-09-07 17:45:00,56.66
2021-09-07 18:00:00,56.92
2021-09-07 18:15:00,56.22
2021-09-07 18:30:00,56.47
2021-09-07 18:45:00,56.83
2021-09-07 19:00:00,57.15
2021-09-07 19:15:00,57.18
2021-09-07 19:30:00,57.18
2021-09-07 19:45:00,57.18
2021-09-07 20:00:00,57.01
2021-09-07 20:15:00,56.85
2021-09-07 20:30:00,56.84
2021-09-07 20:45:00,56.78
2021-09-07 21:00:00,56.65
2021-09-07 21:15:00,56.76
2021-09-07 21:30:00,57.09
2021-09-07 21:45:00,57.0
2021-09-07 22:00:00,56.84
2021-09-07 22:15:00,59.09
2021-09-07 22:30:00,61.23
2021-09-07 22:45:00,63.18
2021-09-07 23:00:00,64.44
2021-09-07 23:15:00,65.23
2021-09-07 23:30:00,65.76
2021-09-07 23:45:00,66.39
2021-09-08 00:00:00,67.03
2021-09-08 00:15:00,67.6
2021-09-08 00:30:00,68.08
2021-09-08 00:45:00,67.04
2021-09-08 01:00:00,67.26
2021-09-08 01:15:00,66.1
2021-09-08 01:30:00,66.97
2021-09-08 01:45:00,66.15
2021-09-08 02:00:00,66.82
2021-09-08 02:15:00,66.12
2021-09-08 02:30:00,66.46
2021-09-08 02:45:00,66.35
2021-09-08 03:00:00,66.14
2021-09-08 03:15:00,66.62
2021-09-08 03:30:00,68.03
2021-09-08 03:45:00,64.93
2021-09-08 04:00:00,64.61
2021-09-08 04:15:00,66.84
2021-09-08 04:30:00,66.04
2021-09-08 04:45:00,67.01
2021-09-08 05:00:00,68.22
2021-09-08 05:15:00,69.1
2021-09-08 05:30:00,69.61
2021-09-08 05:45:00,69.84
2021-09-08 06:00:00,69.53
2021-09-08 06:15:00,68.85
2021-09-08 06:30:00,68.48
2021-09-08 06:45:00,67.96
2021-09-08 07:00:00,67.56
2021-09-08 07:15:00,67.28
2021-09-08 07:30:00,67.2
2021-09-08 07:45:00,66.99
2021-09-08 08:00:00,66.5
2021-09-08 08:15:00,66.28
2021-09-08 08:30:00,64.2
2021-09-08 08:45:00,63.94
2021-09-08 09:00:00,60.33
2021-09-08 09:15:00,62.21
2021-09-08 09:30:00,62.38
2021-09-08 09:45:00,64.79
2021-09-08 10:00:00,64.61
2021-09-08 10:15:00,64.41
2021-09-08 10:30:00,62.81
2021-09-08 10:45:00,63.72
2021-09-08 11:00:00,61.07
2021-09-08 11:15:00,59.52
2021-09-08 11:30:00,58.88
2021-09-08 11:45:00,58.96
2021-09-08 12:00:00,58.5
2021-09-08 12:15:00,57.58
2021-09-08 12:30:00,57.25
2021-09-08 12:45:00,57.03
2021-09-08 13:00:00,56.94
2021-09-08 13:15:00,56.94
2021-09-08 13:30:00,56.76
2021-09-08 13:45:00,56.74
2021-09-08 14:00:00,56.83
2021-09-08 14:15:00,56.74
2021-09-08 14:30:00,56.71
2021-09-08 14:45:00,56.56
2021-09-08 15:00:00,56.65
2021-09-08 15:15:00,56.75
2021-09-08 15:30:00,56.7
2021-09-08 15:45:00,56.54
2021-09-08 16:00:00,56.48
2021-09-08 16:15:00,56.65
2021-09-08 16:30:00,57.1
2021-09-08 16:45:00,57.7
2021-09-08 17:00:00,58.64
2021-09-08 17:15:00,59.14
2021-09-08 17:30:00,59.8
2021-09-08 17:45:00,60.6
2021-09-08 18:00:00,61.27
2021-09-08 18:15:00,62.08
2021-09-08 18:30:00,63.02
2021-09-08 18:45:00,63.46
2021-09-08 19:00:00,64.32
2021-09-08 19:15:00,65.24
2021-09-08 19:30:00,65.59
2021-09-08 19:45:00,66.74
2021-09-08 20:00:00,68.18
2021-09-08 20:15:00,69.23
2021-09-08 20:30:00,70.03
2021-09-08 20:45:00,70.49
2021-09-08 21:00:00,70.24
2021-09-08 21:15:00,69.55
2021-09-08 21:30:00,68.82
2021-09-08 21:45:00,68.31
2021-09-08 22:00:00,67.88
2021-09-08 22:15:00,67.46
2021-09-08 22:30:00,67.21
2021-09-08 22:45:00,67.06
2021-09-08 23:00:00,67.02
2021-09-08 23:15:00,66.99
2021-09-08 23:30:00,66.98
2021-09-08 23:45:00,66.87
2021-09-09 00:00:00,66.77
2021-09-09 00:15:00,66.59
2021-09-09 00:30:00,66.45
2021-09-09 00:45:00,66.31
2021-09-09 01:00:00,66.27
2021-09-09 01:15:00,66.21
2021-09-09 01:30:00,66.22
2021-09-09 01:45:00,66.3
2021-09-09 02:00:00,66.34
2021-09-09 02:15:00,66.32
2021-09-09 02:30:00,66.43
2021-09-09 02:45:00,66.64
2021-09-09 03:00:00,66.52
2021-09-09 03:15:00,66.32
2021-09-09 03:30:00,66.1
2021-09-09 03:45:00,65.97
2021-09-09 04:00:00,66.0
2021-09-09 04:15:00,66.01
2021-09-09 04:30:00,66.1
2021-09-09 04:45:00,66.1
2021-09-09 05:00:00,66.12
2021-09-09 05:15:00,66.1
2021-09-09 05:30:00,66.12
2021-09-09 05:45:00,66.15
2021-09-09 06:00:00,66.17
2021-09-09 06:15:00,66.32
2021-09-09 06:30:00,66.33
2021-09-09 06:45:00,66.35
2021-09-09 07:00:00,66.36
2021-09-09 07:15:00,87.83
2021-09-09 07:30:00,76.93
2021-09-09 07:45:00,66.82
2021-09-09 08:00:00,66.59
2021-09-09 08:15:00,66.59
2021-09-09 08:30:00,66.58
2021-09-09 08:45:00,66.61
2021-09-09 09:00:00,66.74
2021-09-09 09:15:00,66.74
2021-09-09 09:30:00,66.79
2021-09-09 09:45:00,67.02
2021-09-09 10:00:00,64.74
2021-09-09 10:15:00,59.39
2021-09-09 10:30:00,60.84
2021-09-09 10:45:00,62.29
2021-09-09 11:00:00,63.01
2021-09-09 11:15:00,61.48
2021-09-09 11:30:00,60.41
2021-09-09 11:45:00,59.63
2021-09-09 12:00:00,58.96
2021-09-09 12:15:00,59.79
2021-09-09 12:30:00,60.05
2021-09-09 12:45:00,59.08
2021-09-09 13:00:00,58.14
2021-09-09 13:15:00,57.36
2021-09-09 13:30:00,57.24
2021-09-09 13:45:00,57.96
2021-09-09 14:00:00,57.43
2021-09-09 14:15:00,57.07
2021-09-09 14:30:00,56.82
2021-09-09 14:45:00,56.65
2021-09-09 15:00:00,56.74
2021-09-09 15:15:00,57.0
2021-09-09 15:30:00,57.18
2021-09-09 15:45:00,56.72
2021-09-09 16:00:00,57.41
2021-09-09 16:15:00,58.25
2021-09-09 16:30:00,59.0
2021-09-09 16:45:00,59.83
2021-09-09 17:00:00,60.31
2021-09-09 17:15:00,60.87
2021-09-09 17:30:00,61.74
2021-09-09 17:45:00,62.57
2021-09-09 18:00:00,63.21
2021-09-09 18:15:00,63.88
2021-09-09 18:30:00,66.56
2021-09-09 18:45:00,68.86
2021-09-09 19:00:00,70.21
2021-09-09 19:15:00,69.93
2021-09-09 19:30:00,69.13
2021-09-09 19:45:00,68.64
2021-09-09 20:00:00,68.46
2021-09-09 20:15:00,68.14
2021-09-09 20:30:00,67.89
2021-09-09 20:45:00,67.57
2021-09-09 21:00:00,67.21
2021-09-09 21:15:00,66.98
2021-09-09 21:30:00,66.74
2021-09-09 21:45:00,66.66
2021-09-09 22:00:00,66.59
2021-09-09 22:15:00,66.51
2021-09-09 22:30:00,66.5
2021-09-09 22:45:00,66.44
2021-09-09 23:00:00,66.42
2021-09-09 23:15:00,66.43
2021-09-09 23:30:00,66.46
2021-09-09 23:45:00,66.46
2021-09-10 00:00:00,66.46
2021-09-10 00:15:00,66.46
2021-09-10 00:30:00,66.49
2021-09-10 00:45:00,66.47
2021-09-10 01:00:00,66.45
2021-09-10 01:15:00,66.42
2021-09-10 01:30:00,66.36
2021-09-10 01:45:00,66.33
2021-09-10 02:00:00,66.32
2021-09-10 02:15:00,66.28
2021-09-10 02:30:00,66.26
2021-09-10 02:45:00,66.27
2021-09-10 03:00:00,66.28
2021-09-10 03:15:00,66.32
2021-09-10 03:30:00,66.3
2021-09-10 03:45:00,66.29
2021-09-10 04:00:00,66.31
2021-09-10 04:15:00,66.34
2021-09-10 04:30:00,66.33
2021-09-10 04:45:00,66.32
2021-09-10 05:00:00,66.37
2021-09-10 05:15:00,66.39
2021-09-10 05:30:00,66.37
2021-09-10 05:45:00,66.39
2021-09-10 06:00:00,66.37
2021-09-10 06:15:00,66.39
2021-09-10 06:30:00,66.35
2021-09-10 06:45:00,66.32
2021-09-10 07:00:00,66.19
2021-09-10 07:15:00,86.12
2021-09-10 07:30:00,95.28
2021-09-10 07:45:00,66.87
2021-09-10 08:00:00,66.68
2021-09-10 08:15:00,66.71
2021-09-10 08:30:00,66.63
2021-09-10 08:45:00,66.55
2021-09-10 09:00:00,66.56
2021-09-10 09:15:00,66.61
2021-09-10 09:30:00,66.62
2021-09-10 09:45:00,66.64
2021-09-10 10:00:00,66.72
2021-09-10 10:15:00,66.76
2021-09-10 10:30:00,66.86
2021-09-10 10:45:00,66.65
2021-09-10 11:00:00,63.06
2021-09-10 11:15:00,61.57
2021-09-10 11:30:00,58.67
2021-09-10 11:45:00,61.05
2021-09-10 12:00:00,61.25
2021-09-10 12:15:00,59.84
2021-09-10 12:30:00,59.45
2021-09-10 12:45:00,57.79
2021-09-10 13:00:00,56.86
2021-09-10 13:15:00,55.02
2021-09-10 13:30:00,54.53
2021-09-10 13:45:00,55.18
2021-09-10 14:00:00,56.67
2021-09-10 14:15:00,57.86
2021-09-10 14:30:00,57.25
2021-09-10 14:45:00,56.82
2021-09-10 15:00:00,56.82
2021-09-10 15:15:00,56.53
2021-09-10 15:30:00,56.47
2021-09-10 15:45:00,57.05
2021-09-10 16:00:00,57.75
2021-09-10 16:15:00,58.25
2021-09-10 16:30:00,59.27
2021-09-10 16:45:00,59.8
2021-09-10 17:00:00,60.22
2021-09-10 17:15:00,61.41
2021-09-10 17:30:00,63.9
2021-09-10 17:45:00,67.45
2021-09-10 18:00:00,67.44
2021-09-10 18:15:00,63.51
2021-09-10 18:30:00,62.09
2021-09-10 18:45:00,61.61
2021-09-10 19:00:00,61.3
2021-09-10 19:15:00,61.31
2021-09-10 19:30:00,61.47
2021-09-10 19:45:00,61.66
2021-09-10 20:00:00,61.91
2021-09-10 20:15:00,62.54
2021-09-10 20:30:00,62.97
2021-09-10 20:45:00,63.43
2021-09-10 21:00:00,63.63
2021-09-10 21:15:00,63.82
2021-09-10 21:30:00,63.99
2021-09-10 21:45:00,64.5
2021-09-10 22:00:00,65.09
2021-09-10 22:15:00,65.59
2021-09-10 22:30:00,65.94
2021-09-10 22:45:00,66.14
2021-09-10 23:00:00,66.3
2021-09-10 23:15:00,66.34
2021-09-10 23:30:00,66.35
2021-09-10 23:45:00,66.43
2021-09-11 00:00:00,66.34
2021-09-11 00:15:00,66.33
2021-09-11 00:30:00,66.22
2021-09-11 00:45:00,66.15
2021-09-11 01:00:00,66.15
2021-09-11 01:15:00,66.21
2021-09-11 01:30:00,66.21
2021-09-11 01:45:00,66.15
2021-09-11 02:00:00,66.21
2021-09-11 02:15:00,66.2
2021-09-11 02:30:00,66.19
2021-09-11 02:45:00,66.19
2021-09-11 03:00:00,66.22
2021-09-11 03:15:00,66.19
2021-09-11 03:30:00,66.24
2021-09-11 03:45:00,66.17
2021-09-11 04:00:00,66.15
2021-09-11 04:15:00,66.06
2021-09-11 04:30:00,66.09
2021-09-11 04:45:00,66.11
2021-09-11 05:00:00,66.15
2021-09-11 05:15:00,66.19
2021-09-11 05:30:00,66.19
2021-09-11 05:45:00,66.07
2021-09-11 06:00:00,66.06
2021-09-11 06:15:00,66.06
2021-09-11 06:30:00,66.06
2021-09-11 06:45:00,66.06
2021-09-11 07:00:00,66.1
2021-09-11 07:15:00,87.16
2021-09-11 07:30:00,85.63
2021-09-11 07:45:00,81.39
2021-09-11 08:00:00,82.54
2021-09-11 08:15:00,107.73
2021-09-11 08:30:00,67.05
2021-09-11 08:45:00,66.72
2021-09-11 09:00:00,66.55
2021-09-11 09:15:00,66.6
2021-09-11 09:30:00,66.92
2021-09-11 09:45:00,65.43
2021-09-11 10:00:00,63.71
2021-09-11 10:15:00,61.34
2021-09-11 10:30:00,61.57
2021-09-11 10:45:00,63.79
2021-09-11 11:00:00,64.65
2021-09-11 11:15:00,66.04
2021-09-11 11:30:00,67.81
2021-09-11 11:45:00,69.23
2021-09-11 12:00:00,70.62
2021-09-11 12:15:00,71.61
2021-09-11 12:30:00,72.5
2021-09-11 12:45:00,73.41
2021-09-11 13:00:00,74.05
2021-09-11 13:15:00,74.78
2021-09-11 13:30:00,75.5
2021-09-11 13:45:00,76.04
2021-09-11 14:00:00,76.59
2021-09-11 14:15:00,77.12
2021-09-11 14:30:00,77.53
2021-09-11 14:45:00,78.03
2021-09-11 15:00:00,78.4
2021-09-11 15:15:00,77.95
2021-09-11 15:30:00,70.36
2021-09-11 15:45:00,64.0
2021-09-11 16:00:00,59.92
2021-09-11 16:15:00,56.83
2021-09-11 16:30:00,55.23
2021-09-11 16:45:00,54.06
2021-09-11 17:00:00,53.89
2021-09-11 17:15:00,53.74
2021-09-11 17:30:00,53.48
2021-09-11 17:45:00,53.13
2021-09-11 18:00:00,53.54
2021-09-11 18:15:00,54.02
2021-09-11 18:30:00,55.4
2021-09-11 18:45:00,58.07
2021-09-11 19:00:00,59.8
2021-09-11 19:15:00,61.94
2021-09-11 19:30:00,63.2
2021-09-11 19:45:00,64.25
2021-09-11 20:00:00,65.01
2021-09-11 20:15:00,66.05
2021-09-11 20:30:00,67.35
2021-09-11 20:45:00,68.7
2021-09-11 21:00:00,69.77
2021-09-11 21:15:00,70.26
2021-09-11 21:30:00,69.83
2021-09-11 21:45:00,69.13
2021-09-11 22:00:00,68.64
2021-09-11 22:15:00,68.15
2021-09-11 22:30:00,67.82
2021-09-11 22:45:00,67.57
2021-09-11 23:00:00,67.21
2021-09-11 23:15:00,66.97
2021-09-11 23:30:00,66.68
2021-09-11 23:45:00,66.47
2021-09-12 00:00:00,66.57
2021-09-12 00:15:00,66.92
2021-09-12 00:30:00,67.14
2021-09-12 00:45:00,67.21
2021-09-12 01:00:00,66.68
2021-09-12 01:15:00,66.15
2021-09-12 01:30:00,65.98
2021-09-12 01:45:00,66.07
2021-09-12 02:00:00,66.16
2021-09-12 02:15:00,66.24
2021-09-12 02:30:00,66.21
2021-09-12 02:45:00,66.25
2021-09-12 03:00:00,66.23
2021-09-12 03:15:00,66.25
2021-09-12 03:30:00,66.21
2021-09-12 03:45:00,66.2
2021-09-12 04:00:00,66.21
2021-09-12 04:15:00,66.19
2021-09-12 04:30:00,66.19
2021-09-12 04:45:00,66.25
2021-09-12 05:00:00,66.25
2021-09-12 05:15:00,66.2
2021-09-12 05:30:00,66.15
2021-09-12 05:45:00,66.15
2021-09-12 06:00:00,66.15
2021-09-12 06:15:00,66.14
2021-09-12 06:30:00,66.15
2021-09-12 06:45:00,66.15
2021-09-12 07:00:00,66.1
2021-09-12 07:15:00,87.07
2021-09-12 07:30:00,80.52
2021-09-12 07:45:00,107.38
2021-09-12 08:00:00,67.39
2021-09-12 08:15:00,66.79
2021-09-12 08:30:00,66.55
2021-09-12 08:45:00,66.52
2021-09-12 09:00:00,66.65
2021-09-12 09:15:00,66.84
2021-09-12 09:30:00,66.97
2021-09-12 09:45:00,67.04
2021-09-12 10:00:00,66.8
2021-09-12 10:15:00,66.29
2021-09-12 10:30:00,61.23
2021-09-12 10:45:00,60.74
2021-09-12 11:00:00,58.14
2021-09-12 11:15:00,55.84
2021-09-12 11:30:00,55.34
2021-09-12 11:45:00,55.89
2021-09-12 12:00:00,58.07
2021-09-12 12:15:00,58.0
2021-09-12 12:30:00,56.81
2021-09-12 12:45:00,56.8
2021-09-12 13:00:00,56.44
2021-09-12 13:15:00,56.47
2021-09-12 13:30:00,56.43
2021-09-12 13:45:00,56.48
2021-09-12 14:00:00,56.51
2021-09-12 14:15:00,56.66
2021-09-12 14:30:00,56.65
2021-09-12 14:45:00,56.72
2021-09-12 15:00:00,56.65
2021-09-12 15:15:00,56.69
2021-09-12 15:30:00,56.62
2021-09-12 15:45:00,56.58
2021-09-12 16:00:00,56.58
2021-09-12 16:15:00,56.65
2021-09-12 16:30:00,56.98
2021-09-12 16:45:00,57.74
2021-09-12 17:00:00,58.43
2021-09-12 17:15:00,59.2
2021-09-12 17:30:00,59.98
2021-09-12 17:45:00,60.61
2021-09-12 18:00:00,61.46
2021-09-12 18:15:00,62.65
2021-09-12 18:30:00,65.24
2021-09-12 18:45:00,67.54
2021-09-12 19:00:00,68.7
2021-09-12 19:15:00,68.3
2021-09-12 19:30:00,67.86
2021-09-12 19:45:00,67.86
2021-09-12 20:00:00,67.87
2021-09-12 20:15:00,67.75
2021-09-12 20:30:00,67.66
2021-09-12 20:45:00,67.5
2021-09-12 21:00:00,67.48
2021-09-12 21:15:00,67.28
2021-09-12 21:30:00,67.12
2021-09-12 21:45:00,67.12
2021-09-12 22:00:00,67.1
2021-09-12 22:15:00,66.86
2021-09-12 22:30:00,66.8
2021-09-12 22:45:00,66.74
2021-09-12 23:00:00,66.8
2021-09-12 23:15:00,66.68
2021-09-12 23:30:00,66.64
2021-09-12 23:45:00,66.37
2021-09-13 00:00:00,66.3
2021-09-13 00:15:00,66.29
2021-09-13 00:30:00,66.15
2021-09-13 00:45:00,66.33
2021-09-13 01:00:00,66.37
2021-09-13 01:15:00,66.84
2021-09-13 01:30:00,66.82
2021-09-13 01:45:00,66.45
2021-09-13 02:00:00,66.15
2021-09-13 02:15:00,66.05
2021-09-13 02:30:00,66.07
2021-09-13 02:45:00,66.1
2021-09-13 03:00:00,66.12
2021-09-13 03:15:00,66.29
2021-09-13 03:30:00,66.48
2021-09-13 03:45:00,66.58
2021-09-13 04:00:00,66.64
2021-09-13 04:15:00,66.37
2021-09-13 04:30:00,66.32
2021-09-13 04:45:00,66.18
2021-09-13 05:00:00,65.99
2021-09-13 05:15:00,62.44
2021-09-13 05:30:00,60.1
2021-09-13 05:45:00,58.61
2021-09-13 06:00:00,57.97
2021-09-13 06:15:00,63.54
2021-09-13 06:30:00,64.9
2021-09-13 06:45:00,66.71
2021-09-13 07:00:00,66.82
2021-09-13 07:15:00,83.71
2021-09-13 07:30:00,90.11
2021-09-13 07:45:00,84.63
2021-09-13 08:00:00,78.13
2021-09-13 08:15:00,75.97
2021-09-13 08:30:00,80.59
2021-09-13 08:45:00,85.64
2021-09-13 09:00:00,57.62
2021-09-13 09:15:00,56.33
2021-09-13 09:30:00,56.36
2021-09-13 09:45:00,56.3
2021-09-13 10:00:00,56.65
2021-09-13 10:15:00,56.2
2021-09-13 10:30:00,55.79
2021-09-13 10:45:00,55.56
2021-09-13 11:00:00,55.05
2021-09-13 11:15:00,54.69
2021-09-13 11:30:00,54.72
2021-09-13 11:45:00,54.67
2021-09-13 12:00:00,54.05
2021-09-13 12:15:00,53.94
2021-09-13 12:30:00,53.74
2021-09-13 12:45:00,53.54
2021-09-13 13:00:00,53.73
2021-09-13 13:15:00,53.69
2021-09-13 13:30:00,53.67
2021-09-13 13:45:00,53.59
2021-09-13 14:00:00,53.56
2021-09-13 14:15:00,55.22
2021-09-13 14:30:00,55.76
2021-09-13 14:45:00,55.22
2021-09-13 15:00:00,54.51
2021-09-13 15:15:00,54.42
2021-09-13 15:30:00,54.25
2021-09-13 15:45:00,54.6
2021-09-13 16:00:00,54.61
2021-09-13 16:15:00,54.93
2021-09-13 16:30:00,55.13
2021-09-13 16:45:00,55.14
2021-09-13 17:00:00,55.48
2021-09-13 17:15:00,55.81
2021-09-13 17:30:00,55.97
2021-09-13 17:45:00,56.41
2021-09-13 18:00:00,57.04
2021-09-13 18:15:00,55.55
2021-09-13 18:30:00,58.97
2021-09-13 18:45:00,57.7
2021-09-13 19:00:00,57.87
2021-09-13 19:15:00,58.25
2021-09-13 19:30:00,58.52
2021-09-13 19:45:00,60.68
2021-09-13 20:00:00,61.79
2021-09-13 20:15:00,61.76
2021-09-13 20:30:00,61.51
2021-09-13 20:45:00,60.32
2021-09-13 21:00:00,59.41
2021-09-13 21:15:00,58.76
2021-09-13 21:30:00,58.05
2021-09-13 21:45:00,57.94
2021-09-13 22:00:00,58.59
2021-09-13 22:15:00,57.49
2021-09-13 22:30:00,57.4
2021-09-13 22:45:00,56.91
2021-09-13 23:00:00,56.58
2021-09-13 23:15:00,56.68
2021-09-13 23:30:00,56.34
2021-09-13 23:45:00,56.51
