datetime,1B-ASAM-1
8/15/21 0:00,412.934
8/15/21 0:15,414.948
8/15/21 0:30,414.6446667
8/15/21 0:45,413.978
8/15/21 1:00,413.16
8/15/21 1:15,414.3906667
8/15/21 1:30,414.7013333
8/15/21 1:45,414.6986667
8/15/21 2:00,414.9013333
8/15/21 2:15,416.1313333
8/15/21 2:30,416.3153333
8/15/21 2:45,415.7473333
8/15/21 3:00,416.8033333
8/15/21 3:15,418.1846667
8/15/21 3:30,419.684
8/15/21 3:45,422.436
8/15/21 4:00,422.918
8/15/21 4:15,422.4706667
8/15/21 4:30,422.578
8/15/21 4:45,422.4346667
8/15/21 5:00,422.6346667
8/15/21 5:15,423.1646667
8/15/21 5:30,424.3373333
8/15/21 5:45,422.638
8/15/21 6:00,423.9753333
8/15/21 6:15,424.3146667
8/15/21 6:30,424.116
8/15/21 6:45,424.1733333
8/15/21 7:00,425.5133333
8/15/21 7:15,550.0606667
8/15/21 7:30,854.9186667
8/15/21 7:45,1016.303333
8/15/21 8:00,1133.774667
8/15/21 8:15,997.9433333
8/15/21 8:30,699.18
8/15/21 8:45,468.582
8/15/21 9:00,458.5826667
8/15/21 9:15,460.5813333
8/15/21 9:30,455.32
8/15/21 9:45,451.5866667
8/15/21 10:00,448.8146667
8/15/21 10:15,449.9526667
8/15/21 10:30,464.1106667
8/15/21 10:45,472.6126667
8/15/21 11:00,548.262
8/15/21 11:15,641.4533333
8/15/21 11:30,795.9633333
8/15/21 11:45,916.462
8/15/21 12:00,973.0586667
8/15/21 12:15,1015.728667
8/15/21 12:30,984.658
8/15/21 12:45,945.168
8/15/21 13:00,975.2793333
8/15/21 13:15,1073.444667
8/15/21 13:30,981.2806667
8/15/21 13:45,942.8653333
8/15/21 14:00,954.5346667
8/15/21 14:15,1005.435333
8/15/21 14:30,1065.340667
8/15/21 14:45,1066.373333
8/15/21 15:00,1060.876
8/15/21 15:15,969.8113333
8/15/21 15:30,897.7506667
8/15/21 15:45,846.0153333
8/15/21 16:00,856.8546667
8/15/21 16:15,920.9486667
8/15/21 16:30,881.5626667
8/15/21 16:45,923.744
8/15/21 17:00,913.3366667
8/15/21 17:15,984.1353333
8/15/21 17:30,966.9793333
8/15/21 17:45,978.03
8/15/21 18:00,956.1613333
8/15/21 18:15,884.9106667
8/15/21 18:30,796.1513333
8/15/21 18:45,712.086
8/15/21 19:00,625.3806667
8/15/21 19:15,536.9913333
8/15/21 19:30,452.786
8/15/21 19:45,434.8506667
8/15/21 20:00,428.844
8/15/21 20:15,427.9273333
8/15/21 20:30,429.5733333
8/15/21 20:45,431.3473333
8/15/21 21:00,431.6913333
8/15/21 21:15,433.018
8/15/21 21:30,432.91
8/15/21 21:45,432.032
8/15/21 22:00,431.89
8/15/21 22:15,430.1813333
8/15/21 22:30,429.7413333
8/15/21 22:45,430.0006667
8/15/21 23:00,430.046
8/15/21 23:15,430.736
8/15/21 23:30,430.0773333
8/15/21 23:45,428.894
8/16/21 0:00,429.31
8/16/21 0:15,429.2546667
8/16/21 0:30,427.424
8/16/21 0:45,428.8233333
8/16/21 1:00,428.1086667
8/16/21 1:15,452.22
8/16/21 1:30,461.7226667
8/16/21 1:45,466.694
8/16/21 2:00,470.7953333
8/16/21 2:15,474.0233333
8/16/21 2:30,475.21
8/16/21 2:45,475.8053333
8/16/21 3:00,478.3786667
8/16/21 3:15,479.8046667
8/16/21 3:30,479.4413333
8/16/21 3:45,479.106
8/16/21 4:00,478.7013333
8/16/21 4:15,482.3953333
8/16/21 4:30,475.1913333
8/16/21 4:45,480.47
8/16/21 5:00,480.2953333
8/16/21 5:15,482.8946667
8/16/21 5:30,483.64
8/16/21 5:45,482.7946667
8/16/21 6:00,480.9113333
8/16/21 6:15,477.8613333
8/16/21 6:30,481.906
8/16/21 6:45,482.1026667
8/16/21 7:00,479.5226667
8/16/21 7:15,757.3033333
8/16/21 7:30,940.1033333
8/16/21 7:45,786.032
8/16/21 8:00,427.002
8/16/21 8:15,431.072
8/16/21 8:30,482.34
8/16/21 8:45,485.644
8/16/21 9:00,481.6773333
8/16/21 9:15,483.8913333
8/16/21 9:30,482.8113333
8/16/21 9:45,482.474
8/16/21 10:00,483.3326667
8/16/21 10:15,484.0253333
8/16/21 10:30,483.6473333
8/16/21 10:45,485.1826667
8/16/21 11:00,527.1026667
8/16/21 11:15,528.7886667
8/16/21 11:30,570.3466667
8/16/21 11:45,668.0206667
8/16/21 12:00,811.3026667
8/16/21 12:15,1008.169333
8/16/21 12:30,1107.423333
8/16/21 12:45,1125.326
8/16/21 13:00,1087.78
8/16/21 13:15,1013.362667
8/16/21 13:30,984.598
8/16/21 13:45,1004.235333
8/16/21 14:00,1039.818
8/16/21 14:15,563.7933333
8/16/21 14:30,476.044
8/16/21 14:45,471.654
8/16/21 15:00,618.928
8/16/21 15:15,786.0253333
8/16/21 15:30,786.3206667
8/16/21 15:45,790.5306667
8/16/21 16:00,795.892
8/16/21 16:15,782.4146667
8/16/21 16:30,768.2393333
8/16/21 16:45,737.3233333
8/16/21 17:00,714.366
8/16/21 17:15,661.2566667
8/16/21 17:30,597.506
8/16/21 17:45,562.642
8/16/21 18:00,538.9373333
8/16/21 18:15,1236.106
8/16/21 18:30,1332.893333
8/16/21 18:45,888.7126667
8/16/21 19:00,605.2
8/16/21 19:15,502.266
8/16/21 19:30,475.3033333
8/16/21 19:45,472.0253333
8/16/21 20:00,470.446
8/16/21 20:15,467.7946667
8/16/21 20:30,468.396
8/16/21 20:45,468.4273333
8/16/21 21:00,472.6466667
8/16/21 21:15,471.5753333
8/16/21 21:30,476.1913333
8/16/21 21:45,478.2386667
8/16/21 22:00,481.2913333
8/16/21 22:15,482.3893333
8/16/21 22:30,486.628
8/16/21 22:45,488.8186667
8/16/21 23:00,487.3846667
8/16/21 23:15,484.6573333
8/16/21 23:30,483.9006667
8/16/21 23:45,485.3073333
8/17/21 0:00,480.8213333
8/17/21 0:15,483.034
8/17/21 0:30,482.376
8/17/21 0:45,480.982
8/17/21 1:00,482.8973333
8/17/21 1:15,481.106
8/17/21 1:30,480.4086667
8/17/21 1:45,482.3513333
8/17/21 2:00,481.5133333
8/17/21 2:15,479.2706667
8/17/21 2:30,481.6393333
8/17/21 2:45,481.208
8/17/21 3:00,482.0413333
8/17/21 3:15,481.7953333
8/17/21 3:30,481.7793333
8/17/21 3:45,481.5446667
8/17/21 4:00,482.1186667
8/17/21 4:15,481.1406667
8/17/21 4:30,480.9053333
8/17/21 4:45,482.5993333
8/17/21 5:00,482.6353333
8/17/21 5:15,481.9506667
8/17/21 5:30,482.872
8/17/21 5:45,482.4053333
8/17/21 6:00,482.374
8/17/21 6:15,483.0286667
8/17/21 6:30,482.9673333
8/17/21 6:45,480.2893333
8/17/21 7:00,480.468
8/17/21 7:15,724.778
8/17/21 7:30,738.1966667
8/17/21 7:45,433.622
8/17/21 8:00,400.6113333
8/17/21 8:15,437.8466667
8/17/21 8:30,478.7346667
8/17/21 8:45,481.7173333
8/17/21 9:00,482.164
8/17/21 9:15,482.4446667
8/17/21 9:30,480.0586667
8/17/21 9:45,481.514
8/17/21 10:00,481.6533333
8/17/21 10:15,481.816
8/17/21 10:30,482.6633333
8/17/21 10:45,481.4533333
8/17/21 11:00,488.6846667
8/17/21 11:15,520.008
8/17/21 11:30,557.0666667
8/17/21 11:45,668.2226667
8/17/21 12:00,920.5486667
8/17/21 12:15,832.8366667
8/17/21 12:30,614.328
8/17/21 12:45,643.502
8/17/21 13:00,758.3993333
8/17/21 13:15,924.8893333
8/17/21 13:30,1026.946667
8/17/21 13:45,1087.912667
8/17/21 14:00,1090.144667
8/17/21 14:15,552.5693333
8/17/21 14:30,473.9793333
8/17/21 14:45,480.5013333
8/17/21 15:00,473.7646667
8/17/21 15:15,564.8046667
8/17/21 15:30,692.9026667
8/17/21 15:45,749.4746667
8/17/21 16:00,757.6706667
8/17/21 16:15,743.3393333
8/17/21 16:30,708.1433333
8/17/21 16:45,647.5113333
8/17/21 17:00,589.364
8/17/21 17:15,558.6133333
8/17/21 17:30,520.8726667
8/17/21 17:45,487.2986667
8/17/21 18:00,481.2006667
8/17/21 18:15,1253.634
8/17/21 18:30,1268.634
8/17/21 18:45,898.4513333
8/17/21 19:00,599.206
8/17/21 19:15,479.8366667
8/17/21 19:30,469.3073333
8/17/21 19:45,474.0033333
8/17/21 20:00,482.4386667
8/17/21 20:15,484.9193333
8/17/21 20:30,483.8646667
8/17/21 20:45,482.0066667
8/17/21 21:00,479.7173333
8/17/21 21:15,479.3686667
8/17/21 21:30,478.7986667
8/17/21 21:45,479.3
8/17/21 22:00,479.7186667
8/17/21 22:15,478.1086667
8/17/21 22:30,478.5973333
8/17/21 22:45,477.9673333
8/17/21 23:00,479.2253333
8/17/21 23:15,480.0253333
8/17/21 23:30,480.9846667
8/17/21 23:45,479.992
8/18/21 0:00,480.9886667
8/18/21 0:15,480.6933333
8/18/21 0:30,482.156
8/18/21 0:45,481.0666667
8/18/21 1:00,479.7486667
8/18/21 1:15,480.7286667
8/18/21 1:30,479.2406667
8/18/21 1:45,480.9826667
8/18/21 2:00,480.916
8/18/21 2:15,480.7466667
8/18/21 2:30,480.518
8/18/21 2:45,481.59
8/18/21 3:00,480.6313333
8/18/21 3:15,480.8393333
8/18/21 3:30,482.4346667
8/18/21 3:45,480.316
8/18/21 4:00,479.5053333
8/18/21 4:15,481.164
8/18/21 4:30,481.4346667
8/18/21 4:45,481.5386667
8/18/21 5:00,481.1686667
8/18/21 5:15,481.096
8/18/21 5:30,481.2666667
8/18/21 5:45,480.7726667
8/18/21 6:00,480.8713333
8/18/21 6:15,480.62
8/18/21 6:30,481.0413333
8/18/21 6:45,480.0553333
8/18/21 7:00,481.19125
8/18/21 7:15,690.4985714
8/18/21 7:30,903.7266667
8/18/21 7:45,850.7486667
8/18/21 8:00,880.3173333
8/18/21 8:15,835.396
8/18/21 8:30,456.718
8/18/21 8:45,482.1426667
8/18/21 9:00,484.0933333
8/18/21 9:15,482.0366667
8/18/21 9:30,480.942
8/18/21 9:45,481.9513333
8/18/21 10:00,467.3806667
8/18/21 10:15,469.69
8/18/21 10:30,508.288
8/18/21 10:45,509.7753333
8/18/21 11:00,494.9073333
8/18/21 11:15,466.994
8/18/21 11:30,503.9506667
8/18/21 11:45,611.7686667
8/18/21 12:00,746.144
8/18/21 12:15,950.6246667
8/18/21 12:30,1190.31
8/18/21 12:45,1320.286
8/18/21 13:00,1316.136667
8/18/21 13:15,907.1746667
8/18/21 13:30,680.6786667
8/18/21 13:45,635.398
8/18/21 14:00,632.8893333
8/18/21 14:15,484.6066667
8/18/21 14:30,464.678
8/18/21 14:45,464.976
8/18/21 15:00,463.644
8/18/21 15:15,466.2406667
8/18/21 15:30,465.7186667
8/18/21 15:45,468.022
8/18/21 16:00,471.5546667
8/18/21 16:15,468.096
8/18/21 16:30,473.134
8/18/21 16:45,477.072
8/18/21 17:00,477.2773333
8/18/21 17:15,478.618
8/18/21 17:30,487.9866667
8/18/21 17:45,480.6546667
8/18/21 18:00,482.8706667
8/18/21 18:15,1140.461333
8/18/21 18:30,1401.542667
8/18/21 18:45,1367.647333
8/18/21 19:00,953.926
8/18/21 19:15,570.9886667
8/18/21 19:30,469.1933333
8/18/21 19:45,468.134
8/18/21 20:00,469.9813333
8/18/21 20:15,467.586
8/18/21 20:30,465.1026667
8/18/21 20:45,466.9606667
8/18/21 21:00,466.4373333
8/18/21 21:15,466.0786667
8/18/21 21:30,468.2186667
8/18/21 21:45,467.4673333
8/18/21 22:00,467.382
8/18/21 22:15,467.8333333
8/18/21 22:30,467.28
8/18/21 22:45,468.7393333
8/18/21 23:00,468.0233333
8/18/21 23:15,471.548
8/18/21 23:30,471.8906667
8/18/21 23:45,482.4806667
8/19/21 0:00,483.2046667
8/19/21 0:15,478.6266667
8/19/21 0:30,481.6666667
8/19/21 0:45,481.5486667
8/19/21 1:00,482.3373333
8/19/21 1:15,438.694
8/19/21 1:30,433.5933333
8/19/21 1:45,427.0226667
8/19/21 2:00,422.3253333
8/19/21 2:15,420.358
8/19/21 2:30,418.098
8/19/21 2:45,415.946
8/19/21 3:00,417.068
8/19/21 3:15,417.424
8/19/21 3:30,417.614
8/19/21 3:45,416.4426667
8/19/21 4:00,416.0973333
8/19/21 4:15,417.326
8/19/21 4:30,414.686
8/19/21 4:45,415.3013333
8/19/21 5:00,415.204
8/19/21 5:15,415.0373333
8/19/21 5:30,414.732
8/19/21 5:45,415.096
8/19/21 6:00,415.344
8/19/21 6:15,500.7906667
8/19/21 6:30,633.3973333
8/19/21 6:45,576.2213333
8/19/21 7:00,372.34
8/19/21 7:15,656.902
8/19/21 7:30,1185.832
8/19/21 7:45,1320.475333
8/19/21 8:00,1125.717333
8/19/21 8:15,941.1806667
8/19/21 8:30,968.9033333
8/19/21 8:45,675.3906667
8/19/21 9:00,536.04
8/19/21 9:15,409.608
8/19/21 9:30,400.7346667
8/19/21 9:45,401.426
8/19/21 10:00,394.0933333
8/19/21 10:15,401.276
8/19/21 10:30,402.666
8/19/21 10:45,402.658
8/19/21 11:00,403.2273333
8/19/21 11:15,401.644
8/19/21 11:30,406.8673333
8/19/21 11:45,399.4926667
8/19/21 12:00,401.956
8/19/21 12:15,405.9406667
8/19/21 12:30,402.8813333
8/19/21 12:45,410.2046667
8/19/21 13:00,449.5166667
8/19/21 13:15,433.548
8/19/21 13:30,425.048
8/19/21 13:45,425.8826667
8/19/21 14:00,425.4233333
8/19/21 14:15,394.756
8/19/21 14:30,403.6353333
8/19/21 14:45,408.968
8/19/21 15:00,411.7806667
8/19/21 15:15,412.8926667
8/19/21 15:30,413.4273333
8/19/21 15:45,414.1213333
8/19/21 16:00,414.3133333
8/19/21 16:15,409.9746667
8/19/21 16:30,414.73
8/19/21 16:45,416.6386667
8/19/21 17:00,416.2166667
8/19/21 17:15,411.5606667
8/19/21 17:30,402.948
8/19/21 17:45,399.862
8/19/21 18:00,409.976
8/19/21 18:15,430.026
8/19/21 18:30,414.3886667
8/19/21 18:45,415.8153333
8/19/21 19:00,416.1086667
8/19/21 19:15,414.8906667
8/19/21 19:30,401.3113333
8/19/21 19:45,396.1166667
8/19/21 20:00,395.842
8/19/21 20:15,396.0393333
8/19/21 20:30,395.1186667
8/19/21 20:45,394.4106667
8/19/21 21:00,390.0306667
8/19/21 21:15,333.6973333
8/19/21 21:30,325.288
8/19/21 21:45,318.68
8/19/21 22:00,325.76
8/19/21 22:15,405.1706667
8/19/21 22:30,413.3266667
8/19/21 22:45,413.2353333
8/19/21 23:00,412.8433333
8/19/21 23:15,414.2526667
8/19/21 23:30,416.602
8/19/21 23:45,416.1266667
8/20/21 0:00,414.8313333
8/20/21 0:15,415.2706667
8/20/21 0:30,414.726
8/20/21 0:45,414.0106667
8/20/21 1:00,414.3893333
8/20/21 1:15,414.54
8/20/21 1:30,411.6813333
8/20/21 1:45,413.4906667
8/20/21 2:00,413.6853333
8/20/21 2:15,415.4193333
8/20/21 2:30,414.0893333
8/20/21 2:45,414.6106667
8/20/21 3:00,415.4346667
8/20/21 3:15,416.0926667
8/20/21 3:30,417.5653333
8/20/21 3:45,417.2493333
8/20/21 4:00,417.2453333
8/20/21 4:15,418.0586667
8/20/21 4:30,417.5746667
8/20/21 4:45,418.118
8/20/21 5:00,418.684
8/20/21 5:15,418.1553333
8/20/21 5:30,418.1346667
8/20/21 5:45,418.5366667
8/20/21 6:00,418.0733333
8/20/21 6:15,419.184
8/20/21 6:30,419.2373333
8/20/21 6:45,421.0326667
8/20/21 7:00,425.2626667
8/20/21 7:15,635.6846667
8/20/21 7:30,1113.377333
8/20/21 7:45,1203.892667
8/20/21 8:00,1265.846667
8/20/21 8:15,1048.322
8/20/21 8:30,511.4673333
8/20/21 8:45,437.788
8/20/21 9:00,435.568
8/20/21 9:15,430.6726667
8/20/21 9:30,430.954
8/20/21 9:45,431.466
8/20/21 10:00,432.642
8/20/21 10:15,433.0993333
8/20/21 10:30,435.7506667
8/20/21 10:45,436.4526667
8/20/21 11:00,436.71
8/20/21 11:15,435.584
8/20/21 11:30,454.6746667
8/20/21 11:45,567.7566667
8/20/21 12:00,769.0873333
8/20/21 12:15,916.3466667
8/20/21 12:30,1112.594667
8/20/21 12:45,1176.099333
8/20/21 13:00,1011.832667
8/20/21 13:15,761.652
8/20/21 13:30,592.5626667
8/20/21 13:45,508.5013333
8/20/21 14:00,476.726
8/20/21 14:15,436.2686667
8/20/21 14:30,432.2013333
8/20/21 14:45,432.758
8/20/21 15:00,432.8526667
8/20/21 15:15,432.002
8/20/21 15:30,431.7233333
8/20/21 15:45,429.604
8/20/21 16:00,429.934
8/20/21 16:15,430.0426667
8/20/21 16:30,431.0593333
8/20/21 16:45,429.098
8/20/21 17:00,430.2373333
8/20/21 17:15,431.382
8/20/21 17:30,431.4973333
8/20/21 17:45,431.2273333
8/20/21 18:00,430.966
8/20/21 18:15,504.7606667
8/20/21 18:30,609.3326667
8/20/21 18:45,587.528
8/20/21 19:00,534.2206667
8/20/21 19:15,470.15
8/20/21 19:30,429.27
8/20/21 19:45,426.8426667
8/20/21 20:00,429.1233333
8/20/21 20:15,428.9833333
8/20/21 20:30,429.4886667
8/20/21 20:45,429.4753333
8/20/21 21:00,429.418
8/20/21 21:15,428.4346667
8/20/21 21:30,429.9173333
8/20/21 21:45,428.5846667
8/20/21 22:00,430.1366667
8/20/21 22:15,427.9733333
8/20/21 22:30,429.2453333
8/20/21 22:45,430.214
8/20/21 23:00,429.0166667
8/20/21 23:15,431.7233333
8/20/21 23:30,432.0813333
8/20/21 23:45,430.9026667
8/21/21 0:00,429.9106667
8/21/21 0:15,431.1513333
8/21/21 0:30,430.986
8/21/21 0:45,431.0746667
8/21/21 1:00,432.4266667
8/21/21 1:15,431.9613333
8/21/21 1:30,431.5986667
8/21/21 1:45,430.836
8/21/21 2:00,431.4213333
8/21/21 2:15,430.9433333
8/21/21 2:30,430.9053333
8/21/21 2:45,431.5326667
8/21/21 3:00,432.158
8/21/21 3:15,431.5093333
8/21/21 3:30,431.7486667
8/21/21 3:45,432.1966667
8/21/21 4:00,431.7133333
8/21/21 4:15,430.93
8/21/21 4:30,432.23
8/21/21 4:45,431.9493333
8/21/21 5:00,430.62
8/21/21 5:15,431.912
8/21/21 5:30,431.1966667
8/21/21 5:45,430.9566667
8/21/21 6:00,430.6273333
8/21/21 6:15,430.446
8/21/21 6:30,430.9806667
8/21/21 6:45,430.668
8/21/21 7:00,430.812
8/21/21 7:15,610.1006667
8/21/21 7:30,1101.668667
8/21/21 7:45,931.8213333
8/21/21 8:00,911.904
8/21/21 8:15,668.6413333
8/21/21 8:30,430.3833333
8/21/21 8:45,441.9226667
8/21/21 9:00,432.7213333
8/21/21 9:15,431.6406667
8/21/21 9:30,431.4973333
8/21/21 9:45,431.2333333
8/21/21 10:00,431.2213333
8/21/21 10:15,431.2053333
8/21/21 10:30,431.676
8/21/21 10:45,431.6233333
8/21/21 11:00,431.888
8/21/21 11:15,430.7833333
8/21/21 11:30,430.5566667
8/21/21 11:45,432.276
8/21/21 12:00,434.054
8/21/21 12:15,446.984
8/21/21 12:30,463.762
8/21/21 12:45,490.0306667
8/21/21 13:00,488.7333333
8/21/21 13:15,505.3926667
8/21/21 13:30,478.08
8/21/21 13:45,458.5453333
8/21/21 14:00,437.8393333
8/21/21 14:15,431.4373333
8/21/21 14:30,430.76
8/21/21 14:45,430.6666667
8/21/21 15:00,431.3666667
8/21/21 15:15,430.892
8/21/21 15:30,430.622
8/21/21 15:45,430.9933333
8/21/21 16:00,431.0033333
8/21/21 16:15,431.1126667
8/21/21 16:30,430.358
8/21/21 16:45,430.6293333
8/21/21 17:00,430.436
8/21/21 17:15,429.434
8/21/21 17:30,430.268
8/21/21 17:45,429.2333333
8/21/21 18:00,430.476
8/21/21 18:15,531.8426667
8/21/21 18:30,685.826
8/21/21 18:45,699.8286667
8/21/21 19:00,594.13
8/21/21 19:15,484.6086667
8/21/21 19:30,429.8646667
8/21/21 19:45,428.796
8/21/21 20:00,430.68
8/21/21 20:15,429.8126667
8/21/21 20:30,428.75
8/21/21 20:45,428.8286667
8/21/21 21:00,429.318
8/21/21 21:15,430.6786667
8/21/21 21:30,430.03
8/21/21 21:45,431.4366667
8/21/21 22:00,423.2693333
8/21/21 22:15,430.1346667
8/21/21 22:30,433.5906667
8/21/21 22:45,433.7906667
8/21/21 23:00,433.764
8/21/21 23:15,434.7153333
8/21/21 23:30,434.892
8/21/21 23:45,434.8546667
8/22/21 0:00,434.48
8/22/21 0:15,436.0426667
8/22/21 0:30,434.5613333
8/22/21 0:45,435.2626667
8/22/21 1:00,435.3926667
8/22/21 1:15,435.512
8/22/21 1:30,434.8566667
8/22/21 1:45,435.2046667
8/22/21 2:00,435.678
8/22/21 2:15,435.2406667
8/22/21 2:30,434.9186667
8/22/21 2:45,436.156
8/22/21 3:00,436.4166667
8/22/21 3:15,433.6893333
8/22/21 3:30,433.254
8/22/21 3:45,432.9953333
8/22/21 4:00,433.158
8/22/21 4:15,433.384
8/22/21 4:30,433.9046667
8/22/21 4:45,432.9326667
8/22/21 5:00,433.1966667
8/22/21 5:15,432.2253333
8/22/21 5:30,432.1633333
8/22/21 5:45,432.7453333
8/22/21 6:00,432.8773333
8/22/21 6:15,431.5373333
8/22/21 6:30,429.7426667
8/22/21 6:45,431.3406667
8/22/21 7:00,431.5913333
8/22/21 7:15,642.4246667
8/22/21 7:30,1191.586667
8/22/21 7:45,1073.015333
8/22/21 8:00,924.8753333
8/22/21 8:15,940.7286667
8/22/21 8:30,591.1426667
8/22/21 8:45,446.7693333
8/22/21 9:00,444.5026667
8/22/21 9:15,434.104
8/22/21 9:30,433.868
8/22/21 9:45,434.4806667
8/22/21 10:00,432.382
8/22/21 10:15,432.6746667
8/22/21 10:30,432.6406667
8/22/21 10:45,432.0873333
8/22/21 11:00,430.2233333
8/22/21 11:15,431.8193333
8/22/21 11:30,431.2893333
8/22/21 11:45,440.536
8/22/21 12:00,501.668
8/22/21 12:15,688.5573333
8/22/21 12:30,898.226
8/22/21 12:45,1095.132
8/22/21 13:00,979.1293333
8/22/21 13:15,960.1906667
8/22/21 13:30,976.8753333
8/22/21 13:45,946.47
8/22/21 14:00,735.9486667
8/22/21 14:15,464.958
8/22/21 14:30,420.0306667
8/22/21 14:45,423.0266667
8/22/21 15:00,422.1946667
8/22/21 15:15,476.2233333
8/22/21 15:30,653.05
8/22/21 15:45,689.6513333
8/22/21 16:00,669.108
8/22/21 16:15,631.0453333
8/22/21 16:30,654.8866667
8/22/21 16:45,612.4
8/22/21 17:00,597.9893333
8/22/21 17:15,549.4333333
8/22/21 17:30,498.3533333
8/22/21 17:45,454.484
8/22/21 18:00,437.8913333
8/22/21 18:15,775.5746667
8/22/21 18:30,1265.125333
8/22/21 18:45,1384.108
8/22/21 19:00,1142.042667
8/22/21 19:15,696.686
8/22/21 19:30,452.3073333
8/22/21 19:45,433.1333333
8/22/21 20:00,423.8186667
8/22/21 20:15,423.302
8/22/21 20:30,423.1033333
8/22/21 20:45,424.0006667
8/22/21 21:00,422.7053333
8/22/21 21:15,426.4866667
8/22/21 21:30,427.7193333
8/22/21 21:45,428.3953333
8/22/21 22:00,428.9533333
8/22/21 22:15,427.5913333
8/22/21 22:30,428.7166667
8/22/21 22:45,431.4926667
8/22/21 23:00,432.62
8/22/21 23:15,433.432
8/22/21 23:30,430.932
8/22/21 23:45,431.774
8/23/21 0:00,430.31
8/23/21 0:15,432.2993333
8/23/21 0:30,432.2186667
8/23/21 0:45,431.808
8/23/21 1:00,432.314
8/23/21 1:15,433.6026667
8/23/21 1:30,433.466
8/23/21 1:45,432.2233333
8/23/21 2:00,432.8526667
8/23/21 2:15,432.6786667
8/23/21 2:30,432.536
8/23/21 2:45,433.3306667
8/23/21 3:00,433.4553333
8/23/21 3:15,433.7433333
8/23/21 3:30,433.3606667
8/23/21 3:45,434.0186667
8/23/21 4:00,434.0086667
8/23/21 4:15,432.7973333
8/23/21 4:30,433.162
8/23/21 4:45,433.16
8/23/21 5:00,433.6333333
8/23/21 5:15,431.77
8/23/21 5:30,432.054
8/23/21 5:45,432.434
8/23/21 6:00,432.3613333
8/23/21 6:15,431.178
8/23/21 6:30,432.514
8/23/21 6:45,432.3226667
8/23/21 7:00,431.3226667
8/23/21 7:15,670.7886667
8/23/21 7:30,1145.498
8/23/21 7:45,1022.874667
8/23/21 8:00,772.268
8/23/21 8:15,418.602
8/23/21 8:30,441.9633333
8/23/21 8:45,432.376
8/23/21 9:00,432.4106667
8/23/21 9:15,432.3146667
8/23/21 9:30,431.9713333
8/23/21 9:45,432.5806667
8/23/21 10:00,432.8906667
8/23/21 10:15,431.6106667
8/23/21 10:30,432.5706667
8/23/21 10:45,431.9573333
8/23/21 11:00,432.1833333
8/23/21 11:15,430.388
8/23/21 11:30,432.4873333
8/23/21 11:45,449.0033333
8/23/21 12:00,525.6186667
8/23/21 12:15,680.7613333
8/23/21 12:30,819.604
8/23/21 12:45,965.9926667
8/23/21 13:00,1161.066667
8/23/21 13:15,1196.938
8/23/21 13:30,1081.464
8/23/21 13:45,908.0953333
8/23/21 14:00,779.9846667
8/23/21 14:15,496.8966667
8/23/21 14:30,432.0613333
8/23/21 14:45,431.4133333
8/23/21 15:00,433.682
8/23/21 15:15,431.6346667
8/23/21 15:30,433.2773333
8/23/21 15:45,432.1506667
8/23/21 16:00,434.2233333
8/23/21 16:15,432.9086667
8/23/21 16:30,431.3853333
8/23/21 16:45,432.4946667
8/23/21 17:00,431.7526667
8/23/21 17:15,432.1273333
8/23/21 17:30,431.4793333
8/23/21 17:45,430.9693333
8/23/21 18:00,431.5606667
8/23/21 18:15,749.7306667
8/23/21 18:30,1208.150667
8/23/21 18:45,793.75
8/23/21 19:00,508.2786667
8/23/21 19:15,444.8373333
8/23/21 19:30,428.7213333
8/23/21 19:45,425.138
8/23/21 20:00,425.2966667
8/23/21 20:15,426.2206667
8/23/21 20:30,427.3426667
8/23/21 20:45,426.9506667
8/23/21 21:00,426.1913333
8/23/21 21:15,427.4673333
8/23/21 21:30,431.2093333
8/23/21 21:45,432.196
8/23/21 22:00,432.3286667
8/23/21 22:15,433.736
8/23/21 22:30,432.7553333
8/23/21 22:45,433.1253333
8/23/21 23:00,431.9546667
8/23/21 23:15,432.7886667
8/23/21 23:30,432.2546667
8/23/21 23:45,432.0566667
8/24/21 0:00,433.0673333
8/24/21 0:15,432.4546667
8/24/21 0:30,433.5213333
8/24/21 0:45,432.8173333
8/24/21 1:00,431.9926667
8/24/21 1:15,432.2466667
8/24/21 1:30,432.566
8/24/21 1:45,431.872
8/24/21 2:00,431.3966667
8/24/21 2:15,432.5866667
8/24/21 2:30,432.396
8/24/21 2:45,432.062
8/24/21 3:00,431.7906667
8/24/21 3:15,431.898
8/24/21 3:30,432.8266667
8/24/21 3:45,433.2686667
8/24/21 4:00,433.1453333
8/24/21 4:15,433.23
8/24/21 4:30,433.396
8/24/21 4:45,432.818
8/24/21 5:00,433.0493333
8/24/21 5:15,432.0093333
8/24/21 5:30,432.42
8/24/21 5:45,432.4833333
8/24/21 6:00,432.728
8/24/21 6:15,432.426
8/24/21 6:30,433.1246667
8/24/21 6:45,432.0453333
8/24/21 7:00,432.044
8/24/21 7:15,634.438
8/24/21 7:30,1102.442667
8/24/21 7:45,930.2193333
8/24/21 8:00,897.93
8/24/21 8:15,668.716
8/24/21 8:30,438.66
8/24/21 8:45,445.758
8/24/21 9:00,434.1173333
8/24/21 9:15,433.202
8/24/21 9:30,432.7793333
8/24/21 9:45,433.384
8/24/21 10:00,432.86
8/24/21 10:15,431.944
8/24/21 10:30,432.3546667
8/24/21 10:45,433.07
8/24/21 11:00,432.4426667
8/24/21 11:15,432.6006667
8/24/21 11:30,502.8226667
8/24/21 11:45,692.0586667
8/24/21 12:00,897.478
8/24/21 12:15,1063.756667
8/24/21 12:30,1191.1
8/24/21 12:45,1192.557333
8/24/21 13:00,1206.194667
8/24/21 13:15,1161.309333
8/24/21 13:30,1092.234667
8/24/21 13:45,1079.571333
8/24/21 14:00,1067.570667
8/24/21 14:15,1072.287333
8/24/21 14:30,1100.764
8/24/21 14:45,967.486
8/24/21 15:00,716.3706667
8/24/21 15:15,596.482
8/24/21 15:30,565.052
8/24/21 15:45,568.0266667
8/24/21 16:00,535.2086667
8/24/21 16:15,525.1813333
8/24/21 16:30,505.7173333
8/24/21 16:45,491.102
8/24/21 17:00,485.8753333
8/24/21 17:15,474.234
8/24/21 17:30,486.236
8/24/21 17:45,522.2213333
8/24/21 18:00,524.876
8/24/21 18:15,530.6233333
8/24/21 18:30,504.6066667
8/24/21 18:45,523.2826667
8/24/21 19:00,594.696
8/24/21 19:15,643.9026667
8/24/21 19:30,639.0313333
8/24/21 19:45,579.5053333
8/24/21 20:00,466.246
8/24/21 20:15,441.884
8/24/21 20:30,431.0666667
8/24/21 20:45,431.3746667
8/24/21 21:00,428.9453333
8/24/21 21:15,430.728
8/24/21 21:30,430.0806667
8/24/21 21:45,432.1966667
8/24/21 22:00,431.5953333
8/24/21 22:15,431.0066667
8/24/21 22:30,430.192
8/24/21 22:45,432.174
8/24/21 23:00,430.406
8/24/21 23:15,431.1046667
8/24/21 23:30,430.8286667
8/24/21 23:45,431.2293333
8/25/21 0:00,431.0626667
8/25/21 0:15,431.436
8/25/21 0:30,431.6
8/25/21 0:45,431.1546667
8/25/21 1:00,431.6273333
8/25/21 1:15,431.03
8/25/21 1:30,430.988
8/25/21 1:45,431.3866667
8/25/21 2:00,432.1693333
8/25/21 2:15,431.7093333
8/25/21 2:30,431.074
8/25/21 2:45,431.1973333
8/25/21 3:00,431.9333333
8/25/21 3:15,430.926
8/25/21 3:30,431.1086667
8/25/21 3:45,431.5373333
8/25/21 4:00,431.782
8/25/21 4:15,432.432
8/25/21 4:30,432.3153333
8/25/21 4:45,430.9173333
8/25/21 5:00,432.5393333
8/25/21 5:15,431.588
8/25/21 5:30,432.6566667
8/25/21 5:45,430.988
8/25/21 6:00,431.7486667
8/25/21 6:15,432.448
8/25/21 6:30,432.268
8/25/21 6:45,432.74
8/25/21 7:00,433.4186667
8/25/21 7:15,664.218
8/25/21 7:30,1111.838667
8/25/21 7:45,978.0906667
8/25/21 8:00,912.6333333
8/25/21 8:15,757.9146667
8/25/21 8:30,433.3686667
8/25/21 8:45,445.3413333
8/25/21 9:00,434.712
8/25/21 9:15,434.783125
8/25/21 9:30,433.1885714
8/25/21 9:45,433.2486667
8/25/21 10:00,432.3866667
8/25/21 10:15,432.946
8/25/21 10:30,432.392
8/25/21 10:45,432.2053333
8/25/21 11:00,431.996
8/25/21 11:15,431.742
8/25/21 11:30,439.148
8/25/21 11:45,505.87
8/25/21 12:00,683.2506667
8/25/21 12:15,905.1433333
8/25/21 12:30,1119.308667
8/25/21 12:45,1073.574667
8/25/21 13:00,1052.254
8/25/21 13:15,1098.367333
8/25/21 13:30,963.6446667
8/25/21 13:45,945.114
8/25/21 14:00,971.724
8/25/21 14:15,746.4186667
8/25/21 14:30,720.5093333
8/25/21 14:45,834.8466667
8/25/21 15:00,971.6633333
8/25/21 15:15,1057.78
8/25/21 15:30,1074.108
8/25/21 15:45,1065.623333
8/25/21 16:00,966.6453333
8/25/21 16:15,945.3606667
8/25/21 16:30,930.2326667
8/25/21 16:45,918.7486667
8/25/21 17:00,943.2913333
8/25/21 17:15,950.0206667
8/25/21 17:30,934.734
8/25/21 17:45,914.1626667
8/25/21 18:00,905.776
8/25/21 18:15,1118.576
8/25/21 18:30,1319.026
8/25/21 18:45,1367.463333
8/25/21 19:00,1193.381333
8/25/21 19:15,854.9746667
8/25/21 19:30,559.2033333
8/25/21 19:45,451.8293333
8/25/21 20:00,433.3206667
8/25/21 20:15,432.798
8/25/21 20:30,434.4606667
8/25/21 20:45,434.1046667
8/25/21 21:00,434.54
8/25/21 21:15,434.9266667
8/25/21 21:30,434.6326667
8/25/21 21:45,434.8466667
8/25/21 22:00,434.4193333
8/25/21 22:15,434.7686667
8/25/21 22:30,435.2173333
8/25/21 22:45,433.8653333
8/25/21 23:00,431.8153333
8/25/21 23:15,432.5866667
8/25/21 23:30,432.3786667
8/25/21 23:45,432.058
8/26/21 0:00,432.7366667
8/26/21 0:15,433.074
8/26/21 0:30,432.3853333
8/26/21 0:45,433.308
8/26/21 1:00,434.42
8/26/21 1:15,431.83
8/26/21 1:30,433.5606667
8/26/21 1:45,434.3853333
8/26/21 2:00,435.304
8/26/21 2:15,433.9666667
8/26/21 2:30,432.4933333
8/26/21 2:45,431.6606667
8/26/21 3:00,432.938
8/26/21 3:15,432.4933333
8/26/21 3:30,432.8313333
8/26/21 3:45,432.3253333
8/26/21 4:00,432.1453333
8/26/21 4:15,432.436
8/26/21 4:30,432.252
8/26/21 4:45,432.4826667
8/26/21 5:00,433.0493333
8/26/21 5:15,433.41
8/26/21 5:30,431.3526667
8/26/21 5:45,431.2013333
8/26/21 6:00,431.1013333
8/26/21 6:15,431.568
8/26/21 6:30,431.428
8/26/21 6:45,429.642
8/26/21 7:00,431.358
8/26/21 7:15,681.2713333
8/26/21 7:30,1192.144667
8/26/21 7:45,1060.486667
8/26/21 8:00,903.9626667
8/26/21 8:15,913.874
8/26/21 8:30,523.5653333
8/26/21 8:45,450.8486667
8/26/21 9:00,437.5033333
8/26/21 9:15,431.058
8/26/21 9:30,431.614
8/26/21 9:45,431.0086667
8/26/21 10:00,430.385
8/26/21 10:15,691.3885714
8/26/21 10:30,1107.736
8/26/21 10:45,1007.568
8/26/21 11:00,667.97
8/26/21 11:15,573.9486667
8/26/21 11:30,578.2473333
8/26/21 11:45,609.88
8/26/21 12:00,682.0386667
8/26/21 12:15,755.1066667
8/26/21 12:30,887.8633333
8/26/21 12:45,1064.559333
8/26/21 13:00,1104.586667
8/26/21 13:15,1097.316667
8/26/21 13:30,979.5113333
8/26/21 13:45,935.4846667
8/26/21 14:00,998.858
8/26/21 14:15,551.7833333
8/26/21 14:30,437.6086667
8/26/21 14:45,426.72
8/26/21 15:00,423.7046667
8/26/21 15:15,424.77
8/26/21 15:30,484.6646667
8/26/21 15:45,690.5306667
8/26/21 16:00,645.564
8/26/21 16:15,601.228
8/26/21 16:30,573.938
8/26/21 16:45,559.306
8/26/21 17:00,535.612
8/26/21 17:15,512.3406667
8/26/21 17:30,477.9206667
8/26/21 17:45,455.4266667
8/26/21 18:00,438.4993333
8/26/21 18:15,725.0226667
8/26/21 18:30,1020.256
8/26/21 18:45,728.2193333
8/26/21 19:00,584.78
8/26/21 19:15,491.946
8/26/21 19:30,436.6166667
8/26/21 19:45,427.036
8/26/21 20:00,427.2453333
8/26/21 20:15,425.4093333
8/26/21 20:30,422.864
8/26/21 20:45,429.6813333
8/26/21 21:00,431.5626667
8/26/21 21:15,439.64
8/26/21 21:30,440.364
8/26/21 21:45,430.468
8/26/21 22:00,426.82875
8/26/21 22:15,433.3571429
8/26/21 22:30,429.522
8/26/21 22:45,432.742
8/26/21 23:00,430.4066667
8/26/21 23:15,429.43
8/26/21 23:30,432.8753333
8/26/21 23:45,438.4086667
8/27/21 0:00,439.7453333
8/27/21 0:15,432.0866667
8/27/21 0:30,428.228
8/27/21 0:45,432.6546667
8/27/21 1:00,430.692
8/27/21 1:15,434.272
8/27/21 1:30,433.7633333
8/27/21 1:45,433.2793333
8/27/21 2:00,429.086
8/27/21 2:15,429.242
8/27/21 2:30,439.2773333
8/27/21 2:45,433.98
8/27/21 3:00,429.282
8/27/21 3:15,433.0766667
8/27/21 3:30,431.1113333
8/27/21 3:45,433.8066667
8/27/21 4:00,431.4906667
8/27/21 4:15,434.2613333
8/27/21 4:30,431.0293333
8/27/21 4:45,433.848
8/27/21 5:00,430.578
8/27/21 5:15,436.484
8/27/21 5:30,429.522
8/27/21 5:45,430.522
8/27/21 6:00,433.9086667
8/27/21 6:15,432.7046667
8/27/21 6:30,433.3826667
8/27/21 6:45,433.39375
8/27/21 7:00,434.1235714
8/27/21 7:15,381.91
8/27/21 7:30,390.5086667
8/27/21 7:45,364.8026667
8/27/21 8:00,391.09
8/27/21 8:15,403.5746667
8/27/21 8:30,435.514
8/27/21 8:45,436.6713333
8/27/21 9:00,434.8026667
8/27/21 9:15,435.6166667
8/27/21 9:30,434.022
8/27/21 9:45,435.5873333
8/27/21 10:00,433.3066667
8/27/21 10:15,774.0886667
8/27/21 10:30,1323.318667
8/27/21 10:45,1246.780667
8/27/21 11:00,955.5686667
8/27/21 11:15,802.8013333
8/27/21 11:30,793.322
8/27/21 11:45,893.6466667
8/27/21 12:00,1067.702
8/27/21 12:15,1098.521333
8/27/21 12:30,1074.012
8/27/21 12:45,1054.618
8/27/21 13:00,
8/27/21 13:15,
8/27/21 13:30,
8/27/21 13:45,
8/27/21 14:00,
8/27/21 14:15,
8/27/21 14:30,
8/27/21 14:45,
8/27/21 15:00,
8/27/21 15:15,
8/27/21 15:30,
8/27/21 15:45,
8/27/21 16:00,
8/27/21 16:15,
8/27/21 16:30,
8/27/21 16:45,
8/27/21 17:00,
8/27/21 17:15,
8/27/21 17:30,
8/27/21 17:45,
8/27/21 18:00,
8/27/21 18:15,
8/27/21 18:30,
8/27/21 18:45,
8/27/21 19:00,
8/27/21 19:15,
8/27/21 19:30,
8/27/21 19:45,
8/27/21 20:00,
8/27/21 20:15,446.94
8/27/21 20:30,441.5310526
8/27/21 20:45,437.2013333
8/27/21 21:00,447.0093333
8/27/21 21:15,435.9613333
8/27/21 21:30,433.8013333
8/27/21 21:45,429.7086667
8/27/21 22:00,431.9973333
8/27/21 22:15,431.2033333
8/27/21 22:30,432.402
8/27/21 22:45,430.9286667
8/27/21 23:00,431.9166667
8/27/21 23:15,432.3366667
8/27/21 23:30,431.17
8/27/21 23:45,431.7126667
8/28/21 0:00,431.6093333
8/28/21 0:15,432.6933333
8/28/21 0:30,430.8173333
8/28/21 0:45,432.4626667
8/28/21 1:00,431.008
8/28/21 1:15,434.47
8/28/21 1:30,432.9733333
8/28/21 1:45,434.2486667
8/28/21 2:00,432.1213333
8/28/21 2:15,433.0706667
8/28/21 2:30,431.904
8/28/21 2:45,434.226
8/28/21 3:00,430.4873333
8/28/21 3:15,432.8666667
8/28/21 3:30,431.7866667
8/28/21 3:45,431.6246667
8/28/21 4:00,431.7173333
8/28/21 4:15,431.9706667
8/28/21 4:30,433.606
8/28/21 4:45,431.21
8/28/21 5:00,431.9066667
8/28/21 5:15,431.4546667
8/28/21 5:30,433.9406667
8/28/21 5:45,432.6533333
8/28/21 6:00,434.7986667
8/28/21 6:15,432.4846667
8/28/21 6:30,434.678
8/28/21 6:45,432.966
8/28/21 7:00,434.3953333
8/28/21 7:15,434.0566667
8/28/21 7:30,434.5513333
8/28/21 7:45,434.7846667
8/28/21 8:00,434.764
8/28/21 8:15,435.0333333
8/28/21 8:30,433.8826667
8/28/21 8:45,434.9313333
8/28/21 9:00,432.6886667
8/28/21 9:15,434.6946667
8/28/21 9:30,431.4873333
8/28/21 9:45,465.4646667
8/28/21 10:00,599.7006667
8/28/21 10:15,1127.793333
8/28/21 10:30,1492.545333
8/28/21 10:45,1436.071333
8/28/21 11:00,1150.508
8/28/21 11:15,866.2453333
8/28/21 11:30,795.98
8/28/21 11:45,818.7086667
8/28/21 12:00,909.878
8/28/21 12:15,1060.646667
8/28/21 12:30,1076.594
8/28/21 12:45,1065.818667
8/28/21 13:00,1079.154
8/28/21 13:15,1068.134667
8/28/21 13:30,1039.703333
8/28/21 13:45,1062.469333
8/28/21 14:00,1057.351333
8/28/21 14:15,583.2693333
8/28/21 14:30,439.884
8/28/21 14:45,421.0386667
8/28/21 15:00,424.5793333
8/28/21 15:15,591.4726667
8/28/21 15:30,716.328
8/28/21 15:45,653.7213333
8/28/21 16:00,657.682
8/28/21 16:15,621.5793333
8/28/21 16:30,625.5546667
8/28/21 16:45,629.4093333
8/28/21 17:00,613.5846667
8/28/21 17:15,576.508
8/28/21 17:30,543.6906667
8/28/21 17:45,519.852
8/28/21 18:00,494.8453333
8/28/21 18:15,648.2446667
8/28/21 18:30,926.8953333
8/28/21 18:45,705.3
8/28/21 19:00,611.184
8/28/21 19:15,515.8773333
8/28/21 19:30,466.876
8/28/21 19:45,443.81
8/28/21 20:00,430.08
8/28/21 20:15,426.2006667
8/28/21 20:30,426.4593333
8/28/21 20:45,427.6153333
8/28/21 21:00,429.668
8/28/21 21:15,430.4153333
8/28/21 21:30,431.2526667
8/28/21 21:45,431.36
8/28/21 22:00,430.5186667
8/28/21 22:15,431.34
8/28/21 22:30,434.102
8/28/21 22:45,433.7633333
8/28/21 23:00,434.5093333
8/28/21 23:15,432.3313333
8/28/21 23:30,434.222
8/28/21 23:45,433.602
8/29/21 0:00,433.208
8/29/21 0:15,433.5013333
8/29/21 0:30,432.8713333
8/29/21 0:45,433.782
8/29/21 1:00,432.2966667
8/29/21 1:15,434.818
8/29/21 1:30,431.6786667
8/29/21 1:45,430.004
8/29/21 2:00,430.324
8/29/21 2:15,432.806
8/29/21 2:30,435.2
8/29/21 2:45,433.644
8/29/21 3:00,435.846
8/29/21 3:15,435.688
8/29/21 3:30,434.3293333
8/29/21 3:45,433.462
8/29/21 4:00,433.242
8/29/21 4:15,433.5746667
8/29/21 4:30,430.446
8/29/21 4:45,429.112
8/29/21 5:00,428.6866667
8/29/21 5:15,427.9553333
8/29/21 5:30,428.454
8/29/21 5:45,429.9746667
8/29/21 6:00,430.594
8/29/21 6:15,431.606
8/29/21 6:30,430.6486667
8/29/21 6:45,429.9446667
8/29/21 7:00,430.63
8/29/21 7:15,368.0933333
8/29/21 7:30,360.7906667
8/29/21 7:45,367.1253333
8/29/21 8:00,432.2846667
8/29/21 8:15,433.886
8/29/21 8:30,433.6306667
8/29/21 8:45,432.5653333
8/29/21 9:00,432.6386667
8/29/21 9:15,432.23
8/29/21 9:30,431.812
8/29/21 9:45,432.0133333
8/29/21 10:00,433.614
8/29/21 10:15,784.5293333
8/29/21 10:30,1335.821333
8/29/21 10:45,1336.264667
8/29/21 11:00,1001.136
8/29/21 11:15,726.8266667
8/29/21 11:30,680.3186667
8/29/21 11:45,663.8653333
8/29/21 12:00,703.9113333
8/29/21 12:15,741.634
8/29/21 12:30,808.9153333
8/29/21 12:45,867.2173333
8/29/21 13:00,1016.99
8/29/21 13:15,1080.056
8/29/21 13:30,1053.558
8/29/21 13:45,1050.800667
8/29/21 14:00,1029.142667
8/29/21 14:15,551.9626667
8/29/21 14:30,437.5813333
8/29/21 14:45,421.8426667
8/29/21 15:00,419.0666667
8/29/21 15:15,427.028
8/29/21 15:30,603.946
8/29/21 15:45,681.4466667
8/29/21 16:00,608.6006667
8/29/21 16:15,581.2326667
8/29/21 16:30,571.8553333
8/29/21 16:45,554.318
8/29/21 17:00,526.9726667
8/29/21 17:15,510.0986667
8/29/21 17:30,489.4293333
8/29/21 17:45,473.842
8/29/21 18:00,454.6686667
8/29/21 18:15,690.4126667
8/29/21 18:30,938.0186667
8/29/21 18:45,684.0866667
8/29/21 19:00,538.8513333
8/29/21 19:15,488.4633333
8/29/21 19:30,471.486
8/29/21 19:45,446.9766667
8/29/21 20:00,437.5606667
8/29/21 20:15,431.0653333
8/29/21 20:30,429.91
8/29/21 20:45,429.9093333
8/29/21 21:00,430.1906667
8/29/21 21:15,429.468
8/29/21 21:30,429.1946667
8/29/21 21:45,429.274
8/29/21 22:00,427.4893333
8/29/21 22:15,428.6086667
8/29/21 22:30,430.29
8/29/21 22:45,430.3826667
8/29/21 23:00,431.0426667
8/29/21 23:15,432.1693333
8/29/21 23:30,432.4253333
8/29/21 23:45,432.8326667
8/30/21 0:00,432.732
8/30/21 0:15,433.368
8/30/21 0:30,432.9533333
8/30/21 0:45,432.8566667
8/30/21 1:00,433.2173333
8/30/21 1:15,433.3926667
8/30/21 1:30,431.9093333
8/30/21 1:45,432.426
8/30/21 2:00,432.898
8/30/21 2:15,433.6926667
8/30/21 2:30,432.89
8/30/21 2:45,433.032
8/30/21 3:00,433.394
8/30/21 3:15,434.1633333
8/30/21 3:30,432.96
8/30/21 3:45,433.5873333
8/30/21 4:00,433.0726667
8/30/21 4:15,433.276
8/30/21 4:30,431.7646667
8/30/21 4:45,431.906
8/30/21 5:00,433.0173333
8/30/21 5:15,433.69
8/30/21 5:30,432.0686667
8/30/21 5:45,433.3433333
8/30/21 6:00,433.0693333
8/30/21 6:15,433.8573333
8/30/21 6:30,432.8253333
8/30/21 6:45,432.1446667
8/30/21 7:00,431.7826667
8/30/21 7:15,537.5553333
8/30/21 7:30,541.022
8/30/21 7:45,362.6173333
8/30/21 8:00,382.9726667
8/30/21 8:15,403.368
8/30/21 8:30,428.612
8/30/21 8:45,432.0813333
8/30/21 9:00,432.6306667
8/30/21 9:15,431.3526667
8/30/21 9:30,430.9926667
8/30/21 9:45,431.6333333
8/30/21 10:00,431.1666667
8/30/21 10:15,764.9786667
8/30/21 10:30,1325.178667
8/30/21 10:45,1386.691333
8/30/21 11:00,1360.418
8/30/21 11:15,1374.074
8/30/21 11:30,1369.963333
8/30/21 11:45,1340.142
8/30/21 12:00,1130.272
8/30/21 12:15,833.152
8/30/21 12:30,789.7106667
8/30/21 12:45,780.076
8/30/21 13:00,808.1846667
8/30/21 13:15,816.1453333
8/30/21 13:30,846.6953333
8/30/21 13:45,886.2446667
8/30/21 14:00,899.7413333
8/30/21 14:15,516.7126667
8/30/21 14:30,425.5726667
8/30/21 14:45,415.9893333
8/30/21 15:00,416.95
8/30/21 15:15,424.5706667
8/30/21 15:30,631.9726667
8/30/21 15:45,787.578
8/30/21 16:00,723.2473333
8/30/21 16:15,701.414
8/30/21 16:30,663.082
8/30/21 16:45,650.0686667
8/30/21 17:00,641.4386667
8/30/21 17:15,601.7406667
8/30/21 17:30,567.688
8/30/21 17:45,524.4413333
8/30/21 18:00,502.811875
8/30/21 18:15,755.2871429
8/30/21 18:30,1130.939333
8/30/21 18:45,853.092
8/30/21 19:00,575.8966667
8/30/21 19:15,466.2653333
8/30/21 19:30,429.2086667
8/30/21 19:45,426.8086667
8/30/21 20:00,422.8893333
8/30/21 20:15,425.7586667
8/30/21 20:30,429.324
8/30/21 20:45,431.2706667
8/30/21 21:00,431.036
8/30/21 21:15,431.7806667
8/30/21 21:30,429.9226667
8/30/21 21:45,430.2393333
8/30/21 22:00,429.742
8/30/21 22:15,429.0266667
8/30/21 22:30,428.1206667
8/30/21 22:45,428.6993333
8/30/21 23:00,428.4726667
8/30/21 23:15,428.7826667
8/30/21 23:30,429.7666667
8/30/21 23:45,428.266
8/31/21 0:00,428.458
8/31/21 0:15,429.1413333
8/31/21 0:30,428.064
8/31/21 0:45,428.688
8/31/21 1:00,427.8986667
8/31/21 1:15,428.8586667
8/31/21 1:30,428.8853333
8/31/21 1:45,428.4566667
8/31/21 2:00,429.3433333
8/31/21 2:15,428.8913333
8/31/21 2:30,428.6646667
8/31/21 2:45,428.8593333
8/31/21 3:00,428.8913333
8/31/21 3:15,428.932
8/31/21 3:30,430.1093333
8/31/21 3:45,429.9433333
8/31/21 4:00,431.7
8/31/21 4:15,431.0653333
8/31/21 4:30,430.3706667
8/31/21 4:45,431.302
8/31/21 5:00,432.0453333
8/31/21 5:15,431.2786667
8/31/21 5:30,430.7073333
8/31/21 5:45,432.354
8/31/21 6:00,431.418
8/31/21 6:15,431.0233333
8/31/21 6:30,431.7506667
8/31/21 6:45,432.1586667
8/31/21 7:00,431.4286667
8/31/21 7:15,667.264
8/31/21 7:30,1129.510667
8/31/21 7:45,968.03
8/31/21 8:00,919.1906667
8/31/21 8:15,935.25
8/31/21 8:30,517.52
8/31/21 8:45,441.056
8/31/21 9:00,430.5966667
8/31/21 9:15,429.5553333
8/31/21 9:30,429.5366667
8/31/21 9:45,430.3626667
8/31/21 10:00,430.244
8/31/21 10:15,732.2413333
8/31/21 10:30,1309.223333
8/31/21 10:45,1158.826
8/31/21 11:00,880.5666667
8/31/21 11:15,758.6226667
8/31/21 11:30,757.3233333
8/31/21 11:45,809.5266667
8/31/21 12:00,739.4386667
8/31/21 12:15,742.6586667
8/31/21 12:30,777.2033333
8/31/21 12:45,856.964
8/31/21 13:00,1030.301333
8/31/21 13:15,1078.002
8/31/21 13:30,1076.694
8/31/21 13:45,1018.531333
8/31/21 14:00,960.5286667
8/31/21 14:15,559.51
8/31/21 14:30,433.914
8/31/21 14:45,418.9173333
8/31/21 15:00,421.2573333
8/31/21 15:15,422.698
8/31/21 15:30,486.4933333
8/31/21 15:45,674.408
8/31/21 16:00,622.3346667
8/31/21 16:15,590.0533333
8/31/21 16:30,545.1553333
8/31/21 16:45,538.8286667
8/31/21 17:00,515.528
8/31/21 17:15,488.2373333
8/31/21 17:30,471.572
8/31/21 17:45,451.5726667
8/31/21 18:00,431.84
8/31/21 18:15,654.752
8/31/21 18:30,1095.441333
8/31/21 18:45,1182.940667
8/31/21 19:00,855.1633333
8/31/21 19:15,550.716
8/31/21 19:30,429.396
8/31/21 19:45,422.9026667
8/31/21 20:00,423.0093333
8/31/21 20:15,423.9546667
8/31/21 20:30,426.136
8/31/21 20:45,424.3946667
8/31/21 21:00,425.4733333
8/31/21 21:15,425.7446667
8/31/21 21:30,400.9326667
8/31/21 21:45,396.046
8/31/21 22:00,395.4493333
8/31/21 22:15,422.118
8/31/21 22:30,427.3173333
8/31/21 22:45,429.106
8/31/21 23:00,429.8813333
8/31/21 23:15,431.5226667
8/31/21 23:30,431.626
8/31/21 23:45,430.9773333
9/1/21 0:00,433.2546667
9/1/21 0:15,431.794
9/1/21 0:30,431.3513333
9/1/21 0:45,430.702
9/1/21 1:00,431.484
9/1/21 1:15,1471.311333
9/1/21 1:30,1651.964
9/1/21 1:45,1655.554
9/1/21 2:00,1686.798667
9/1/21 2:15,1700.282
9/1/21 2:30,1713.198
9/1/21 2:45,1718.906
9/1/21 3:00,1723.232667
9/1/21 3:15,1724.435333
9/1/21 3:30,1728.572667
9/1/21 3:45,1727.397333
9/1/21 4:00,1725.788667
9/1/21 4:15,1732.255333
9/1/21 4:30,1721.992
9/1/21 4:45,1727.030667
9/1/21 5:00,1713.754
9/1/21 5:15,1719.473333
9/1/21 5:30,1719.862667
9/1/21 5:45,1715.606667
9/1/21 6:00,1716.436667
9/1/21 6:15,1718.754
9/1/21 6:30,1715.482667
9/1/21 6:45,1731.018667
9/1/21 7:00,1668.954
9/1/21 7:15,1652.184
9/1/21 7:30,1639.703333
9/1/21 7:45,1637.374667
9/1/21 8:00,1643.134
9/1/21 8:15,1640.35
9/1/21 8:30,1644.736
9/1/21 8:45,1641.776667
9/1/21 9:00,1644.418
9/1/21 9:15,1646.967333
9/1/21 9:30,1642.969333
9/1/21 9:45,1644.392
9/1/21 10:00,1644.002667
9/1/21 10:15,1654.830667
9/1/21 10:30,1655.471333
9/1/21 10:45,1653.732
9/1/21 11:00,883.4013333
9/1/21 11:15,1202.175333
9/1/21 11:30,1363.484
9/1/21 11:45,1280.007333
9/1/21 12:00,781.032
9/1/21 12:15,568.172
9/1/21 12:30,418.3266667
9/1/21 12:45,428.826
9/1/21 13:00,426.0113333
9/1/21 13:15,427.2066667
9/1/21 13:30,496.248
9/1/21 13:45,716.384
9/1/21 14:00,1031.68
9/1/21 14:15,560.9113333
9/1/21 14:30,455.208
9/1/21 14:45,443.6213333
9/1/21 15:00,428.0886667
9/1/21 15:15,426.7566667
9/1/21 15:30,431.7266667
9/1/21 15:45,427.4386667
9/1/21 16:00,420.6026667
9/1/21 16:15,418.924
9/1/21 16:30,413.8433333
9/1/21 16:45,442.8886667
9/1/21 17:00,491.1346667
9/1/21 17:15,490.0446667
9/1/21 17:30,441.924
9/1/21 17:45,428.4873333
9/1/21 18:00,430.1053333
9/1/21 18:15,657.9746667
9/1/21 18:30,1029.642
9/1/21 18:45,992.16
9/1/21 19:00,655.1286667
9/1/21 19:15,479.192
9/1/21 19:30,429.9093333
9/1/21 19:45,428.4726667
9/1/21 20:00,426.95
9/1/21 20:15,421.644
9/1/21 20:30,398.6633333
9/1/21 20:45,396.43
9/1/21 21:00,396.646
9/1/21 21:15,398.062
9/1/21 21:30,400.7146667
9/1/21 21:45,401.1946667
9/1/21 22:00,401.2853333
9/1/21 22:15,429.222
9/1/21 22:30,434.8546667
9/1/21 22:45,434.0286667
9/1/21 23:00,434.1526667
9/1/21 23:15,432.4013333
9/1/21 23:30,432.6186667
9/1/21 23:45,431.9786667
9/2/21 0:00,432.4626667
9/2/21 0:15,434.6086667
9/2/21 0:30,433.8146667
9/2/21 0:45,433.224
9/2/21 1:00,432.6766667
9/2/21 1:15,433.67
9/2/21 1:30,433.9473333
9/2/21 1:45,433.842
9/2/21 2:00,434.6246667
9/2/21 2:15,432.474
9/2/21 2:30,429.5373333
9/2/21 2:45,431.3193333
9/2/21 3:00,431.4533333
9/2/21 3:15,430.7506667
9/2/21 3:30,431.714
9/2/21 3:45,432.0266667
9/2/21 4:00,431.4226667
9/2/21 4:15,430.928
9/2/21 4:30,432.1713333
9/2/21 4:45,430.858
9/2/21 5:00,431.9453333
9/2/21 5:15,432.4106667
9/2/21 5:30,431.752
9/2/21 5:45,430.7446667
9/2/21 6:00,431.8953333
9/2/21 6:15,431.668
9/2/21 6:30,431.9586667
9/2/21 6:45,431.5673333
9/2/21 7:00,433.18
9/2/21 7:15,639.6186667
9/2/21 7:30,1174.426
9/2/21 7:45,1232.519333
9/2/21 8:00,1229.367333
9/2/21 8:15,973.5213333
9/2/21 8:30,461.5413333
9/2/21 8:45,445.0693333
9/2/21 9:00,435.068
9/2/21 9:15,434.2473333
9/2/21 9:30,430.9926667
9/2/21 9:45,431.8433333
9/2/21 10:00,431.9693333
9/2/21 10:15,432.2286667
9/2/21 10:30,432.598
9/2/21 10:45,433.352
9/2/21 11:00,433.0786667
9/2/21 11:15,431.7013333
9/2/21 11:30,432.7946667
9/2/21 11:45,545.966
9/2/21 12:00,666.0666667
9/2/21 12:15,796.6606667
9/2/21 12:30,1000.962667
9/2/21 12:45,1026.292667
9/2/21 13:00,1072.564
9/2/21 13:15,1128.465333
9/2/21 13:30,944.4946667
9/2/21 13:45,1043.035333
9/2/21 14:00,1092.148667
9/2/21 14:15,1084.868667
9/2/21 14:30,1069.396667
9/2/21 14:45,982.9246667
9/2/21 15:00,838.426
9/2/21 15:15,717.7813333
9/2/21 15:30,705.548
9/2/21 15:45,707.6993333
9/2/21 16:00,771.4886667
9/2/21 16:15,856.9726667
9/2/21 16:30,954.7313333
9/2/21 16:45,981.3586667
9/2/21 17:00,1025.919333
9/2/21 17:15,1034.656
9/2/21 17:30,1094.703333
9/2/21 17:45,1208.36
9/2/21 18:00,1280.992667
9/2/21 18:15,1178.45
9/2/21 18:30,834.8913333
9/2/21 18:45,542.5786667
9/2/21 19:00,431.1113333
9/2/21 19:15,429.096
9/2/21 19:30,428.4013333
9/2/21 19:45,429.55
9/2/21 20:00,428.9866667
9/2/21 20:15,428.0526667
9/2/21 20:30,427.6353333
9/2/21 20:45,427.8166667
9/2/21 21:00,428.5073333
9/2/21 21:15,428.5053333
9/2/21 21:30,431.6
9/2/21 21:45,432.082
9/2/21 22:00,431.4626667
9/2/21 22:15,431.5006667
9/2/21 22:30,432.2986667
9/2/21 22:45,431.9446667
9/2/21 23:00,431.7046667
9/2/21 23:15,431.8346667
9/2/21 23:30,432.9853333
9/2/21 23:45,431.6753333
9/3/21 0:00,432.6853333
9/3/21 0:15,432.6126667
9/3/21 0:30,431.4993333
9/3/21 0:45,431.4033333
9/3/21 1:00,430.8206667
9/3/21 1:15,430.9606667
9/3/21 1:30,429.594
9/3/21 1:45,429.756
9/3/21 2:00,430.582
9/3/21 2:15,430.6613333
9/3/21 2:30,430.9973333
9/3/21 2:45,430.764
9/3/21 3:00,430.2886667
9/3/21 3:15,430.8653333
9/3/21 3:30,431.8493333
9/3/21 3:45,430.132
9/3/21 4:00,430.8673333
9/3/21 4:15,430.028
9/3/21 4:30,431.404
9/3/21 4:45,431.248
9/3/21 5:00,429.8193333
9/3/21 5:15,430.9613333
9/3/21 5:30,431.2506667
9/3/21 5:45,430.692
9/3/21 6:00,431.8333333
9/3/21 6:15,432.3573333
9/3/21 6:30,432.7146667
9/3/21 6:45,431.726
9/3/21 7:00,431.1993333
9/3/21 7:15,620.2813333
9/3/21 7:30,1149.618
9/3/21 7:45,1061.206
9/3/21 8:00,937.096
9/3/21 8:15,790.6706667
9/3/21 8:30,429.5846667
9/3/21 8:45,440.638
9/3/21 9:00,432.4933333
9/3/21 9:15,431.2686667
9/3/21 9:30,431.1613333
9/3/21 9:45,430.1186667
9/3/21 10:00,430.874
9/3/21 10:15,430.3386667
9/3/21 10:30,430.206
9/3/21 10:45,436.1766667
9/3/21 11:00,574.6146667
9/3/21 11:15,828.56
9/3/21 11:30,1067.271333
9/3/21 11:45,1008.878667
9/3/21 12:00,938.6206667
9/3/21 12:15,960.3613333
9/3/21 12:30,1054.262
9/3/21 12:45,1064.504667
9/3/21 13:00,1032.600667
9/3/21 13:15,960.7213333
9/3/21 13:30,953.8986667
9/3/21 13:45,834.4906667
9/3/21 14:00,773.6053333
9/3/21 14:15,773.6553333
9/3/21 14:30,864.188
9/3/21 14:45,1015.416
9/3/21 15:00,1051.322667
9/3/21 15:15,1046.315333
9/3/21 15:30,976.2833333
9/3/21 15:45,954.946
9/3/21 16:00,899.9153333
9/3/21 16:15,955.2933333
9/3/21 16:30,971.8766667
9/3/21 16:45,935.1426667
9/3/21 17:00,1035.108
9/3/21 17:15,1133.074
9/3/21 17:30,1184.5
9/3/21 17:45,1001.976667
9/3/21 18:00,725.16
9/3/21 18:15,518.7626667
9/3/21 18:30,446.9146667
9/3/21 18:45,434.5753333
9/3/21 19:00,424.7206667
9/3/21 19:15,424.794
9/3/21 19:30,426.584
9/3/21 19:45,426.6926667
9/3/21 20:00,425.5313333
9/3/21 20:15,428.39
9/3/21 20:30,427.9306667
9/3/21 20:45,430.6773333
9/3/21 21:00,431.7633333
9/3/21 21:15,430.3406667
9/3/21 21:30,430.0686667
9/3/21 21:45,430.4826667
9/3/21 22:00,429.9286667
9/3/21 22:15,429.354
9/3/21 22:30,429.8326667
9/3/21 22:45,429.976
9/3/21 23:00,430.436
9/3/21 23:15,429.692
9/3/21 23:30,430.854
9/3/21 23:45,430.69
9/4/21 0:00,430.7526667
9/4/21 0:15,429.9646667
9/4/21 0:30,431.052
9/4/21 0:45,430.504
9/4/21 1:00,430.812
9/4/21 1:15,431.8146667
9/4/21 1:30,430.9226667
9/4/21 1:45,431.1566667
9/4/21 2:00,430.6753333
9/4/21 2:15,431.3733333
9/4/21 2:30,431.0246667
9/4/21 2:45,431.314
9/4/21 3:00,430.2893333
9/4/21 3:15,430.6533333
9/4/21 3:30,431.12
9/4/21 3:45,430.622
9/4/21 4:00,431.2686667
9/4/21 4:15,432.18
9/4/21 4:30,433.18
9/4/21 4:45,430.7106667
9/4/21 5:00,431.1146667
9/4/21 5:15,431.65
9/4/21 5:30,432.262
9/4/21 5:45,431.3566667
9/4/21 6:00,431.9653333
9/4/21 6:15,432.5513333
9/4/21 6:30,432.4926667
9/4/21 6:45,402.9813333
9/4/21 7:00,398.1566667
9/4/21 7:15,719.334
9/4/21 7:30,1227.306667
9/4/21 7:45,1233.752
9/4/21 8:00,1175.710667
9/4/21 8:15,920.7506667
9/4/21 8:30,630.3093333
9/4/21 8:45,435.6733333
9/4/21 9:00,435.7393333
9/4/21 9:15,432.118
9/4/21 9:30,431.856
9/4/21 9:45,431.4926667
9/4/21 10:00,432.386
9/4/21 10:15,693.638
9/4/21 10:30,1125.568667
9/4/21 10:45,1163.528667
9/4/21 11:00,886.516
9/4/21 11:15,749.57
9/4/21 11:30,712.126
9/4/21 11:45,777.942
9/4/21 12:00,886.336
9/4/21 12:15,989.6913333
9/4/21 12:30,891.948
9/4/21 12:45,807.7573333
9/4/21 13:00,871.0233333
9/4/21 13:15,911.446
9/4/21 13:30,1043.466667
9/4/21 13:45,1073.798667
9/4/21 14:00,1050.68
9/4/21 14:15,589
9/4/21 14:30,441.21
9/4/21 14:45,429.6453333
9/4/21 15:00,421.584
9/4/21 15:15,537.8853333
9/4/21 15:30,767.686
9/4/21 15:45,687.878
9/4/21 16:00,662.8313333
9/4/21 16:15,637.6966667
9/4/21 16:30,609.5286667
9/4/21 16:45,589.0886667
9/4/21 17:00,589.2333333
9/4/21 17:15,538.488
9/4/21 17:30,508.1166667
9/4/21 17:45,483.7866667
9/4/21 18:00,464.5286667
9/4/21 18:15,736.816
9/4/21 18:30,989.768
9/4/21 18:45,721.058
9/4/21 19:00,580.5926667
9/4/21 19:15,501.974
9/4/21 19:30,488.2746667
9/4/21 19:45,482.2613333
9/4/21 20:00,458.648
9/4/21 20:15,431.9146667
9/4/21 20:30,432.564
9/4/21 20:45,429.824
9/4/21 21:00,430.568
9/4/21 21:15,431.5
9/4/21 21:30,432.5
9/4/21 21:45,432.5213333
9/4/21 22:00,432.0813333
9/4/21 22:15,432.458
9/4/21 22:30,432.674
9/4/21 22:45,433.204
9/4/21 23:00,433.22
9/4/21 23:15,433.326
9/4/21 23:30,433.7066667
9/4/21 23:45,434.0573333
9/5/21 0:00,433.856
9/5/21 0:15,433.582
9/5/21 0:30,434.1106667
9/5/21 0:45,433.9326667
9/5/21 1:00,433.856
9/5/21 1:15,433.726
9/5/21 1:30,433.482
9/5/21 1:45,431.9133333
9/5/21 2:00,431.1173333
9/5/21 2:15,431.512
9/5/21 2:30,431.54
9/5/21 2:45,432.292
9/5/21 3:00,433.414
9/5/21 3:15,432.682
9/5/21 3:30,431.6473333
9/5/21 3:45,431.822
9/5/21 4:00,431.3073333
9/5/21 4:15,432.092
9/5/21 4:30,433.272
9/5/21 4:45,432.688
9/5/21 5:00,433.95
9/5/21 5:15,434.3166667
9/5/21 5:30,434.2233333
9/5/21 5:45,434.306
9/5/21 6:00,434.8126667
9/5/21 6:15,433.638
9/5/21 6:30,434.1053333
9/5/21 6:45,434.3393333
9/5/21 7:00,434.436
9/5/21 7:15,672.53
9/5/21 7:30,1189.386
9/5/21 7:45,1220.399333
9/5/21 8:00,993.8273333
9/5/21 8:15,920.9253333
9/5/21 8:30,612.0113333
9/5/21 8:45,442.9386667
9/5/21 9:00,437.0033333
9/5/21 9:15,434.3846667
9/5/21 9:30,433.1566667
9/5/21 9:45,431.9833333
9/5/21 10:00,431.7006667
9/5/21 10:15,759.588
9/5/21 10:30,1326.976
9/5/21 10:45,1224.878667
9/5/21 11:00,816.3306667
9/5/21 11:15,676.7246667
9/5/21 11:30,689.116
9/5/21 11:45,699.57
9/5/21 12:00,805.6053333
9/5/21 12:15,850.402
9/5/21 12:30,970.226
9/5/21 12:45,1055.951333
9/5/21 13:00,1069.473333
9/5/21 13:15,1070.078
9/5/21 13:30,1050.088
9/5/21 13:45,1035.942
9/5/21 14:00,1059.529333
9/5/21 14:15,563.7733333
9/5/21 14:30,437.122
9/5/21 14:45,423.4033333
9/5/21 15:00,422.404
9/5/21 15:15,517.6913333
9/5/21 15:30,760.37
9/5/21 15:45,677.612
9/5/21 16:00,646.28
9/5/21 16:15,627.5353333
9/5/21 16:30,615.4573333
9/5/21 16:45,591.2053333
9/5/21 17:00,590.986
9/5/21 17:15,561.304
9/5/21 17:30,535.2453333
9/5/21 17:45,511.1346667
9/5/21 18:00,494.7073333
9/5/21 18:15,675.6766667
9/5/21 18:30,893.4606667
9/5/21 18:45,692.8346667
9/5/21 19:00,595.848
9/5/21 19:15,530.5066667
9/5/21 19:30,455.758
9/5/21 19:45,429.602
9/5/21 20:00,426.464
9/5/21 20:15,424.9333333
9/5/21 20:30,424.6413333
9/5/21 20:45,426.622
9/5/21 21:00,430.418
9/5/21 21:15,441.852
9/5/21 21:30,431.6633333
9/5/21 21:45,429.2026667
9/5/21 22:00,427.566
9/5/21 22:15,425.286
9/5/21 22:30,431.6706667
9/5/21 22:45,429.8346667
9/5/21 23:00,433.782
9/5/21 23:15,431.224
9/5/21 23:30,432.9646667
9/5/21 23:45,430.99
9/6/21 0:00,433.6093333
9/6/21 0:15,431.9026667
9/6/21 0:30,433.0593333
9/6/21 0:45,433.1293333
9/6/21 1:00,431.9973333
9/6/21 1:15,433.2386667
9/6/21 1:30,432.862
9/6/21 1:45,433.2853333
9/6/21 2:00,431.3393333
9/6/21 2:15,432.9906667
9/6/21 2:30,430.2746667
9/6/21 2:45,432.118
9/6/21 3:00,431.5746667
9/6/21 3:15,433.9193333
9/6/21 3:30,429.8093333
9/6/21 3:45,434.1533333
9/6/21 4:00,435.1073333
9/6/21 4:15,427.95
9/6/21 4:30,430.0026667
9/6/21 4:45,434.1153333
9/6/21 5:00,433.0286667
9/6/21 5:15,431.8266667
9/6/21 5:30,430.3133333
9/6/21 5:45,431.516
9/6/21 6:00,432.9973333
9/6/21 6:15,432.7466667
9/6/21 6:30,436.3
9/6/21 6:45,437.4806667
9/6/21 7:00,436.9866667
9/6/21 7:15,379.19
9/6/21 7:30,366.6766667
9/6/21 7:45,363.5386667
9/6/21 8:00,357.7893333
9/6/21 8:15,369.8486667
9/6/21 8:30,416.0653333
9/6/21 8:45,432.762
9/6/21 9:00,435.2493333
9/6/21 9:15,433.9553333
9/6/21 9:30,434.3393333
9/6/21 9:45,435.0146667
9/6/21 10:00,433.4026667
9/6/21 10:15,723.3453333
9/6/21 10:30,1298.835333
9/6/21 10:45,1326.462667
9/6/21 11:00,1033.991333
9/6/21 11:15,805.2486667
9/6/21 11:30,806.9513333
9/6/21 11:45,864.442
9/6/21 12:00,954.7506667
9/6/21 12:15,1069.536
9/6/21 12:30,1073.176667
9/6/21 12:45,1056.722667
9/6/21 13:00,1044.269333
9/6/21 13:15,1049.304667
9/6/21 13:30,1066.998667
9/6/21 13:45,1049.292667
9/6/21 14:00,1045.308
9/6/21 14:15,588.194
9/6/21 14:30,443.914
9/6/21 14:45,431.3686667
9/6/21 15:00,504.836
9/6/21 15:15,729.1386667
9/6/21 15:30,703.448
9/6/21 15:45,671.8913333
9/6/21 16:00,652.542
9/6/21 16:15,652.3186667
9/6/21 16:30,647.85
9/6/21 16:45,625.89
9/6/21 17:00,622.142
9/6/21 17:15,601.0266667
9/6/21 17:30,572.714
9/6/21 17:45,533.652
9/6/21 18:00,514.4293333
9/6/21 18:15,666.82
9/6/21 18:30,949.1766667
9/6/21 18:45,765.398
9/6/21 19:00,633.636
9/6/21 19:15,546.038
9/6/21 19:30,497.68
9/6/21 19:45,489.27
9/6/21 20:00,472.1386667
9/6/21 20:15,458.5126667
9/6/21 20:30,456.0893333
9/6/21 20:45,452.9313333
9/6/21 21:00,452.482
9/6/21 21:15,443.9126667
9/6/21 21:30,436.036
9/6/21 21:45,430.194
9/6/21 22:00,433.1253333
9/6/21 22:15,432.7453333
9/6/21 22:30,433.1493333
9/6/21 22:45,433.46
9/6/21 23:00,433.8073333
9/6/21 23:15,434.65
9/6/21 23:30,432.0046667
9/6/21 23:45,434.81
9/7/21 0:00,431.3353333
9/7/21 0:15,435.3373333
9/7/21 0:30,431.718
9/7/21 0:45,435.4253333
9/7/21 1:00,433.514
9/7/21 1:15,434.212
9/7/21 1:30,430.7926667
9/7/21 1:45,430.0973333
9/7/21 2:00,432.6966667
9/7/21 2:15,435.1346667
9/7/21 2:30,437.412
9/7/21 2:45,439.0873333
9/7/21 3:00,445.0406667
9/7/21 3:15,433.2653333
9/7/21 3:30,427.104
9/7/21 3:45,425.7513333
9/7/21 4:00,427.8266667
9/7/21 4:15,429.3666667
9/7/21 4:30,431.6373333
9/7/21 4:45,428.0913333
9/7/21 5:00,431.7126667
9/7/21 5:15,434.326
9/7/21 5:30,438.6213333
9/7/21 5:45,443.6606667
9/7/21 6:00,431.4826667
9/7/21 6:15,428.0933333
9/7/21 6:30,432.352
9/7/21 6:45,432.9093333
9/7/21 7:00,434.846
9/7/21 7:15,412.262
9/7/21 7:30,406.1666667
9/7/21 7:45,405.2366667
9/7/21 8:00,407.0573333
9/7/21 8:15,414.104
9/7/21 8:30,435.2033333
9/7/21 8:45,433.834
9/7/21 9:00,434.244
9/7/21 9:15,434.516
9/7/21 9:30,432.488
9/7/21 9:45,435.454
9/7/21 10:00,453.3406667
9/7/21 10:15,724.3973333
9/7/21 10:30,1299.411875
9/7/21 10:45,1355.362857
9/7/21 11:00,1131.623333
9/7/21 11:15,881.9533333
9/7/21 11:30,844.3113333
9/7/21 11:45,868.7493333
9/7/21 12:00,1005.996667
9/7/21 12:15,1042.491333
9/7/21 12:30,1072.334
9/7/21 12:45,1066.891333
9/7/21 13:00,1068.958
9/7/21 13:15,1055.704667
9/7/21 13:30,1045.206
9/7/21 13:45,1056.168
9/7/21 14:00,1018.774
9/7/21 14:15,583.6126667
9/7/21 14:30,454.116
9/7/21 14:45,452.8193333
9/7/21 15:00,455.4133333
9/7/21 15:15,531.648
9/7/21 15:30,696.7646667
9/7/21 15:45,656.832
9/7/21 16:00,626.8846667
9/7/21 16:15,602.2486667
9/7/21 16:30,581.234
9/7/21 16:45,553.2206667
9/7/21 17:00,538.2866667
9/7/21 17:15,515.0886667
9/7/21 17:30,491.6133333
9/7/21 17:45,464.3306667
9/7/21 18:00,451.138
9/7/21 18:15,450.7
9/7/21 18:30,450.958
9/7/21 18:45,451.2533333
9/7/21 19:00,452.2193333
9/7/21 19:15,450.08
9/7/21 19:30,452.2226667
9/7/21 19:45,429.9166667
9/7/21 20:00,427.0026667
9/7/21 20:15,421.322
9/7/21 20:30,422.0106667
9/7/21 20:45,423.0833333
9/7/21 21:00,422.9833333
9/7/21 21:15,420.6733333
9/7/21 21:30,421.848
9/7/21 21:45,422.5233333
9/7/21 22:00,422.0933333
9/7/21 22:15,411.6
9/7/21 22:30,408.544
9/7/21 22:45,406.248
9/7/21 23:00,404.6053333
9/7/21 23:15,386.9746667
9/7/21 23:30,362.486
9/7/21 23:45,352.6933333
9/8/21 0:00,352.4486667
9/8/21 0:15,352.3873333
9/8/21 0:30,351.852
9/8/21 0:45,351.5993333
9/8/21 1:00,352.422
9/8/21 1:15,352.0313333
9/8/21 1:30,352.602
9/8/21 1:45,352.476
9/8/21 2:00,353.9846667
9/8/21 2:15,351.8933333
9/8/21 2:30,352.7533333
9/8/21 2:45,352.6873333
9/8/21 3:00,352.892
9/8/21 3:15,352.8773333
9/8/21 3:30,352.4
9/8/21 3:45,353.6686667
9/8/21 4:00,351.3913333
9/8/21 4:15,352.308
9/8/21 4:30,356.5026667
9/8/21 4:45,353.1513333
9/8/21 5:00,353.6693333
9/8/21 5:15,353.1533333
9/8/21 5:30,352.1626667
9/8/21 5:45,353.2346667
9/8/21 6:00,354.7686667
9/8/21 6:15,364.8213333
9/8/21 6:30,375.248
9/8/21 6:45,380.8013333
9/8/21 7:00,386.85
9/8/21 7:15,377.1513333
9/8/21 7:30,353.0473333
9/8/21 7:45,350.8106667
9/8/21 8:00,350.7053333
9/8/21 8:15,351.1
9/8/21 8:30,372.8646667
9/8/21 8:45,378.7486667
9/8/21 9:00,419.1126667
9/8/21 9:15,428.8493333
9/8/21 9:30,419.9526667
9/8/21 9:45,426.7066667
9/8/21 10:00,428.342
9/8/21 10:15,669.0853333
9/8/21 10:30,837.51
9/8/21 10:45,1034.275333
9/8/21 11:00,1166.779333
9/8/21 11:15,1164.79
9/8/21 11:30,1096.162667
9/8/21 11:45,1056.826667
9/8/21 12:00,1053.719333
9/8/21 12:15,1040.941333
9/8/21 12:30,1039.014667
9/8/21 12:45,1049.650667
9/8/21 13:00,1049.25
9/8/21 13:15,1041.091333
9/8/21 13:30,1047.304667
9/8/21 13:45,1044.048
9/8/21 14:00,1053.732
9/8/21 14:15,588.946
9/8/21 14:30,442.6533333
9/8/21 14:45,428.6426667
9/8/21 15:00,421.9306667
9/8/21 15:15,487.218
9/8/21 15:30,765.5353333
9/8/21 15:45,720.4346667
9/8/21 16:00,622.38
9/8/21 16:15,599.612
9/8/21 16:30,576.234
9/8/21 16:45,568.7446667
9/8/21 17:00,562.8113333
9/8/21 17:15,532.4566667
9/8/21 17:30,516.2686667
9/8/21 17:45,500.676
9/8/21 18:00,484.1566667
9/8/21 18:15,623.176
9/8/21 18:30,916.5686667
9/8/21 18:45,669.4653333
9/8/21 19:00,564.1306667
9/8/21 19:15,458.584
9/8/21 19:30,432.766
9/8/21 19:45,422.676
9/8/21 20:00,421.8566667
9/8/21 20:15,425.078
9/8/21 20:30,426.5586667
9/8/21 20:45,428.5406667
9/8/21 21:00,429.4206667
9/8/21 21:15,427.7733333
9/8/21 21:30,427.0286667
9/8/21 21:45,430.2913333
9/8/21 22:00,430.6386667
9/8/21 22:15,432.1313333
9/8/21 22:30,431.34
9/8/21 22:45,430.4793333
9/8/21 23:00,431.1586667
9/8/21 23:15,428.8253333
9/8/21 23:30,429.1753333
9/8/21 23:45,429.4093333
9/9/21 0:00,431.0426667
9/9/21 0:15,431.768
9/9/21 0:30,434.006
9/9/21 0:45,432.9553333
9/9/21 1:00,432.17
9/9/21 1:15,432.8853333
9/9/21 1:30,431.94
9/9/21 1:45,431.098
9/9/21 2:00,431.5666667
9/9/21 2:15,430.8746667
9/9/21 2:30,431.4713333
9/9/21 2:45,430.352
9/9/21 3:00,430.29
9/9/21 3:15,432.4833333
9/9/21 3:30,431.356
9/9/21 3:45,431.4213333
9/9/21 4:00,431.562
9/9/21 4:15,431.6273333
9/9/21 4:30,431.394
9/9/21 4:45,430.7813333
9/9/21 5:00,431.3566667
9/9/21 5:15,431.8473333
9/9/21 5:30,431.764
9/9/21 5:45,432.8046667
9/9/21 6:00,432.3206667
9/9/21 6:15,431.7546667
9/9/21 6:30,433.102
9/9/21 6:45,432.1173333
9/9/21 7:00,432.2306667
9/9/21 7:15,411.9146667
9/9/21 7:30,422.2533333
9/9/21 7:45,373.5786667
9/9/21 8:00,389.6186667
9/9/21 8:15,408.124
9/9/21 8:30,431.7946667
9/9/21 8:45,431.0733333
9/9/21 9:00,431.7626667
9/9/21 9:15,430.252
9/9/21 9:30,431.5506667
9/9/21 9:45,433.228
9/9/21 10:00,433.164
9/9/21 10:15,814.632
9/9/21 10:30,908.7753333
9/9/21 10:45,730.1413333
9/9/21 11:00,751.7366667
9/9/21 11:15,1003.749333
9/9/21 11:30,1114.556
9/9/21 11:45,1112.096
9/9/21 12:00,1079.843333
9/9/21 12:15,967.9146667
9/9/21 12:30,1007.88
9/9/21 12:45,1061.875333
9/9/21 13:00,1062.622
9/9/21 13:15,1049.474667
9/9/21 13:30,974.1246667
9/9/21 13:45,1006.850667
9/9/21 14:00,1030.97
9/9/21 14:15,517.524
9/9/21 14:30,443.0786667
9/9/21 14:45,427.522
9/9/21 15:00,418.708
9/9/21 15:15,436.692
9/9/21 15:30,631.894
9/9/21 15:45,667.1653333
9/9/21 16:00,614.7946667
9/9/21 16:15,578.4653333
9/9/21 16:30,533.0066667
9/9/21 16:45,522.286
9/9/21 17:00,526.866
9/9/21 17:15,506.0493333
9/9/21 17:30,473.1153333
9/9/21 17:45,451.71
9/9/21 18:00,436.236
9/9/21 18:15,661.768
9/9/21 18:30,928.2033333
9/9/21 18:45,838.0866667
9/9/21 19:00,861.4413333
9/9/21 19:15,765.136
9/9/21 19:30,562.5033333
9/9/21 19:45,447.5593333
9/9/21 20:00,430.5333333
9/9/21 20:15,430.0926667
9/9/21 20:30,431.008
9/9/21 20:45,428.616
9/9/21 21:00,429.4966667
9/9/21 21:15,427.8206667
9/9/21 21:30,427.8066667
9/9/21 21:45,428.7633333
9/9/21 22:00,428.8313333
9/9/21 22:15,430.7986667
9/9/21 22:30,431.9146667
9/9/21 22:45,431.2313333
9/9/21 23:00,431.7766667
9/9/21 23:15,432.6626667
9/9/21 23:30,431.646
9/9/21 23:45,431.4766667
9/10/21 0:00,431.4613333
9/10/21 0:15,431.5093333
9/10/21 0:30,431.6113333
9/10/21 0:45,431.3353333
9/10/21 1:00,432.204
9/10/21 1:15,431.974
9/10/21 1:30,432.1553333
9/10/21 1:45,431.9946667
9/10/21 2:00,432.682
9/10/21 2:15,432.6173333
9/10/21 2:30,431.9086667
9/10/21 2:45,431.5593333
9/10/21 3:00,431.6086667
9/10/21 3:15,432.046
9/10/21 3:30,431.0826667
9/10/21 3:45,430.1013333
9/10/21 4:00,430.99
9/10/21 4:15,431.406
9/10/21 4:30,431.69
9/10/21 4:45,430.4606667
9/10/21 5:00,430.048
9/10/21 5:15,430.694
9/10/21 5:30,431.042
9/10/21 5:45,428.854
9/10/21 6:00,431.85
9/10/21 6:15,430.7133333
9/10/21 6:30,430.3453333
9/10/21 6:45,432.3013333
9/10/21 7:00,431.044
9/10/21 7:15,427.3866667
9/10/21 7:30,376.6726667
9/10/21 7:45,363.4833333
9/10/21 8:00,363.772
9/10/21 8:15,363.2033333
9/10/21 8:30,403.9786667
9/10/21 8:45,434.1393333
9/10/21 9:00,432.5446667
9/10/21 9:15,432.736
9/10/21 9:30,432.1766667
9/10/21 9:45,433.17
9/10/21 10:00,432.9213333
9/10/21 10:15,432.2326667
9/10/21 10:30,431.802
9/10/21 10:45,431.408
9/10/21 11:00,430.77
9/10/21 11:15,496.598
9/10/21 11:30,849.2453333
9/10/21 11:45,1166.788
9/10/21 12:00,1165.928
9/10/21 12:15,1023.223333
9/10/21 12:30,899.4173333
9/10/21 12:45,910.3
9/10/21 13:00,1023.868
9/10/21 13:15,1019.622667
9/10/21 13:30,877.6886667
9/10/21 13:45,794.1693333
9/10/21 14:00,792.9586667
9/10/21 14:15,488.2933333
9/10/21 14:30,420.006
9/10/21 14:45,424.6713333
9/10/21 15:00,642.136
9/10/21 15:15,785.9526667
9/10/21 15:30,734.4813333
9/10/21 15:45,750.874
9/10/21 16:00,750.0346667
9/10/21 16:15,754.288
9/10/21 16:30,737.0746667
9/10/21 16:45,738.35
9/10/21 17:00,719.862
9/10/21 17:15,641.276
9/10/21 17:30,610.39
9/10/21 17:45,575.3413333
9/10/21 18:00,602.0853333
9/10/21 18:15,895.4346667
9/10/21 18:30,1384.042
9/10/21 18:45,1257.168667
9/10/21 19:00,826.842
9/10/21 19:15,516.432
9/10/21 19:30,427.6866667
9/10/21 19:45,420.0246667
9/10/21 20:00,420.7506667
9/10/21 20:15,421.2986667
9/10/21 20:30,421.474
9/10/21 20:45,421.4313333
9/10/21 21:00,421.736
9/10/21 21:15,422.0346667
9/10/21 21:30,420.7126667
9/10/21 21:45,420.226
9/10/21 22:00,424.6906667
9/10/21 22:15,425.264
9/10/21 22:30,426.64
9/10/21 22:45,427.4526667
9/10/21 23:00,425.3433333
9/10/21 23:15,429.032
9/10/21 23:30,430.384
9/10/21 23:45,430.7313333
9/11/21 0:00,431.6446667
9/11/21 0:15,432.1953333
9/11/21 0:30,432.0266667
9/11/21 0:45,432.3513333
9/11/21 1:00,432.664
9/11/21 1:15,432.2753333
9/11/21 1:30,432.3613333
9/11/21 1:45,431.958
9/11/21 2:00,432.6333333
9/11/21 2:15,432.5926667
9/11/21 2:30,431.9973333
9/11/21 2:45,432.506
9/11/21 3:00,433.366
9/11/21 3:15,433.2626667
9/11/21 3:30,431.9673333
9/11/21 3:45,432.63
9/11/21 4:00,431.9006667
9/11/21 4:15,432.094
9/11/21 4:30,431.7333333
9/11/21 4:45,432.3973333
9/11/21 5:00,432.454
9/11/21 5:15,431.824
9/11/21 5:30,432.4793333
9/11/21 5:45,432.9666667
9/11/21 6:00,433.0593333
9/11/21 6:15,434.378
9/11/21 6:30,433.2466667
9/11/21 6:45,433.546
9/11/21 7:00,432.5993333
9/11/21 7:15,655.0973333
9/11/21 7:30,1171.486667
9/11/21 7:45,1069.629333
9/11/21 8:00,922.2226667
9/11/21 8:15,807.6653333
9/11/21 8:30,435.5233333
9/11/21 8:45,445.6213333
9/11/21 9:00,433.9006667
9/11/21 9:15,431.1366667
9/11/21 9:30,430.7213333
9/11/21 9:45,429.4693333
9/11/21 10:00,430.4506667
9/11/21 10:15,464.33
9/11/21 10:30,619.2606667
9/11/21 10:45,712.1206667
9/11/21 11:00,809.7113333
9/11/21 11:15,1014.738667
9/11/21 11:30,1085.632667
9/11/21 11:45,1147.314
9/11/21 12:00,1240.066
9/11/21 12:15,1363.937333
9/11/21 12:30,1415.212667
9/11/21 12:45,1423.050667
9/11/21 13:00,1425.701333
9/11/21 13:15,1422.616
9/11/21 13:30,1437.422667
9/11/21 13:45,1431.516
9/11/21 14:00,1442.084
9/11/21 14:15,1158.982667
9/11/21 14:30,1100.373333
9/11/21 14:45,1111.012
9/11/21 15:00,1121.654
9/11/21 15:15,1167.955333
9/11/21 15:30,1281.936
9/11/21 15:45,1268.775333
9/11/21 16:00,1157.686667
9/11/21 16:15,999.314
9/11/21 16:30,785.5233333
9/11/21 16:45,638.664
9/11/21 17:00,555.7266667
9/11/21 17:15,501.0093333
9/11/21 17:30,474.166
9/11/21 17:45,443.6
9/11/21 18:00,424.224
9/11/21 18:15,660.498
9/11/21 18:30,746.1166667
9/11/21 18:45,569.8113333
9/11/21 19:00,477.97
9/11/21 19:15,437.8706667
9/11/21 19:30,445.5226667
9/11/21 19:45,442.576
9/11/21 20:00,429.7546667
9/11/21 20:15,422.006
9/11/21 20:30,423.3893333
9/11/21 20:45,424.9113333
9/11/21 21:00,424.184
9/11/21 21:15,426.9733333
9/11/21 21:30,429.244
9/11/21 21:45,429.3206667
9/11/21 22:00,430.516
9/11/21 22:15,431.4046667
9/11/21 22:30,432.202
9/11/21 22:45,434.262
9/11/21 23:00,433.344
9/11/21 23:15,434.0266667
9/11/21 23:30,433.6366667
9/11/21 23:45,434.786
9/12/21 0:00,435.63
9/12/21 0:15,434.3266667
9/12/21 0:30,432.4533333
9/12/21 0:45,432.2953333
9/12/21 1:00,431.6973333
9/12/21 1:15,433.1266667
9/12/21 1:30,430.5746667
9/12/21 1:45,430.5073333
9/12/21 2:00,430.08
9/12/21 2:15,429.6013333
9/12/21 2:30,429.582
9/12/21 2:45,428.8253333
9/12/21 3:00,429.5613333
9/12/21 3:15,429.2873333
9/12/21 3:30,430.4566667
9/12/21 3:45,429.3993333
9/12/21 4:00,431.2226667
9/12/21 4:15,430.8126667
9/12/21 4:30,431.9613333
9/12/21 4:45,431.162
9/12/21 5:00,430.4706667
9/12/21 5:15,432.5373333
9/12/21 5:30,432.2466667
9/12/21 5:45,432.084
9/12/21 6:00,432.4266667
9/12/21 6:15,432.528
9/12/21 6:30,431.8626667
9/12/21 6:45,433.428
9/12/21 7:00,433.1066667
9/12/21 7:15,552.0413333
9/12/21 7:30,957.4346667
9/12/21 7:45,689.376
9/12/21 8:00,387.9106667
9/12/21 8:15,420.324
9/12/21 8:30,434.6013333
9/12/21 8:45,433.1613333
9/12/21 9:00,431.3426667
9/12/21 9:15,430.6606667
9/12/21 9:30,430.4033333
9/12/21 9:45,431.578
9/12/21 10:00,431.2033333
9/12/21 10:15,506.3726667
9/12/21 10:30,791.0526667
9/12/21 10:45,1126.414
9/12/21 11:00,1168.480667
9/12/21 11:15,985.362
9/12/21 11:30,733.15
9/12/21 11:45,679.896
9/12/21 12:00,724.0306667
9/12/21 12:15,830.384
9/12/21 12:30,1023.423333
9/12/21 12:45,1051.954
9/12/21 13:00,1056.212
9/12/21 13:15,1058.428667
9/12/21 13:30,1053.677333
9/12/21 13:45,1036.332667
9/12/21 14:00,1000.042
9/12/21 14:15,596.4073333
9/12/21 14:30,441.62
9/12/21 14:45,504.4313333
9/12/21 15:00,691.5966667
9/12/21 15:15,692.2333333
9/12/21 15:30,671.8433333
9/12/21 15:45,675.2866667
9/12/21 16:00,689.4346667
9/12/21 16:15,675.1686667
9/12/21 16:30,657.554
9/12/21 16:45,650.768
9/12/21 17:00,613.3966667
9/12/21 17:15,593.2973333
9/12/21 17:30,570.498
9/12/21 17:45,531.614
9/12/21 18:00,503.092
9/12/21 18:15,714.5446667
9/12/21 18:30,1071.168
9/12/21 18:45,1149.665333
9/12/21 19:00,1020.109333
9/12/21 19:15,669.0673333
9/12/21 19:30,449.1093333
9/12/21 19:45,425.0573333
9/12/21 20:00,419.6793333
9/12/21 20:15,420.8926667
9/12/21 20:30,421.3793333
9/12/21 20:45,420.732
9/12/21 21:00,422.982
9/12/21 21:15,423.4633333
9/12/21 21:30,425.0926667
9/12/21 21:45,410.032
9/12/21 22:00,400.4346667
9/12/21 22:15,423.4513333
9/12/21 22:30,430.058
9/12/21 22:45,428.9506667
9/12/21 23:00,428.008
9/12/21 23:15,429.056
9/12/21 23:30,428.51
9/12/21 23:45,430.8426667
9/13/21 0:00,431.0186667
9/13/21 0:15,431.718
9/13/21 0:30,431.4706667
9/13/21 0:45,431.6133333
9/13/21 1:00,432.548
9/13/21 1:15,432.2713333
9/13/21 1:30,433.11
9/13/21 1:45,433.386
9/13/21 2:00,433.4966667
9/13/21 2:15,433.2186667
9/13/21 2:30,432.8606667
9/13/21 2:45,432.2233333
9/13/21 3:00,432.3586667
9/13/21 3:15,431.5546667
9/13/21 3:30,432.2866667
9/13/21 3:45,431.9413333
9/13/21 4:00,431.3926667
9/13/21 4:15,431.8046667
9/13/21 4:30,432.3973333
9/13/21 4:45,433.1093333
9/13/21 5:00,432.902
9/13/21 5:15,430.3866667
9/13/21 5:30,432.3213333
9/13/21 5:45,432.0546667
9/13/21 6:00,431.2613333
9/13/21 6:15,432.3513333
9/13/21 6:30,431.9546667
9/13/21 6:45,433.164
9/13/21 7:00,433.4666667
9/13/21 7:15,619.784
9/13/21 7:30,1138.854
9/13/21 7:45,977.9333333
9/13/21 8:00,752.4286667
9/13/21 8:15,426.8346667
9/13/21 8:30,445.444
9/13/21 8:45,433.386
9/13/21 9:00,432.5686667
9/13/21 9:15,430.5846667
9/13/21 9:30,429.408
9/13/21 9:45,429.556
9/13/21 10:00,429.8253333
9/13/21 10:15,478.7773333
9/13/21 10:30,660.3006667
9/13/21 10:45,622.542
9/13/21 11:00,635.988
9/13/21 11:15,847.2113333
9/13/21 11:30,1042.766
9/13/21 11:45,1025.524667
9/13/21 12:00,1046.167333
9/13/21 12:15,1041.323333
9/13/21 12:30,1041.321333
9/13/21 12:45,992.6593333
9/13/21 13:00,985.3266667
9/13/21 13:15,1025.514667
9/13/21 13:30,1014.796667
9/13/21 13:45,981.5693333
9/13/21 14:00,961.6766667
9/13/21 14:15,575.6333333
9/13/21 14:30,439.4173333
9/13/21 14:45,492.9446667
9/13/21 15:00,753.74
9/13/21 15:15,717.5626667
9/13/21 15:30,708.9813333
9/13/21 15:45,693.1126667
9/13/21 16:00,701.46
9/13/21 16:15,680.6606667
9/13/21 16:30,662.846
9/13/21 16:45,648.5873333
9/13/21 17:00,619.5813333
9/13/21 17:15,589.7386667
9/13/21 17:30,559.5126667
9/13/21 17:45,531.852
9/13/21 18:00,508.2066667
9/13/21 18:15,607.274
9/13/21 18:30,966.4733333
9/13/21 18:45,743.2606667
9/13/21 19:00,613.4893333
9/13/21 19:15,518.132
9/13/21 19:30,452.9233333
9/13/21 19:45,432.808
9/13/21 20:00,424.6773333
9/13/21 20:15,422.0406667
9/13/21 20:30,422.4173333
9/13/21 20:45,427.8946667
9/13/21 21:00,430.8413333
9/13/21 21:15,432.4126667
9/13/21 21:30,433.1033333
9/13/21 21:45,431.1973333
9/13/21 22:00,431.406
9/13/21 22:15,431.5466667
9/13/21 22:30,430.1166667
9/13/21 22:45,430.1726667
9/13/21 23:00,429.7353333
9/13/21 23:15,429.9226667
9/13/21 23:30,430.744
9/13/21 23:45,430.452