datetime,1B-OAT-1
2021-08-14 23:45:00,
2021-08-15 00:00:00,14.6456
2021-08-15 00:15:00,15.3716
2021-08-15 00:30:00,14.9399
2021-08-15 00:45:00,14.9759
2021-08-15 01:00:00,15.3583
2021-08-15 01:15:00,14.808
2021-08-15 01:30:00,15.2407
2021-08-15 01:45:00,14.7169
2021-08-15 02:00:00,14.6698
2021-08-15 02:15:00,15.143
2021-08-15 02:30:00,14.9043
2021-08-15 02:45:00,14.8267
2021-08-15 03:00:00,14.6641
2021-08-15 03:15:00,14.9515
2021-08-15 03:30:00,14.9718
2021-08-15 03:45:00,15.3363
2021-08-15 04:00:00,15.1335
2021-08-15 04:15:00,14.6063
2021-08-15 04:30:00,14.9996
2021-08-15 04:45:00,15.0223
2021-08-15 05:00:00,15.9449
2021-08-15 05:15:00,15.0548
2021-08-15 05:30:00,14.9205
2021-08-15 05:45:00,14.9915
2021-08-15 06:00:00,15.1745
2021-08-15 06:15:00,14.9925
2021-08-15 06:30:00,15.3002
2021-08-15 06:45:00,14.9844
2021-08-15 07:00:00,15.6954
2021-08-15 07:15:00,15.452
2021-08-15 07:30:00,15.1708
2021-08-15 07:45:00,16.3443
2021-08-15 08:00:00,15.1147
2021-08-15 08:15:00,15.8651
2021-08-15 08:30:00,16.2631
2021-08-15 08:45:00,17.5074
2021-08-15 09:00:00,17.0585
2021-08-15 09:15:00,17.5674
2021-08-15 09:30:00,18.1573
2021-08-15 09:45:00,17.9274
2021-08-15 10:00:00,18.9394
2021-08-15 10:15:00,19.6138
2021-08-15 10:30:00,19.3322
2021-08-15 10:45:00,20.1151
2021-08-15 11:00:00,20.8536
2021-08-15 11:15:00,21.5421
2021-08-15 11:30:00,21.4995
2021-08-15 11:45:00,22.2903
2021-08-15 12:00:00,22.3273
2021-08-15 12:15:00,21.3873
2021-08-15 12:30:00,21.5744
2021-08-15 12:45:00,23.3211
2021-08-15 13:00:00,22.2023
2021-08-15 13:15:00,21.8055
2021-08-15 13:30:00,22.4008
2021-08-15 13:45:00,21.5338
2021-08-15 14:00:00,21.7025
2021-08-15 14:15:00,23.0837
2021-08-15 14:30:00,23.0025
2021-08-15 14:45:00,22.0087
2021-08-15 15:00:00,21.9185
2021-08-15 15:15:00,21.8055
2021-08-15 15:30:00,21.2973
2021-08-15 15:45:00,21.6991
2021-08-15 16:00:00,20.5658
2021-08-15 16:15:00,21.3932
2021-08-15 16:30:00,21.3552
2021-08-15 16:45:00,21.4213
2021-08-15 17:00:00,21.5194
2021-08-15 17:15:00,21.0576
2021-08-15 17:30:00,20.8221
2021-08-15 17:45:00,20.7874
2021-08-15 18:00:00,20.9286
2021-08-15 18:15:00,20.1719
2021-08-15 18:30:00,20.1295
2021-08-15 18:45:00,19.5992
2021-08-15 19:00:00,18.5798
2021-08-15 19:15:00,17.9836
2021-08-15 19:30:00,17.8543
2021-08-15 19:45:00,16.9199
2021-08-15 20:00:00,16.6627
2021-08-15 20:15:00,16.9001
2021-08-15 20:30:00,15.5221
2021-08-15 20:45:00,16.3142
2021-08-15 21:00:00,15.3264
2021-08-15 21:15:00,15.2936
2021-08-15 21:30:00,15.0572
2021-08-15 21:45:00,15.5408
2021-08-15 22:00:00,15.9208
2021-08-15 22:15:00,15.7475
2021-08-15 22:30:00,15.1844
2021-08-15 22:45:00,15.2766
2021-08-15 23:00:00,15.8435
2021-08-15 23:15:00,15.3314
2021-08-15 23:30:00,15.5799
2021-08-15 23:45:00,15.6981
2021-08-16 00:00:00,14.6018
2021-08-16 00:15:00,15.0853
2021-08-16 00:30:00,15.3457
2021-08-16 00:45:00,15.493
2021-08-16 01:00:00,15.5532
2021-08-16 01:15:00,14.8833
2021-08-16 01:30:00,14.9805
2021-08-16 01:45:00,14.4192
2021-08-16 02:00:00,14.719
2021-08-16 02:15:00,14.5515
2021-08-16 02:30:00,14.8437
2021-08-16 02:45:00,13.2072
2021-08-16 03:00:00,13.7447
2021-08-16 03:15:00,14.4173
2021-08-16 03:30:00,14.1971
2021-08-16 03:45:00,14.7279
2021-08-16 04:00:00,15.2767
2021-08-16 04:15:00,14.4111
2021-08-16 04:30:00,14.5058
2021-08-16 04:45:00,14.1527
2021-08-16 05:00:00,15.7818
2021-08-16 05:15:00,14.4573
2021-08-16 05:30:00,13.691
2021-08-16 05:45:00,14.3964
2021-08-16 06:00:00,14.6775
2021-08-16 06:15:00,13.3643
2021-08-16 06:30:00,13.6397
2021-08-16 06:45:00,13.5217
2021-08-16 07:00:00,13.3239
2021-08-16 07:15:00,15.0673
2021-08-16 07:30:00,13.5709
2021-08-16 07:45:00,13.7596
2021-08-16 08:00:00,14.2591
2021-08-16 08:15:00,14.6845
2021-08-16 08:30:00,14.8437
2021-08-16 08:45:00,15.0427
2021-08-16 09:00:00,14.6642
2021-08-16 09:15:00,16.0439
2021-08-16 09:30:00,16.8368
2021-08-16 09:45:00,18.1535
2021-08-16 10:00:00,17.7235
2021-08-16 10:15:00,18.0613
2021-08-16 10:30:00,18.8713
2021-08-16 10:45:00,19.4939
2021-08-16 11:00:00,20.1891
2021-08-16 11:15:00,20.5191
2021-08-16 11:30:00,21.7607
2021-08-16 11:45:00,22.3084
2021-08-16 12:00:00,22.2777
2021-08-16 12:15:00,22.9968
2021-08-16 12:30:00,23.5451
2021-08-16 12:45:00,23.9536
2021-08-16 13:00:00,24.1687
2021-08-16 13:15:00,24.9887
2021-08-16 13:30:00,25.8934
2021-08-16 13:45:00,25.6689
2021-08-16 14:00:00,25.5824
2021-08-16 14:15:00,26.2858
2021-08-16 14:30:00,26.9904
2021-08-16 14:45:00,26.5018
2021-08-16 15:00:00,26.4613
2021-08-16 15:15:00,26.3685
2021-08-16 15:30:00,26.2397
2021-08-16 15:45:00,26.6285
2021-08-16 16:00:00,26.2721
2021-08-16 16:15:00,25.0342
2021-08-16 16:30:00,24.8526
2021-08-16 16:45:00,24.6032
2021-08-16 17:00:00,24.9838
2021-08-16 17:15:00,24.1074
2021-08-16 17:30:00,23.7977
2021-08-16 17:45:00,23.325
2021-08-16 18:00:00,23.3554
2021-08-16 18:15:00,23.9151
2021-08-16 18:30:00,22.906
2021-08-16 18:45:00,22.4871
2021-08-16 19:00:00,21.7348
2021-08-16 19:15:00,21.3142
2021-08-16 19:30:00,21.2083
2021-08-16 19:45:00,20.7418
2021-08-16 20:00:00,19.2208
2021-08-16 20:15:00,18.7866
2021-08-16 20:30:00,18.3267
2021-08-16 20:45:00,18.4246
2021-08-16 21:00:00,17.4021
2021-08-16 21:15:00,17.5133
2021-08-16 21:30:00,16.7905
2021-08-16 21:45:00,16.6463
2021-08-16 22:00:00,16.3223
2021-08-16 22:15:00,15.7055
2021-08-16 22:30:00,16.1459
2021-08-16 22:45:00,15.8066
2021-08-16 23:00:00,15.51
2021-08-16 23:15:00,15.2447
2021-08-16 23:30:00,15.2086
2021-08-16 23:45:00,15.0928
2021-08-17 00:00:00,15.0417
2021-08-17 00:15:00,13.7678
2021-08-17 00:30:00,14.864
2021-08-17 00:45:00,13.8068
2021-08-17 01:00:00,14.2599
2021-08-17 01:15:00,14.6391
2021-08-17 01:30:00,15.1008
2021-08-17 01:45:00,14.0478
2021-08-17 02:00:00,15.1804
2021-08-17 02:15:00,14.4835
2021-08-17 02:30:00,14.6728
2021-08-17 02:45:00,14.2722
2021-08-17 03:00:00,14.4118
2021-08-17 03:15:00,13.7683
2021-08-17 03:30:00,15.006
2021-08-17 03:45:00,14.2005
2021-08-17 04:00:00,14.85
2021-08-17 04:15:00,14.4261
2021-08-17 04:30:00,15.8733
2021-08-17 04:45:00,14.6215
2021-08-17 05:00:00,14.6732
2021-08-17 05:15:00,15.0893
2021-08-17 05:30:00,14.1407
2021-08-17 05:45:00,14.2427
2021-08-17 06:00:00,13.7348
2021-08-17 06:15:00,14.1942
2021-08-17 06:30:00,13.8656
2021-08-17 06:45:00,13.3263
2021-08-17 07:00:00,14.0843
2021-08-17 07:15:00,13.3905
2021-08-17 07:30:00,14.078
2021-08-17 07:45:00,13.9069
2021-08-17 08:00:00,14.6412
2021-08-17 08:15:00,13.517
2021-08-17 08:30:00,13.7323
2021-08-17 08:45:00,14.1824
2021-08-17 09:00:00,14.8922
2021-08-17 09:15:00,15.3373
2021-08-17 09:30:00,14.7107
2021-08-17 09:45:00,15.4122
2021-08-17 10:00:00,16.2301
2021-08-17 10:15:00,16.1476
2021-08-17 10:30:00,15.7966
2021-08-17 10:45:00,16.5206
2021-08-17 11:00:00,17.2321
2021-08-17 11:15:00,17.2004
2021-08-17 11:30:00,18.896
2021-08-17 11:45:00,18.8417
2021-08-17 12:00:00,19.0246
2021-08-17 12:15:00,19.8591
2021-08-17 12:30:00,20.086
2021-08-17 12:45:00,20.7552
2021-08-17 13:00:00,20.0434
2021-08-17 13:15:00,20.5345
2021-08-17 13:30:00,21.1581
2021-08-17 13:45:00,20.8556
2021-08-17 14:00:00,21.6936
2021-08-17 14:15:00,21.1757
2021-08-17 14:30:00,22.2668
2021-08-17 14:45:00,21.4838
2021-08-17 15:00:00,20.3923
2021-08-17 15:15:00,22.4547
2021-08-17 15:30:00,22.4927
2021-08-17 15:45:00,22.3324
2021-08-17 16:00:00,21.673
2021-08-17 16:15:00,21.5531
2021-08-17 16:30:00,21.198
2021-08-17 16:45:00,20.1345
2021-08-17 17:00:00,21.7293
2021-08-17 17:15:00,20.5563
2021-08-17 17:30:00,20.3784
2021-08-17 17:45:00,20.0296
2021-08-17 18:00:00,20.8805
2021-08-17 18:15:00,19.6333
2021-08-17 18:30:00,18.6581
2021-08-17 18:45:00,18.6195
2021-08-17 19:00:00,18.0751
2021-08-17 19:15:00,17.6151
2021-08-17 19:30:00,15.9704
2021-08-17 19:45:00,15.4265
2021-08-17 20:00:00,15.9417
2021-08-17 20:15:00,15.0654
2021-08-17 20:30:00,14.0322
2021-08-17 20:45:00,14.9628
2021-08-17 21:00:00,14.4603
2021-08-17 21:15:00,14.9325
2021-08-17 21:30:00,14.3017
2021-08-17 21:45:00,14.2695
2021-08-17 22:00:00,14.7281
2021-08-17 22:15:00,14.4572
2021-08-17 22:30:00,14.221
2021-08-17 22:45:00,14.6223
2021-08-17 23:00:00,13.973
2021-08-17 23:15:00,14.354
2021-08-17 23:30:00,13.5453
2021-08-17 23:45:00,14.1293
2021-08-18 00:00:00,14.6839
2021-08-18 00:15:00,13.9902
2021-08-18 00:30:00,13.8227
2021-08-18 00:45:00,14.2281
2021-08-18 01:00:00,13.8265
2021-08-18 01:15:00,14.7367
2021-08-18 01:30:00,14.2387
2021-08-18 01:45:00,15.0576
2021-08-18 02:00:00,15.1842
2021-08-18 02:15:00,14.3901
2021-08-18 02:30:00,15.2078
2021-08-18 02:45:00,15.0501
2021-08-18 03:00:00,15.0211
2021-08-18 03:15:00,14.4548
2021-08-18 03:30:00,14.4755
2021-08-18 03:45:00,15.0624
2021-08-18 04:00:00,15.4297
2021-08-18 04:15:00,13.5505
2021-08-18 04:30:00,14.5304
2021-08-18 04:45:00,14.6037
2021-08-18 05:00:00,14.6592
2021-08-18 05:15:00,15.1381
2021-08-18 05:30:00,14.2278
2021-08-18 05:45:00,14.1515
2021-08-18 06:00:00,13.8276
2021-08-18 06:15:00,14.1031
2021-08-18 06:30:00,14.0208
2021-08-18 06:45:00,14.2449
2021-08-18 07:00:00,14.9547
2021-08-18 07:15:00,13.9622
2021-08-18 07:30:00,13.6612
2021-08-18 07:45:00,14.0739
2021-08-18 08:00:00,14.7716
2021-08-18 08:15:00,15.0336
2021-08-18 08:30:00,15.8548
2021-08-18 08:45:00,15.9461
2021-08-18 09:00:00,16.7327
2021-08-18 09:15:00,15.7404
2021-08-18 09:30:00,15.7973
2021-08-18 09:45:00,16.6916
2021-08-18 10:00:00,17.0685
2021-08-18 10:15:00,17.9613
2021-08-18 10:30:00,17.8949
2021-08-18 10:45:00,18.3351
2021-08-18 11:00:00,19.3866
2021-08-18 11:15:00,19.7216
2021-08-18 11:30:00,19.4784
2021-08-18 11:45:00,19.9992
2021-08-18 12:00:00,20.0733
2021-08-18 12:15:00,20.2749
2021-08-18 12:30:00,20.419
2021-08-18 12:45:00,20.6242
2021-08-18 13:00:00,20.1549
2021-08-18 13:15:00,20.7013
2021-08-18 13:30:00,19.8869
2021-08-18 13:45:00,20.4353
2021-08-18 14:00:00,19.8649
2021-08-18 14:15:00,19.9372
2021-08-18 14:30:00,20.241
2021-08-18 14:45:00,19.103
2021-08-18 15:00:00,20.4317
2021-08-18 15:15:00,20.233
2021-08-18 15:30:00,19.4709
2021-08-18 15:45:00,19.0748
2021-08-18 16:00:00,19.2213
2021-08-18 16:15:00,19.3592
2021-08-18 16:30:00,18.6727
2021-08-18 16:45:00,19.1765
2021-08-18 17:00:00,18.4436
2021-08-18 17:15:00,18.5437
2021-08-18 17:30:00,19.2822
2021-08-18 17:45:00,18.466
2021-08-18 18:00:00,17.2898
2021-08-18 18:15:00,17.3386
2021-08-18 18:30:00,16.2575
2021-08-18 18:45:00,15.7235
2021-08-18 19:00:00,16.5678
2021-08-18 19:15:00,15.2464
2021-08-18 19:30:00,15.4563
2021-08-18 19:45:00,14.9435
2021-08-18 20:00:00,14.8735
2021-08-18 20:15:00,15.4423
2021-08-18 20:30:00,14.5996
2021-08-18 20:45:00,14.4518
2021-08-18 21:00:00,14.8674
2021-08-18 21:15:00,14.0967
2021-08-18 21:30:00,14.5057
2021-08-18 21:45:00,14.6051
2021-08-18 22:00:00,14.5219
2021-08-18 22:15:00,13.2688
2021-08-18 22:30:00,12.5447
2021-08-18 22:45:00,13.7119
2021-08-18 23:00:00,14.1262
2021-08-18 23:15:00,13.8957
2021-08-18 23:30:00,14.0557
2021-08-18 23:45:00,14.0091
2021-08-19 00:00:00,14.065
2021-08-19 00:15:00,13.9708
2021-08-19 00:30:00,14.0307
2021-08-19 00:45:00,14.14
2021-08-19 01:00:00,14.4395
2021-08-19 01:15:00,14.5088
2021-08-19 01:30:00,14.1629
2021-08-19 01:45:00,15.383
2021-08-19 02:00:00,14.8374
2021-08-19 02:15:00,14.9821
2021-08-19 02:30:00,14.846
2021-08-19 02:45:00,15.2337
2021-08-19 03:00:00,14.1709
2021-08-19 03:15:00,14.7981
2021-08-19 03:30:00,15.2008
2021-08-19 03:45:00,14.9664
2021-08-19 04:00:00,14.3272
2021-08-19 04:15:00,15.1982
2021-08-19 04:30:00,14.551
2021-08-19 04:45:00,14.4375
2021-08-19 05:00:00,14.5875
2021-08-19 05:15:00,14.5854
2021-08-19 05:30:00,14.8376
2021-08-19 05:45:00,13.7551
2021-08-19 06:00:00,14.6208
2021-08-19 06:15:00,14.1692
2021-08-19 06:30:00,14.4271
2021-08-19 06:45:00,15.0502
2021-08-19 07:00:00,14.7347
2021-08-19 07:15:00,14.6635
2021-08-19 07:30:00,14.3708
2021-08-19 07:45:00,15.9816
2021-08-19 08:00:00,14.5137
2021-08-19 08:15:00,15.5211
2021-08-19 08:30:00,15.8875
2021-08-19 08:45:00,15.4058
2021-08-19 09:00:00,16.07
2021-08-19 09:15:00,16.2385
2021-08-19 09:30:00,17.0133
2021-08-19 09:45:00,17.0552
2021-08-19 10:00:00,17.9821
2021-08-19 10:15:00,17.6024
2021-08-19 10:30:00,18.1679
2021-08-19 10:45:00,18.3895
2021-08-19 11:00:00,18.619
2021-08-19 11:15:00,19.654
2021-08-19 11:30:00,18.8286
2021-08-19 11:45:00,20.1999
2021-08-19 12:00:00,19.8917
2021-08-19 12:15:00,20.6763
2021-08-19 12:30:00,20.01
2021-08-19 12:45:00,20.5257
2021-08-19 13:00:00,20.1677
2021-08-19 13:15:00,20.7337
2021-08-19 13:30:00,20.9803
2021-08-19 13:45:00,20.9401
2021-08-19 14:00:00,19.542
2021-08-19 14:15:00,20.9748
2021-08-19 14:30:00,19.6971
2021-08-19 14:45:00,20.8026
2021-08-19 15:00:00,21.2226
2021-08-19 15:15:00,21.5775
2021-08-19 15:30:00,20.0732
2021-08-19 15:45:00,19.584
2021-08-19 16:00:00,19.9046
2021-08-19 16:15:00,18.8735
2021-08-19 16:30:00,19.9171
2021-08-19 16:45:00,19.1428
2021-08-19 17:00:00,19.8376
2021-08-19 17:15:00,18.535
2021-08-19 17:30:00,17.9393
2021-08-19 17:45:00,17.5841
2021-08-19 18:00:00,17.6554
2021-08-19 18:15:00,16.3987
2021-08-19 18:30:00,16.3472
2021-08-19 18:45:00,15.576
2021-08-19 19:00:00,16.0318
2021-08-19 19:15:00,15.7984
2021-08-19 19:30:00,15.1757
2021-08-19 19:45:00,14.7508
2021-08-19 20:00:00,14.6283
2021-08-19 20:15:00,15.1298
2021-08-19 20:30:00,14.7632
2021-08-19 20:45:00,14.9154
2021-08-19 21:00:00,14.4445
2021-08-19 21:15:00,14.2743
2021-08-19 21:30:00,14.9451
2021-08-19 21:45:00,14.1788
2021-08-19 22:00:00,14.8386
2021-08-19 22:15:00,14.431
2021-08-19 22:30:00,14.924
2021-08-19 22:45:00,14.4653
2021-08-19 23:00:00,14.1423
2021-08-19 23:15:00,14.1559
2021-08-19 23:30:00,14.2883
2021-08-19 23:45:00,14.5498
2021-08-20 00:00:00,14.7745
2021-08-20 00:15:00,14.6654
2021-08-20 00:30:00,14.1737
2021-08-20 00:45:00,14.7734
2021-08-20 01:00:00,14.2696
2021-08-20 01:15:00,14.9465
2021-08-20 01:30:00,15.1229
2021-08-20 01:45:00,14.9066
2021-08-20 02:00:00,15.1264
2021-08-20 02:15:00,14.7517
2021-08-20 02:30:00,14.9325
2021-08-20 02:45:00,14.4399
2021-08-20 03:00:00,14.4511
2021-08-20 03:15:00,14.3731
2021-08-20 03:30:00,15.0808
2021-08-20 03:45:00,14.7754
2021-08-20 04:00:00,14.7274
2021-08-20 04:15:00,14.4263
2021-08-20 04:30:00,13.6556
2021-08-20 04:45:00,13.9709
2021-08-20 05:00:00,14.5111
2021-08-20 05:15:00,14.4665
2021-08-20 05:30:00,14.4684
2021-08-20 05:45:00,14.2753
2021-08-20 06:00:00,14.3937
2021-08-20 06:15:00,13.7096
2021-08-20 06:30:00,14.8697
2021-08-20 06:45:00,14.7203
2021-08-20 07:00:00,14.6323
2021-08-20 07:15:00,14.5678
2021-08-20 07:30:00,14.6112
2021-08-20 07:45:00,14.0989
2021-08-20 08:00:00,14.8568
2021-08-20 08:15:00,14.3608
2021-08-20 08:30:00,15.0081
2021-08-20 08:45:00,15.269
2021-08-20 09:00:00,15.3832
2021-08-20 09:15:00,15.4587
2021-08-20 09:30:00,16.9828
2021-08-20 09:45:00,16.1099
2021-08-20 10:00:00,16.0395
2021-08-20 10:15:00,16.1064
2021-08-20 10:30:00,16.6973
2021-08-20 10:45:00,16.6142
2021-08-20 11:00:00,16.8758
2021-08-20 11:15:00,17.175
2021-08-20 11:30:00,17.4772
2021-08-20 11:45:00,18.3705
2021-08-20 12:00:00,17.9159
2021-08-20 12:15:00,17.5082
2021-08-20 12:30:00,17.1381
2021-08-20 12:45:00,18.1172
2021-08-20 13:00:00,16.8813
2021-08-20 13:15:00,17.4299
2021-08-20 13:30:00,16.5059
2021-08-20 13:45:00,18.3175
2021-08-20 14:00:00,16.4804
2021-08-20 14:15:00,17.6007
2021-08-20 14:30:00,17.6251
2021-08-20 14:45:00,17.007
2021-08-20 15:00:00,17.2587
2021-08-20 15:15:00,16.8898
2021-08-20 15:30:00,16.467
2021-08-20 15:45:00,16.0061
2021-08-20 16:00:00,15.9814
2021-08-20 16:15:00,15.4388
2021-08-20 16:30:00,15.0951
2021-08-20 16:45:00,15.6514
2021-08-20 17:00:00,15.417
2021-08-20 17:15:00,15.6744
2021-08-20 17:30:00,15.8781
2021-08-20 17:45:00,15.2782
2021-08-20 18:00:00,15.8673
2021-08-20 18:15:00,16.7125
2021-08-20 18:30:00,15.0514
2021-08-20 18:45:00,14.8272
2021-08-20 19:00:00,14.2854
2021-08-20 19:15:00,15.3009
2021-08-20 19:30:00,14.7509
2021-08-20 19:45:00,15.0168
2021-08-20 20:00:00,14.8324
2021-08-20 20:15:00,15.0611
2021-08-20 20:30:00,14.2153
2021-08-20 20:45:00,14.4113
2021-08-20 21:00:00,15.1645
2021-08-20 21:15:00,15.5082
2021-08-20 21:30:00,15.2385
2021-08-20 21:45:00,15.2176
2021-08-20 22:00:00,14.5843
2021-08-20 22:15:00,14.1681
2021-08-20 22:30:00,14.5037
2021-08-20 22:45:00,13.8702
2021-08-20 23:00:00,14.1594
2021-08-20 23:15:00,15.5885
2021-08-20 23:30:00,13.9221
2021-08-20 23:45:00,14.3746
2021-08-21 00:00:00,13.9041
2021-08-21 00:15:00,14.168
2021-08-21 00:30:00,14.8529
2021-08-21 00:45:00,13.8013
2021-08-21 01:00:00,13.7679
2021-08-21 01:15:00,13.6043
2021-08-21 01:30:00,14.1181
2021-08-21 01:45:00,13.9852
2021-08-21 02:00:00,14.3973
2021-08-21 02:15:00,13.6345
2021-08-21 02:30:00,14.0288
2021-08-21 02:45:00,14.1313
2021-08-21 03:00:00,14.4335
2021-08-21 03:15:00,14.6457
2021-08-21 03:30:00,14.8295
2021-08-21 03:45:00,14.6258
2021-08-21 04:00:00,13.8292
2021-08-21 04:15:00,14.0635
2021-08-21 04:30:00,15.0373
2021-08-21 04:45:00,14.1999
2021-08-21 05:00:00,14.1543
2021-08-21 05:15:00,14.4245
2021-08-21 05:30:00,13.9662
2021-08-21 05:45:00,14.7383
2021-08-21 06:00:00,13.9539
2021-08-21 06:15:00,14.6382
2021-08-21 06:30:00,14.6603
2021-08-21 06:45:00,15.2312
2021-08-21 07:00:00,14.4581
2021-08-21 07:15:00,14.2109
2021-08-21 07:30:00,14.4897
2021-08-21 07:45:00,14.4312
2021-08-21 08:00:00,14.1008
2021-08-21 08:15:00,13.7019
2021-08-21 08:30:00,14.9697
2021-08-21 08:45:00,16.3475
2021-08-21 09:00:00,15.5464
2021-08-21 09:15:00,15.3266
2021-08-21 09:30:00,14.8462
2021-08-21 09:45:00,15.2342
2021-08-21 10:00:00,14.8783
2021-08-21 10:15:00,15.6731
2021-08-21 10:30:00,15.3707
2021-08-21 10:45:00,15.2021
2021-08-21 11:00:00,14.3785
2021-08-21 11:15:00,15.2693
2021-08-21 11:30:00,15.012
2021-08-21 11:45:00,15.1347
2021-08-21 12:00:00,15.6892
2021-08-21 12:15:00,14.3781
2021-08-21 12:30:00,14.0129
2021-08-21 12:45:00,14.4485
2021-08-21 13:00:00,14.5855
2021-08-21 13:15:00,15.0009
2021-08-21 13:30:00,15.0462
2021-08-21 13:45:00,15.7968
2021-08-21 14:00:00,16.1582
2021-08-21 14:15:00,14.6415
2021-08-21 14:30:00,14.6339
2021-08-21 14:45:00,15.2613
2021-08-21 15:00:00,16.1669
2021-08-21 15:15:00,15.477
2021-08-21 15:30:00,15.1238
2021-08-21 15:45:00,15.3646
2021-08-21 16:00:00,14.6582
2021-08-21 16:15:00,15.8017
2021-08-21 16:30:00,15.8291
2021-08-21 16:45:00,15.6471
2021-08-21 17:00:00,17.3741
2021-08-21 17:15:00,15.8083
2021-08-21 17:30:00,16.4628
2021-08-21 17:45:00,15.3283
2021-08-21 18:00:00,15.0139
2021-08-21 18:15:00,14.9604
2021-08-21 18:30:00,14.7434
2021-08-21 18:45:00,14.3762
2021-08-21 19:00:00,14.7203
2021-08-21 19:15:00,14.4953
2021-08-21 19:30:00,14.0261
2021-08-21 19:45:00,13.6102
2021-08-21 20:00:00,13.9689
2021-08-21 20:15:00,15.0873
2021-08-21 20:30:00,13.2418
2021-08-21 20:45:00,13.797
2021-08-21 21:00:00,13.6542
2021-08-21 21:15:00,13.7633
2021-08-21 21:30:00,12.9088
2021-08-21 21:45:00,13.6462
2021-08-21 22:00:00,12.9183
2021-08-21 22:15:00,13.1549
2021-08-21 22:30:00,14.1996
2021-08-21 22:45:00,13.6561
2021-08-21 23:00:00,12.0737
2021-08-21 23:15:00,13.2881
2021-08-21 23:30:00,13.6388
2021-08-21 23:45:00,13.2926
2021-08-22 00:00:00,12.2086
2021-08-22 00:15:00,13.0208
2021-08-22 00:30:00,13.586
2021-08-22 00:45:00,14.2095
2021-08-22 01:00:00,13.6528
2021-08-22 01:15:00,13.4906
2021-08-22 01:30:00,13.496
2021-08-22 01:45:00,13.6516
2021-08-22 02:00:00,13.5929
2021-08-22 02:15:00,13.6592
2021-08-22 02:30:00,12.6363
2021-08-22 02:45:00,13.4627
2021-08-22 03:00:00,13.8859
2021-08-22 03:15:00,13.9656
2021-08-22 03:30:00,13.4856
2021-08-22 03:45:00,13.7627
2021-08-22 04:00:00,12.8304
2021-08-22 04:15:00,13.8687
2021-08-22 04:30:00,13.7099
2021-08-22 04:45:00,13.4748
2021-08-22 05:00:00,13.3682
2021-08-22 05:15:00,13.3876
2021-08-22 05:30:00,13.3965
2021-08-22 05:45:00,12.9473
2021-08-22 06:00:00,13.1274
2021-08-22 06:15:00,13.5564
2021-08-22 06:30:00,13.4045
2021-08-22 06:45:00,12.7424
2021-08-22 07:00:00,13.5113
2021-08-22 07:15:00,13.2396
2021-08-22 07:30:00,13.1076
2021-08-22 07:45:00,13.2044
2021-08-22 08:00:00,13.619
2021-08-22 08:15:00,13.7806
2021-08-22 08:30:00,14.8528
2021-08-22 08:45:00,14.3851
2021-08-22 09:00:00,14.6403
2021-08-22 09:15:00,15.2928
2021-08-22 09:30:00,14.4288
2021-08-22 09:45:00,14.5315
2021-08-22 10:00:00,16.0864
2021-08-22 10:15:00,16.0133
2021-08-22 10:30:00,17.2006
2021-08-22 10:45:00,16.0046
2021-08-22 11:00:00,16.7286
2021-08-22 11:15:00,16.4411
2021-08-22 11:30:00,17.4487
2021-08-22 11:45:00,16.9413
2021-08-22 12:00:00,17.4358
2021-08-22 12:15:00,16.663
2021-08-22 12:30:00,17.1812
2021-08-22 12:45:00,17.5528
2021-08-22 13:00:00,18.7596
2021-08-22 13:15:00,17.9258
2021-08-22 13:30:00,20.0494
2021-08-22 13:45:00,19.0567
2021-08-22 14:00:00,19.7258
2021-08-22 14:15:00,19.1094
2021-08-22 14:30:00,19.7333
2021-08-22 14:45:00,19.7735
2021-08-22 15:00:00,20.472
2021-08-22 15:15:00,20.4911
2021-08-22 15:30:00,19.3113
2021-08-22 15:45:00,19.5688
2021-08-22 16:00:00,19.2566
2021-08-22 16:15:00,19.0595
2021-08-22 16:30:00,20.6811
2021-08-22 16:45:00,19.9586
2021-08-22 17:00:00,19.831
2021-08-22 17:15:00,18.2964
2021-08-22 17:30:00,18.6846
2021-08-22 17:45:00,18.8532
2021-08-22 18:00:00,18.3105
2021-08-22 18:15:00,18.2207
2021-08-22 18:30:00,16.9205
2021-08-22 18:45:00,16.1666
2021-08-22 19:00:00,15.9861
2021-08-22 19:15:00,15.0343
2021-08-22 19:30:00,15.038
2021-08-22 19:45:00,14.6177
2021-08-22 20:00:00,14.0787
2021-08-22 20:15:00,14.0251
2021-08-22 20:30:00,14.1864
2021-08-22 20:45:00,14.2213
2021-08-22 21:00:00,14.2723
2021-08-22 21:15:00,13.9827
2021-08-22 21:30:00,13.6137
2021-08-22 21:45:00,13.7967
2021-08-22 22:00:00,13.3261
2021-08-22 22:15:00,13.359
2021-08-22 22:30:00,13.0247
2021-08-22 22:45:00,13.7147
2021-08-22 23:00:00,13.4437
2021-08-22 23:15:00,13.6081
2021-08-22 23:30:00,13.4878
2021-08-22 23:45:00,13.0312
2021-08-23 00:00:00,13.6342
2021-08-23 00:15:00,13.4605
2021-08-23 00:30:00,13.7539
2021-08-23 00:45:00,13.5179
2021-08-23 01:00:00,13.1334
2021-08-23 01:15:00,13.0232
2021-08-23 01:30:00,12.2516
2021-08-23 01:45:00,13.4228
2021-08-23 02:00:00,12.8077
2021-08-23 02:15:00,13.3085
2021-08-23 02:30:00,13.777
2021-08-23 02:45:00,12.2957
2021-08-23 03:00:00,13.4392
2021-08-23 03:15:00,13.3284
2021-08-23 03:30:00,12.505
2021-08-23 03:45:00,12.9642
2021-08-23 04:00:00,13.2231
2021-08-23 04:15:00,13.1749
2021-08-23 04:30:00,13.368
2021-08-23 04:45:00,12.9546
2021-08-23 05:00:00,13.7211
2021-08-23 05:15:00,12.7971
2021-08-23 05:30:00,13.1099
2021-08-23 05:45:00,13.7563
2021-08-23 06:00:00,13.2272
2021-08-23 06:15:00,12.7136
2021-08-23 06:30:00,13.1817
2021-08-23 06:45:00,12.9048
2021-08-23 07:00:00,12.6108
2021-08-23 07:15:00,13.1051
2021-08-23 07:30:00,13.7816
2021-08-23 07:45:00,12.7168
2021-08-23 08:00:00,12.6737
2021-08-23 08:15:00,13.2959
2021-08-23 08:30:00,13.2925
2021-08-23 08:45:00,13.2467
2021-08-23 09:00:00,13.7755
2021-08-23 09:15:00,14.2627
2021-08-23 09:30:00,14.7344
2021-08-23 09:45:00,14.1204
2021-08-23 10:00:00,14.9951
2021-08-23 10:15:00,15.4369
2021-08-23 10:30:00,16.1891
2021-08-23 10:45:00,15.9954
2021-08-23 11:00:00,16.3964
2021-08-23 11:15:00,16.5847
2021-08-23 11:30:00,16.6334
2021-08-23 11:45:00,16.4847
2021-08-23 12:00:00,16.2049
2021-08-23 12:15:00,17.4481
2021-08-23 12:30:00,16.1951
2021-08-23 12:45:00,16.0888
2021-08-23 13:00:00,17.7677
2021-08-23 13:15:00,17.8297
2021-08-23 13:30:00,17.4651
2021-08-23 13:45:00,16.9773
2021-08-23 14:00:00,17.3111
2021-08-23 14:15:00,18.4638
2021-08-23 14:30:00,17.9848
2021-08-23 14:45:00,18.6948
2021-08-23 15:00:00,17.8879
2021-08-23 15:15:00,16.9289
2021-08-23 15:30:00,16.367
2021-08-23 15:45:00,16.5371
2021-08-23 16:00:00,16.1381
2021-08-23 16:15:00,16.8311
2021-08-23 16:30:00,16.2588
2021-08-23 16:45:00,16.3956
2021-08-23 17:00:00,16.1853
2021-08-23 17:15:00,16.0853
2021-08-23 17:30:00,15.6916
2021-08-23 17:45:00,15.3461
2021-08-23 18:00:00,15.3963
2021-08-23 18:15:00,15.2265
2021-08-23 18:30:00,15.0247
2021-08-23 18:45:00,14.8344
2021-08-23 19:00:00,13.6339
2021-08-23 19:15:00,13.9923
2021-08-23 19:30:00,14.2701
2021-08-23 19:45:00,13.9141
2021-08-23 20:00:00,14.082
2021-08-23 20:15:00,13.7034
2021-08-23 20:30:00,13.8118
2021-08-23 20:45:00,13.4123
2021-08-23 21:00:00,13.084
2021-08-23 21:15:00,13.6236
2021-08-23 21:30:00,13.5243
2021-08-23 21:45:00,13.2922
2021-08-23 22:00:00,12.7889
2021-08-23 22:15:00,13.1074
2021-08-23 22:30:00,13.464
2021-08-23 22:45:00,12.4332
2021-08-23 23:00:00,13.5569
2021-08-23 23:15:00,12.6618
2021-08-23 23:30:00,13.2815
2021-08-23 23:45:00,13.082
2021-08-24 00:00:00,14.5726
2021-08-24 00:15:00,12.2666
2021-08-24 00:30:00,13.8754
2021-08-24 00:45:00,13.2035
2021-08-24 01:00:00,14.0354
2021-08-24 01:15:00,12.9389
2021-08-24 01:30:00,12.9416
2021-08-24 01:45:00,13.3146
2021-08-24 02:00:00,12.9564
2021-08-24 02:15:00,12.8728
2021-08-24 02:30:00,13.4125
2021-08-24 02:45:00,12.8732
2021-08-24 03:00:00,12.9119
2021-08-24 03:15:00,13.1051
2021-08-24 03:30:00,12.4493
2021-08-24 03:45:00,12.7989
2021-08-24 04:00:00,12.8323
2021-08-24 04:15:00,12.9401
2021-08-24 04:30:00,12.8168
2021-08-24 04:45:00,12.6362
2021-08-24 05:00:00,13.5519
2021-08-24 05:15:00,12.6257
2021-08-24 05:30:00,13.6713
2021-08-24 05:45:00,13.2546
2021-08-24 06:00:00,14.6031
2021-08-24 06:15:00,13.5491
2021-08-24 06:30:00,12.9751
2021-08-24 06:45:00,13.8613
2021-08-24 07:00:00,14.1243
2021-08-24 07:15:00,13.4325
2021-08-24 07:30:00,13.0297
2021-08-24 07:45:00,15.0839
2021-08-24 08:00:00,13.592
2021-08-24 08:15:00,14.2055
2021-08-24 08:30:00,14.6063
2021-08-24 08:45:00,14.4257
2021-08-24 09:00:00,14.5504
2021-08-24 09:15:00,15.0763
2021-08-24 09:30:00,15.3931
2021-08-24 09:45:00,14.9972
2021-08-24 10:00:00,16.321
2021-08-24 10:15:00,15.5592
2021-08-24 10:30:00,15.7674
2021-08-24 10:45:00,15.8689
2021-08-24 11:00:00,17.5661
2021-08-24 11:15:00,18.024
2021-08-24 11:30:00,17.2356
2021-08-24 11:45:00,16.9343
2021-08-24 12:00:00,16.8293
2021-08-24 12:15:00,16.4235
2021-08-24 12:30:00,17.6445
2021-08-24 12:45:00,17.6289
2021-08-24 13:00:00,17.7749
2021-08-24 13:15:00,18.0322
2021-08-24 13:30:00,17.8204
2021-08-24 13:45:00,18.4833
2021-08-24 14:00:00,18.654
2021-08-24 14:15:00,17.6881
2021-08-24 14:30:00,18.6985
2021-08-24 14:45:00,17.168
2021-08-24 15:00:00,18.3245
2021-08-24 15:15:00,18.4091
2021-08-24 15:30:00,18.2453
2021-08-24 15:45:00,18.9107
2021-08-24 16:00:00,18.4431
2021-08-24 16:15:00,18.7051
2021-08-24 16:30:00,19.4503
2021-08-24 16:45:00,19.7739
2021-08-24 17:00:00,19.6959
2021-08-24 17:15:00,18.539
2021-08-24 17:30:00,18.4998
2021-08-24 17:45:00,17.6446
2021-08-24 18:00:00,17.2543
2021-08-24 18:15:00,16.34
2021-08-24 18:30:00,16.0122
2021-08-24 18:45:00,16.2489
2021-08-24 19:00:00,16.505
2021-08-24 19:15:00,14.7085
2021-08-24 19:30:00,14.3982
2021-08-24 19:45:00,14.2725
2021-08-24 20:00:00,13.9761
2021-08-24 20:15:00,13.7194
2021-08-24 20:30:00,13.8444
2021-08-24 20:45:00,14.3812
2021-08-24 21:00:00,14.5633
2021-08-24 21:15:00,13.5531
2021-08-24 21:30:00,13.3934
2021-08-24 21:45:00,14.0043
2021-08-24 22:00:00,13.5757
2021-08-24 22:15:00,14.0743
2021-08-24 22:30:00,13.0169
2021-08-24 22:45:00,13.5004
2021-08-24 23:00:00,13.7292
2021-08-24 23:15:00,13.7313
2021-08-24 23:30:00,13.63
2021-08-24 23:45:00,13.0857
2021-08-25 00:00:00,12.9134
2021-08-25 00:15:00,13.2461
2021-08-25 00:30:00,13.7408
2021-08-25 00:45:00,13.6016
2021-08-25 01:00:00,13.5235
2021-08-25 01:15:00,13.5178
2021-08-25 01:30:00,13.5724
2021-08-25 01:45:00,13.1628
2021-08-25 02:00:00,13.2568
2021-08-25 02:15:00,12.697
2021-08-25 02:30:00,13.0307
2021-08-25 02:45:00,13.1743
2021-08-25 03:00:00,13.5367
2021-08-25 03:15:00,13.3311
2021-08-25 03:30:00,12.7488
2021-08-25 03:45:00,12.8853
2021-08-25 04:00:00,14.0059
2021-08-25 04:15:00,13.1953
2021-08-25 04:30:00,13.0624
2021-08-25 04:45:00,12.8453
2021-08-25 05:00:00,12.1099
2021-08-25 05:15:00,13.0762
2021-08-25 05:30:00,13.0042
2021-08-25 05:45:00,12.2204
2021-08-25 06:00:00,12.7219
2021-08-25 06:15:00,12.9635
2021-08-25 06:30:00,13.3749
2021-08-25 06:45:00,11.8858
2021-08-25 07:00:00,12.4896
2021-08-25 07:15:00,12.5707
2021-08-25 07:30:00,12.1748
2021-08-25 07:45:00,12.0904
2021-08-25 08:00:00,12.4065
2021-08-25 08:15:00,12.9064
2021-08-25 08:30:00,12.225
2021-08-25 08:45:00,12.822
2021-08-25 09:00:00,13.1244
2021-08-25 09:15:00,14.0846
2021-08-25 09:30:00,14.2796
2021-08-25 09:45:00,13.8863
2021-08-25 10:00:00,14.4512
2021-08-25 10:15:00,14.9074
2021-08-25 10:30:00,15.897
2021-08-25 10:45:00,16.4656
2021-08-25 11:00:00,16.7207
2021-08-25 11:15:00,15.986
2021-08-25 11:30:00,16.9452
2021-08-25 11:45:00,16.3134
2021-08-25 12:00:00,16.284
2021-08-25 12:15:00,16.5086
2021-08-25 12:30:00,17.5446
2021-08-25 12:45:00,17.4219
2021-08-25 13:00:00,16.1312
2021-08-25 13:15:00,16.9994
2021-08-25 13:30:00,18.012
2021-08-25 13:45:00,19.6296
2021-08-25 14:00:00,19.0874
2021-08-25 14:15:00,19.6242
2021-08-25 14:30:00,19.0568
2021-08-25 14:45:00,20.3654
2021-08-25 15:00:00,19.0512
2021-08-25 15:15:00,19.431
2021-08-25 15:30:00,19.5071
2021-08-25 15:45:00,20.2653
2021-08-25 16:00:00,20.2673
2021-08-25 16:15:00,19.983
2021-08-25 16:30:00,20.1336
2021-08-25 16:45:00,19.5671
2021-08-25 17:00:00,19.3779
2021-08-25 17:15:00,18.8506
2021-08-25 17:30:00,17.8096
2021-08-25 17:45:00,18.0749
2021-08-25 18:00:00,17.9869
2021-08-25 18:15:00,16.6614
2021-08-25 18:30:00,16.1913
2021-08-25 18:45:00,15.6365
2021-08-25 19:00:00,16.0889
2021-08-25 19:15:00,15.4478
2021-08-25 19:30:00,15.2517
2021-08-25 19:45:00,14.3873
2021-08-25 20:00:00,15.0779
2021-08-25 20:15:00,14.2989
2021-08-25 20:30:00,13.3064
2021-08-25 20:45:00,13.2409
2021-08-25 21:00:00,13.6614
2021-08-25 21:15:00,13.4851
2021-08-25 21:30:00,14.5451
2021-08-25 21:45:00,13.6256
2021-08-25 22:00:00,13.1901
2021-08-25 22:15:00,13.0641
2021-08-25 22:30:00,12.9624
2021-08-25 22:45:00,13.2143
2021-08-25 23:00:00,13.1636
2021-08-25 23:15:00,12.8682
2021-08-25 23:30:00,12.5907
2021-08-25 23:45:00,12.6341
2021-08-26 00:00:00,12.2578
2021-08-26 00:15:00,12.146
2021-08-26 00:30:00,12.1129
2021-08-26 00:45:00,11.8636
2021-08-26 01:00:00,12.5567
2021-08-26 01:15:00,12.1701
2021-08-26 01:30:00,12.7109
2021-08-26 01:45:00,12.8664
2021-08-26 02:00:00,12.4456
2021-08-26 02:15:00,12.4215
2021-08-26 02:30:00,12.2716
2021-08-26 02:45:00,13.097
2021-08-26 03:00:00,12.3422
2021-08-26 03:15:00,11.9394
2021-08-26 03:30:00,12.2222
2021-08-26 03:45:00,13.1204
2021-08-26 04:00:00,12.6345
2021-08-26 04:15:00,12.2331
2021-08-26 04:30:00,12.1184
2021-08-26 04:45:00,12.6411
2021-08-26 05:00:00,12.4267
2021-08-26 05:15:00,12.2946
2021-08-26 05:30:00,12.8075
2021-08-26 05:45:00,12.2521
2021-08-26 06:00:00,12.3698
2021-08-26 06:15:00,12.2716
2021-08-26 06:30:00,12.7213
2021-08-26 06:45:00,12.3809
2021-08-26 07:00:00,13.0158
2021-08-26 07:15:00,11.8137
2021-08-26 07:30:00,13.5247
2021-08-26 07:45:00,12.2647
2021-08-26 08:00:00,11.8244
2021-08-26 08:15:00,13.7028
2021-08-26 08:30:00,14.1271
2021-08-26 08:45:00,14.8767
2021-08-26 09:00:00,15.472
2021-08-26 09:15:00,14.7797
2021-08-26 09:30:00,16.7427
2021-08-26 09:45:00,16.8533
2021-08-26 10:00:00,17.8698
2021-08-26 10:15:00,18.6476
2021-08-26 10:30:00,20.3676
2021-08-26 10:45:00,20.7554
2021-08-26 11:00:00,20.9298
2021-08-26 11:15:00,20.9234
2021-08-26 11:30:00,22.0066
2021-08-26 11:45:00,20.9254
2021-08-26 12:00:00,21.7744
2021-08-26 12:15:00,22.6789
2021-08-26 12:30:00,22.2447
2021-08-26 12:45:00,21.6479
2021-08-26 13:00:00,22.5778
2021-08-26 13:15:00,23.5584
2021-08-26 13:30:00,23.078
2021-08-26 13:45:00,24.4748
2021-08-26 14:00:00,23.6924
2021-08-26 14:15:00,23.9109
2021-08-26 14:30:00,23.6951
2021-08-26 14:45:00,24.672
2021-08-26 15:00:00,24.5065
2021-08-26 15:15:00,23.7913
2021-08-26 15:30:00,25.1568
2021-08-26 15:45:00,24.9169
2021-08-26 16:00:00,24.5366
2021-08-26 16:15:00,24.2671
2021-08-26 16:30:00,23.1271
2021-08-26 16:45:00,23.4056
2021-08-26 17:00:00,23.0331
2021-08-26 17:15:00,22.7975
2021-08-26 17:30:00,22.0444
2021-08-26 17:45:00,22.5178
2021-08-26 18:00:00,22.612
2021-08-26 18:15:00,20.4959
2021-08-26 18:30:00,21.9524
2021-08-26 18:45:00,21.4422
2021-08-26 19:00:00,21.0883
2021-08-26 19:15:00,20.3261
2021-08-26 19:30:00,19.3782
2021-08-26 19:45:00,18.9692
2021-08-26 20:00:00,17.7153
2021-08-26 20:15:00,16.9305
2021-08-26 20:30:00,17.6824
2021-08-26 20:45:00,17.7511
2021-08-26 21:00:00,19.003
2021-08-26 21:15:00,18.7591
2021-08-26 21:30:00,19.5904
2021-08-26 21:45:00,19.3461
2021-08-26 22:00:00,20.0873
2021-08-26 22:15:00,20.1312
2021-08-26 22:30:00,19.4525
2021-08-26 22:45:00,17.9798
2021-08-26 23:00:00,18.0768
2021-08-26 23:15:00,18.3913
2021-08-26 23:30:00,19.0321
2021-08-26 23:45:00,20.742
2021-08-27 00:00:00,20.4433
2021-08-27 00:15:00,20.1436
2021-08-27 00:30:00,20.5245
2021-08-27 00:45:00,20.9319
2021-08-27 01:00:00,21.2097
2021-08-27 01:15:00,20.7171
2021-08-27 01:30:00,17.1812
2021-08-27 01:45:00,16.1703
2021-08-27 02:00:00,18.417
2021-08-27 02:15:00,20.1618
2021-08-27 02:30:00,19.4218
2021-08-27 02:45:00,20.5535
2021-08-27 03:00:00,21.1054
2021-08-27 03:15:00,20.4427
2021-08-27 03:30:00,18.6267
2021-08-27 03:45:00,18.5212
2021-08-27 04:00:00,18.7536
2021-08-27 04:15:00,18.3019
2021-08-27 04:30:00,19.485
2021-08-27 04:45:00,17.9807
2021-08-27 05:00:00,19.5048
2021-08-27 05:15:00,19.4014
2021-08-27 05:30:00,19.5177
2021-08-27 05:45:00,18.7907
2021-08-27 06:00:00,19.3305
2021-08-27 06:15:00,18.9934
2021-08-27 06:30:00,18.6336
2021-08-27 06:45:00,18.7718
2021-08-27 07:00:00,18.7126
2021-08-27 07:15:00,19.1282
2021-08-27 07:30:00,18.9344
2021-08-27 07:45:00,20.1222
2021-08-27 08:00:00,20.3377
2021-08-27 08:15:00,21.1635
2021-08-27 08:30:00,21.0954
2021-08-27 08:45:00,21.7817
2021-08-27 09:00:00,22.5916
2021-08-27 09:15:00,22.7858
2021-08-27 09:30:00,23.2039
2021-08-27 09:45:00,22.9433
2021-08-27 10:00:00,23.8292
2021-08-27 10:15:00,24.0613
2021-08-27 10:30:00,24.4279
2021-08-27 10:45:00,24.6741
2021-08-27 11:00:00,25.6013
2021-08-27 11:15:00,25.8765
2021-08-27 11:30:00,26.3082
2021-08-27 11:45:00,26.9389
2021-08-27 12:00:00,26.9003
2021-08-27 12:15:00,28.5203
2021-08-27 12:30:00,28.76
2021-08-27 12:45:00,28.3844
2021-08-27 13:00:00,
2021-08-27 13:15:00,
2021-08-27 13:30:00,
2021-08-27 13:45:00,
2021-08-27 14:00:00,
2021-08-27 14:15:00,
2021-08-27 14:30:00,
2021-08-27 14:45:00,
2021-08-27 15:00:00,
2021-08-27 15:15:00,
2021-08-27 15:30:00,
2021-08-27 15:45:00,
2021-08-27 16:00:00,
2021-08-27 16:15:00,
2021-08-27 16:30:00,
2021-08-27 16:45:00,
2021-08-27 17:00:00,
2021-08-27 17:15:00,
2021-08-27 17:30:00,
2021-08-27 17:45:00,
2021-08-27 18:00:00,
2021-08-27 18:15:00,
2021-08-27 18:30:00,
2021-08-27 18:45:00,
2021-08-27 19:00:00,
2021-08-27 19:15:00,
2021-08-27 19:30:00,
2021-08-27 19:45:00,
2021-08-27 20:00:00,
2021-08-27 20:15:00,27.7278
2021-08-27 20:30:00,27.2575
2021-08-27 20:45:00,26.9091
2021-08-27 21:00:00,26.854
2021-08-27 21:15:00,26.3972
2021-08-27 21:30:00,26.7561
2021-08-27 21:45:00,26.4763
2021-08-27 22:00:00,26.1913
2021-08-27 22:15:00,25.9614
2021-08-27 22:30:00,26.4621
2021-08-27 22:45:00,26.2161
2021-08-27 23:00:00,24.1755
2021-08-27 23:15:00,23.4709
2021-08-27 23:30:00,23.7318
2021-08-27 23:45:00,23.6016
2021-08-28 00:00:00,24.2878
2021-08-28 00:15:00,24.1204
2021-08-28 00:30:00,24.8624
2021-08-28 00:45:00,24.4009
2021-08-28 01:00:00,25.407
2021-08-28 01:15:00,25.1812
2021-08-28 01:30:00,25.0198
2021-08-28 01:45:00,25.2045
2021-08-28 02:00:00,25.9912
2021-08-28 02:15:00,25.8302
2021-08-28 02:30:00,26.1361
2021-08-28 02:45:00,23.366
2021-08-28 03:00:00,22.1765
2021-08-28 03:15:00,22.1778
2021-08-28 03:30:00,21.0932
2021-08-28 03:45:00,20.5848
2021-08-28 04:00:00,21.1805
2021-08-28 04:15:00,21.2049
2021-08-28 04:30:00,21.2616
2021-08-28 04:45:00,22.8404
2021-08-28 05:00:00,22.1662
2021-08-28 05:15:00,22.3394
2021-08-28 05:30:00,22.1667
2021-08-28 05:45:00,22.6534
2021-08-28 06:00:00,21.4803
2021-08-28 06:15:00,21.2904
2021-08-28 06:30:00,20.9078
2021-08-28 06:45:00,21.4075
2021-08-28 07:00:00,22.432
2021-08-28 07:15:00,23.0849
2021-08-28 07:30:00,23.2344
2021-08-28 07:45:00,22.8955
2021-08-28 08:00:00,23.985
2021-08-28 08:15:00,25.0505
2021-08-28 08:30:00,24.47
2021-08-28 08:45:00,25.1539
2021-08-28 09:00:00,25.2569
2021-08-28 09:15:00,26.3232
2021-08-28 09:30:00,26.9919
2021-08-28 09:45:00,26.7794
2021-08-28 10:00:00,27.5578
2021-08-28 10:15:00,26.6105
2021-08-28 10:30:00,26.4754
2021-08-28 10:45:00,25.5659
2021-08-28 11:00:00,27.1711
2021-08-28 11:15:00,28.0954
2021-08-28 11:30:00,28.1386
2021-08-28 11:45:00,29.141
2021-08-28 12:00:00,29.6064
2021-08-28 12:15:00,30.4206
2021-08-28 12:30:00,30.8292
2021-08-28 12:45:00,30.2114
2021-08-28 13:00:00,31.4743
2021-08-28 13:15:00,29.8465
2021-08-28 13:30:00,28.525
2021-08-28 13:45:00,30.6455
2021-08-28 14:00:00,30.3086
2021-08-28 14:15:00,29.1089
2021-08-28 14:30:00,30.3919
2021-08-28 14:45:00,29.8
2021-08-28 15:00:00,30.0072
2021-08-28 15:15:00,29.8759
2021-08-28 15:30:00,28.5704
2021-08-28 15:45:00,29.098
2021-08-28 16:00:00,28.5137
2021-08-28 16:15:00,28.3361
2021-08-28 16:30:00,28.975
2021-08-28 16:45:00,27.2958
2021-08-28 17:00:00,27.6792
2021-08-28 17:15:00,26.4738
2021-08-28 17:30:00,25.2882
2021-08-28 17:45:00,25.1384
2021-08-28 18:00:00,23.9641
2021-08-28 18:15:00,23.1227
2021-08-28 18:30:00,22.135
2021-08-28 18:45:00,21.6588
2021-08-28 19:00:00,20.8594
2021-08-28 19:15:00,20.9879
2021-08-28 19:30:00,19.8909
2021-08-28 19:45:00,18.7663
2021-08-28 20:00:00,18.6771
2021-08-28 20:15:00,17.9824
2021-08-28 20:30:00,18.5792
2021-08-28 20:45:00,19.5258
2021-08-28 21:00:00,19.186
2021-08-28 21:15:00,19.6015
2021-08-28 21:30:00,20.0677
2021-08-28 21:45:00,20.3911
2021-08-28 22:00:00,20.9839
2021-08-28 22:15:00,20.5895
2021-08-28 22:30:00,20.7523
2021-08-28 22:45:00,20.4107
2021-08-28 23:00:00,20.9023
2021-08-28 23:15:00,21.116
2021-08-28 23:30:00,20.3737
2021-08-28 23:45:00,21.9807
2021-08-29 00:00:00,21.1143
2021-08-29 00:15:00,21.1983
2021-08-29 00:30:00,22.1238
2021-08-29 00:45:00,20.7333
2021-08-29 01:00:00,17.9996
2021-08-29 01:15:00,16.9821
2021-08-29 01:30:00,16.3734
2021-08-29 01:45:00,15.8576
2021-08-29 02:00:00,16.2653
2021-08-29 02:15:00,15.1414
2021-08-29 02:30:00,15.4112
2021-08-29 02:45:00,15.4768
2021-08-29 03:00:00,15.1226
2021-08-29 03:15:00,14.8349
2021-08-29 03:30:00,14.6188
2021-08-29 03:45:00,14.726
2021-08-29 04:00:00,14.4174
2021-08-29 04:15:00,14.1962
2021-08-29 04:30:00,13.9078
2021-08-29 04:45:00,13.7986
2021-08-29 05:00:00,14.273
2021-08-29 05:15:00,14.1444
2021-08-29 05:30:00,14.1964
2021-08-29 05:45:00,14.3222
2021-08-29 06:00:00,13.9033
2021-08-29 06:15:00,13.7495
2021-08-29 06:30:00,13.5454
2021-08-29 06:45:00,14.3005
2021-08-29 07:00:00,14.2263
2021-08-29 07:15:00,14.287
2021-08-29 07:30:00,13.9637
2021-08-29 07:45:00,13.6476
2021-08-29 08:00:00,13.7763
2021-08-29 08:15:00,14.7115
2021-08-29 08:30:00,15.727
2021-08-29 08:45:00,14.9244
2021-08-29 09:00:00,15.1294
2021-08-29 09:15:00,16.2223
2021-08-29 09:30:00,16.6959
2021-08-29 09:45:00,17.0554
2021-08-29 10:00:00,17.3895
2021-08-29 10:15:00,17.2227
2021-08-29 10:30:00,19.2719
2021-08-29 10:45:00,20.5392
2021-08-29 11:00:00,19.4315
2021-08-29 11:15:00,20.7324
2021-08-29 11:30:00,20.7965
2021-08-29 11:45:00,21.6332
2021-08-29 12:00:00,21.3884
2021-08-29 12:15:00,22.4541
2021-08-29 12:30:00,23.2277
2021-08-29 12:45:00,23.3059
2021-08-29 13:00:00,23.1116
2021-08-29 13:15:00,24.7676
2021-08-29 13:30:00,24.9174
2021-08-29 13:45:00,24.7658
2021-08-29 14:00:00,25.041
2021-08-29 14:15:00,24.6278
2021-08-29 14:30:00,25.699
2021-08-29 14:45:00,25.4331
2021-08-29 15:00:00,23.8351
2021-08-29 15:15:00,25.251
2021-08-29 15:30:00,23.4394
2021-08-29 15:45:00,23.6652
2021-08-29 16:00:00,23.591
2021-08-29 16:15:00,22.7568
2021-08-29 16:30:00,21.87
2021-08-29 16:45:00,21.8827
2021-08-29 17:00:00,20.8998
2021-08-29 17:15:00,20.9082
2021-08-29 17:30:00,20.5959
2021-08-29 17:45:00,19.3886
2021-08-29 18:00:00,18.08
2021-08-29 18:15:00,18.4528
2021-08-29 18:30:00,18.1941
2021-08-29 18:45:00,17.6564
2021-08-29 19:00:00,18.0631
2021-08-29 19:15:00,17.4806
2021-08-29 19:30:00,16.1576
2021-08-29 19:45:00,15.2032
2021-08-29 20:00:00,15.5683
2021-08-29 20:15:00,15.6709
2021-08-29 20:30:00,14.0716
2021-08-29 20:45:00,14.0125
2021-08-29 21:00:00,14.1691
2021-08-29 21:15:00,14.7576
2021-08-29 21:30:00,14.2857
2021-08-29 21:45:00,14.4771
2021-08-29 22:00:00,15.0464
2021-08-29 22:15:00,14.7248
2021-08-29 22:30:00,14.7777
2021-08-29 22:45:00,14.761
2021-08-29 23:00:00,14.6499
2021-08-29 23:15:00,13.9581
2021-08-29 23:30:00,15.3461
2021-08-29 23:45:00,14.0751
2021-08-30 00:00:00,14.7869
2021-08-30 00:15:00,14.3863
2021-08-30 00:30:00,14.3901
2021-08-30 00:45:00,13.7724
2021-08-30 01:00:00,14.6102
2021-08-30 01:15:00,13.9534
2021-08-30 01:30:00,14.0021
2021-08-30 01:45:00,14.1942
2021-08-30 02:00:00,13.5671
2021-08-30 02:15:00,13.2762
2021-08-30 02:30:00,13.9231
2021-08-30 02:45:00,13.2406
2021-08-30 03:00:00,14.2446
2021-08-30 03:15:00,12.1533
2021-08-30 03:30:00,13.1698
2021-08-30 03:45:00,13.3213
2021-08-30 04:00:00,13.4498
2021-08-30 04:15:00,14.6205
2021-08-30 04:30:00,13.3976
2021-08-30 04:45:00,13.6274
2021-08-30 05:00:00,13.374
2021-08-30 05:15:00,13.2448
2021-08-30 05:30:00,12.2291
2021-08-30 05:45:00,13.3907
2021-08-30 06:00:00,12.3018
2021-08-30 06:15:00,14.1962
2021-08-30 06:30:00,13.1722
2021-08-30 06:45:00,13.0915
2021-08-30 07:00:00,13.9503
2021-08-30 07:15:00,12.9849
2021-08-30 07:30:00,13.163
2021-08-30 07:45:00,14.0393
2021-08-30 08:00:00,13.5245
2021-08-30 08:15:00,14.4145
2021-08-30 08:30:00,15.1119
2021-08-30 08:45:00,15.7262
2021-08-30 09:00:00,14.8801
2021-08-30 09:15:00,15.9817
2021-08-30 09:30:00,15.8746
2021-08-30 09:45:00,16.9776
2021-08-30 10:00:00,17.6237
2021-08-30 10:15:00,17.263
2021-08-30 10:30:00,17.2368
2021-08-30 10:45:00,17.0894
2021-08-30 11:00:00,18.2433
2021-08-30 11:15:00,17.6594
2021-08-30 11:30:00,19.3179
2021-08-30 11:45:00,19.9882
2021-08-30 12:00:00,20.0751
2021-08-30 12:15:00,20.8337
2021-08-30 12:30:00,21.0849
2021-08-30 12:45:00,21.0605
2021-08-30 13:00:00,21.067
2021-08-30 13:15:00,21.605
2021-08-30 13:30:00,20.658
2021-08-30 13:45:00,22.1327
2021-08-30 14:00:00,21.2349
2021-08-30 14:15:00,21.4053
2021-08-30 14:30:00,22.4356
2021-08-30 14:45:00,22.1623
2021-08-30 15:00:00,22.197
2021-08-30 15:15:00,21.4699
2021-08-30 15:30:00,21.1762
2021-08-30 15:45:00,22.1681
2021-08-30 16:00:00,20.341
2021-08-30 16:15:00,22.0785
2021-08-30 16:30:00,21.9852
2021-08-30 16:45:00,21.1123
2021-08-30 17:00:00,21.4614
2021-08-30 17:15:00,21.6599
2021-08-30 17:30:00,21.1696
2021-08-30 17:45:00,20.1657
2021-08-30 18:00:00,19.6418
2021-08-30 18:15:00,18.7535
2021-08-30 18:30:00,18.9408
2021-08-30 18:45:00,19.0222
2021-08-30 19:00:00,18.2536
2021-08-30 19:15:00,18.1065
2021-08-30 19:30:00,17.2746
2021-08-30 19:45:00,15.7875
2021-08-30 20:00:00,15.4235
2021-08-30 20:15:00,16.0622
2021-08-30 20:30:00,15.721
2021-08-30 20:45:00,15.4128
2021-08-30 21:00:00,15.5516
2021-08-30 21:15:00,13.8175
2021-08-30 21:30:00,14.2007
2021-08-30 21:45:00,14.4733
2021-08-30 22:00:00,14.2885
2021-08-30 22:15:00,15.087
2021-08-30 22:30:00,14.7661
2021-08-30 22:45:00,15.6623
2021-08-30 23:00:00,14.667
2021-08-30 23:15:00,15.4132
2021-08-30 23:30:00,15.8241
2021-08-30 23:45:00,15.072
2021-08-31 00:00:00,15.2224
2021-08-31 00:15:00,15.1799
2021-08-31 00:30:00,14.6387
2021-08-31 00:45:00,14.7041
2021-08-31 01:00:00,14.7581
2021-08-31 01:15:00,15.3155
2021-08-31 01:30:00,14.691
2021-08-31 01:45:00,14.9842
2021-08-31 02:00:00,15.0978
2021-08-31 02:15:00,15.1249
2021-08-31 02:30:00,15.32
2021-08-31 02:45:00,15.0368
2021-08-31 03:00:00,14.6056
2021-08-31 03:15:00,13.7917
2021-08-31 03:30:00,14.0485
2021-08-31 03:45:00,13.0728
2021-08-31 04:00:00,12.7558
2021-08-31 04:15:00,13.4852
2021-08-31 04:30:00,13.3639
2021-08-31 04:45:00,12.052
2021-08-31 05:00:00,13.2168
2021-08-31 05:15:00,12.2871
2021-08-31 05:30:00,12.4072
2021-08-31 05:45:00,14.0979
2021-08-31 06:00:00,12.874
2021-08-31 06:15:00,13.5496
2021-08-31 06:30:00,13.2057
2021-08-31 06:45:00,13.2391
2021-08-31 07:00:00,12.6859
2021-08-31 07:15:00,13.1294
2021-08-31 07:30:00,12.7262
2021-08-31 07:45:00,13.5729
2021-08-31 08:00:00,14.0477
2021-08-31 08:15:00,13.1374
2021-08-31 08:30:00,14.7533
2021-08-31 08:45:00,14.7521
2021-08-31 09:00:00,16.1122
2021-08-31 09:15:00,15.603
2021-08-31 09:30:00,17.2774
2021-08-31 09:45:00,18.0666
2021-08-31 10:00:00,16.9455
2021-08-31 10:15:00,18.5968
2021-08-31 10:30:00,17.4799
2021-08-31 10:45:00,17.7965
2021-08-31 11:00:00,17.6889
2021-08-31 11:15:00,18.8297
2021-08-31 11:30:00,18.9708
2021-08-31 11:45:00,18.9629
2021-08-31 12:00:00,19.2122
2021-08-31 12:15:00,18.8504
2021-08-31 12:30:00,19.1237
2021-08-31 12:45:00,19.2256
2021-08-31 13:00:00,19.0793
2021-08-31 13:15:00,20.4056
2021-08-31 13:30:00,19.4179
2021-08-31 13:45:00,19.6776
2021-08-31 14:00:00,19.7704
2021-08-31 14:15:00,18.9018
2021-08-31 14:30:00,19.9383
2021-08-31 14:45:00,20.0445
2021-08-31 15:00:00,19.2668
2021-08-31 15:15:00,18.8473
2021-08-31 15:30:00,19.3282
2021-08-31 15:45:00,20.2874
2021-08-31 16:00:00,20.2937
2021-08-31 16:15:00,19.1782
2021-08-31 16:30:00,20.7916
2021-08-31 16:45:00,19.4027
2021-08-31 17:00:00,20.6291
2021-08-31 17:15:00,19.0403
2021-08-31 17:30:00,19.2042
2021-08-31 17:45:00,18.2571
2021-08-31 18:00:00,17.5055
2021-08-31 18:15:00,15.4083
2021-08-31 18:30:00,15.581
2021-08-31 18:45:00,15.853
2021-08-31 19:00:00,15.1121
2021-08-31 19:15:00,14.9938
2021-08-31 19:30:00,14.986
2021-08-31 19:45:00,14.9799
2021-08-31 20:00:00,14.5216
2021-08-31 20:15:00,14.4172
2021-08-31 20:30:00,14.2591
2021-08-31 20:45:00,14.131
2021-08-31 21:00:00,14.349
2021-08-31 21:15:00,14.6732
2021-08-31 21:30:00,13.854
2021-08-31 21:45:00,14.2217
2021-08-31 22:00:00,13.535
2021-08-31 22:15:00,13.6178
2021-08-31 22:30:00,13.3441
2021-08-31 22:45:00,13.3578
2021-08-31 23:00:00,13.2599
2021-08-31 23:15:00,13.7447
2021-08-31 23:30:00,13.3892
2021-08-31 23:45:00,13.4134
2021-09-01 00:00:00,13.4537
2021-09-01 00:15:00,12.9861
2021-09-01 00:30:00,13.5226
2021-09-01 00:45:00,12.9215
2021-09-01 01:00:00,13.255
2021-09-01 01:15:00,13.1012
2021-09-01 01:30:00,12.8383
2021-09-01 01:45:00,11.841
2021-09-01 02:00:00,13.2202
2021-09-01 02:15:00,12.9179
2021-09-01 02:30:00,12.7378
2021-09-01 02:45:00,13.5247
2021-09-01 03:00:00,12.6083
2021-09-01 03:15:00,12.6558
2021-09-01 03:30:00,12.6839
2021-09-01 03:45:00,12.3582
2021-09-01 04:00:00,12.7877
2021-09-01 04:15:00,12.6051
2021-09-01 04:30:00,12.7459
2021-09-01 04:45:00,12.5357
2021-09-01 05:00:00,12.843
2021-09-01 05:15:00,12.9804
2021-09-01 05:30:00,12.5974
2021-09-01 05:45:00,12.6232
2021-09-01 06:00:00,13.1866
2021-09-01 06:15:00,12.6996
2021-09-01 06:30:00,13.0379
2021-09-01 06:45:00,12.9399
2021-09-01 07:00:00,12.9078
2021-09-01 07:15:00,12.1059
2021-09-01 07:30:00,13.1543
2021-09-01 07:45:00,12.9723
2021-09-01 08:00:00,13.2013
2021-09-01 08:15:00,12.7732
2021-09-01 08:30:00,13.5145
2021-09-01 08:45:00,14.4418
2021-09-01 09:00:00,13.815
2021-09-01 09:15:00,14.714
2021-09-01 09:30:00,15.5555
2021-09-01 09:45:00,16.1405
2021-09-01 10:00:00,17.1291
2021-09-01 10:15:00,17.497
2021-09-01 10:30:00,17.9431
2021-09-01 10:45:00,17.0731
2021-09-01 11:00:00,16.7312
2021-09-01 11:15:00,15.463
2021-09-01 11:30:00,16.3685
2021-09-01 11:45:00,16.3102
2021-09-01 12:00:00,16.568
2021-09-01 12:15:00,17.3622
2021-09-01 12:30:00,17.6953
2021-09-01 12:45:00,16.78
2021-09-01 13:00:00,18.7915
2021-09-01 13:15:00,18.7658
2021-09-01 13:30:00,18.5886
2021-09-01 13:45:00,16.9598
2021-09-01 14:00:00,16.8935
2021-09-01 14:15:00,18.0068
2021-09-01 14:30:00,17.3731
2021-09-01 14:45:00,20.0392
2021-09-01 15:00:00,18.4606
2021-09-01 15:15:00,19.8491
2021-09-01 15:30:00,20.1226
2021-09-01 15:45:00,18.9881
2021-09-01 16:00:00,17.4241
2021-09-01 16:15:00,18.0042
2021-09-01 16:30:00,18.06
2021-09-01 16:45:00,17.367
2021-09-01 17:00:00,17.6116
2021-09-01 17:15:00,16.9775
2021-09-01 17:30:00,16.6037
2021-09-01 17:45:00,17.1701
2021-09-01 18:00:00,16.1806
2021-09-01 18:15:00,14.7415
2021-09-01 18:30:00,14.0685
2021-09-01 18:45:00,14.4898
2021-09-01 19:00:00,14.607
2021-09-01 19:15:00,14.3443
2021-09-01 19:30:00,13.853
2021-09-01 19:45:00,13.8852
2021-09-01 20:00:00,12.8236
2021-09-01 20:15:00,13.9008
2021-09-01 20:30:00,13.5759
2021-09-01 20:45:00,13.9425
2021-09-01 21:00:00,13.8074
2021-09-01 21:15:00,13.3398
2021-09-01 21:30:00,14.0033
2021-09-01 21:45:00,13.6871
2021-09-01 22:00:00,13.1346
2021-09-01 22:15:00,13.61
2021-09-01 22:30:00,13.6714
2021-09-01 22:45:00,13.2113
2021-09-01 23:00:00,13.1305
2021-09-01 23:15:00,12.8666
2021-09-01 23:30:00,13.5782
2021-09-01 23:45:00,13.5033
2021-09-02 00:00:00,13.4892
2021-09-02 00:15:00,13.6112
2021-09-02 00:30:00,13.2799
2021-09-02 00:45:00,12.9597
2021-09-02 01:00:00,12.9848
2021-09-02 01:15:00,13.8348
2021-09-02 01:30:00,13.5963
2021-09-02 01:45:00,12.9378
2021-09-02 02:00:00,11.9012
2021-09-02 02:15:00,14.5478
2021-09-02 02:30:00,12.7934
2021-09-02 02:45:00,12.1624
2021-09-02 03:00:00,13.1406
2021-09-02 03:15:00,13.5056
2021-09-02 03:30:00,13.2098
2021-09-02 03:45:00,13.654
2021-09-02 04:00:00,13.6339
2021-09-02 04:15:00,13.2939
2021-09-02 04:30:00,13.171
2021-09-02 04:45:00,13.8269
2021-09-02 05:00:00,12.9743
2021-09-02 05:15:00,13.3936
2021-09-02 05:30:00,13.8607
2021-09-02 05:45:00,12.8685
2021-09-02 06:00:00,13.3963
2021-09-02 06:15:00,13.9916
2021-09-02 06:30:00,12.9313
2021-09-02 06:45:00,14.1916
2021-09-02 07:00:00,13.3278
2021-09-02 07:15:00,13.4385
2021-09-02 07:30:00,13.7145
2021-09-02 07:45:00,13.5873
2021-09-02 08:00:00,13.5686
2021-09-02 08:15:00,13.8065
2021-09-02 08:30:00,14.6338
2021-09-02 08:45:00,13.7971
2021-09-02 09:00:00,13.9437
2021-09-02 09:15:00,13.8432
2021-09-02 09:30:00,15.4219
2021-09-02 09:45:00,15.6281
2021-09-02 10:00:00,16.7572
2021-09-02 10:15:00,16.0942
2021-09-02 10:30:00,16.5639
2021-09-02 10:45:00,16.0794
2021-09-02 11:00:00,17.4113
2021-09-02 11:15:00,17.3206
2021-09-02 11:30:00,18.2049
2021-09-02 11:45:00,16.7059
2021-09-02 12:00:00,17.5454
2021-09-02 12:15:00,17.5816
2021-09-02 12:30:00,16.27
2021-09-02 12:45:00,17.6473
2021-09-02 13:00:00,17.7705
2021-09-02 13:15:00,15.8724
2021-09-02 13:30:00,17.0739
2021-09-02 13:45:00,17.8717
2021-09-02 14:00:00,18.6099
2021-09-02 14:15:00,17.566
2021-09-02 14:30:00,18.1538
2021-09-02 14:45:00,20.0195
2021-09-02 15:00:00,19.5864
2021-09-02 15:15:00,19.3102
2021-09-02 15:30:00,19.3354
2021-09-02 15:45:00,19.5408
2021-09-02 16:00:00,20.1827
2021-09-02 16:15:00,17.5944
2021-09-02 16:30:00,18.6771
2021-09-02 16:45:00,18.43
2021-09-02 17:00:00,18.218
2021-09-02 17:15:00,18.9318
2021-09-02 17:30:00,17.733
2021-09-02 17:45:00,16.3877
2021-09-02 18:00:00,14.9755
2021-09-02 18:15:00,16.1204
2021-09-02 18:30:00,13.782
2021-09-02 18:45:00,15.2171
2021-09-02 19:00:00,14.7113
2021-09-02 19:15:00,14.4959
2021-09-02 19:30:00,14.2071
2021-09-02 19:45:00,13.6166
2021-09-02 20:00:00,14.6214
2021-09-02 20:15:00,14.3961
2021-09-02 20:30:00,13.7435
2021-09-02 20:45:00,14.1341
2021-09-02 21:00:00,13.6165
2021-09-02 21:15:00,13.6633
2021-09-02 21:30:00,13.7157
2021-09-02 21:45:00,13.3229
2021-09-02 22:00:00,13.271
2021-09-02 22:15:00,12.7465
2021-09-02 22:30:00,13.8934
2021-09-02 22:45:00,13.5524
2021-09-02 23:00:00,13.3595
2021-09-02 23:15:00,13.6834
2021-09-02 23:30:00,13.1333
2021-09-02 23:45:00,12.9826
2021-09-03 00:00:00,13.3428
2021-09-03 00:15:00,13.4516
2021-09-03 00:30:00,13.3002
2021-09-03 00:45:00,12.6241
2021-09-03 01:00:00,13.5692
2021-09-03 01:15:00,13.03
2021-09-03 01:30:00,13.2302
2021-09-03 01:45:00,13.6851
2021-09-03 02:00:00,12.9056
2021-09-03 02:15:00,12.7898
2021-09-03 02:30:00,13.1329
2021-09-03 02:45:00,13.0309
2021-09-03 03:00:00,12.963
2021-09-03 03:15:00,13.1724
2021-09-03 03:30:00,13.3369
2021-09-03 03:45:00,13.2382
2021-09-03 04:00:00,13.5698
2021-09-03 04:15:00,13.1324
2021-09-03 04:30:00,13.3599
2021-09-03 04:45:00,13.1253
2021-09-03 05:00:00,12.6206
2021-09-03 05:15:00,12.5096
2021-09-03 05:30:00,13.9681
2021-09-03 05:45:00,12.3229
2021-09-03 06:00:00,13.1498
2021-09-03 06:15:00,13.3011
2021-09-03 06:30:00,13.1122
2021-09-03 06:45:00,13.0507
2021-09-03 07:00:00,12.504
2021-09-03 07:15:00,13.1807
2021-09-03 07:30:00,11.6127
2021-09-03 07:45:00,12.9086
2021-09-03 08:00:00,12.6215
2021-09-03 08:15:00,13.1673
2021-09-03 08:30:00,12.8507
2021-09-03 08:45:00,12.9155
2021-09-03 09:00:00,13.0171
2021-09-03 09:15:00,13.9862
2021-09-03 09:30:00,13.8392
2021-09-03 09:45:00,14.5113
2021-09-03 10:00:00,15.6095
2021-09-03 10:15:00,15.246
2021-09-03 10:30:00,15.6119
2021-09-03 10:45:00,15.6333
2021-09-03 11:00:00,15.2821
2021-09-03 11:15:00,16.9389
2021-09-03 11:30:00,17.5018
2021-09-03 11:45:00,16.8883
2021-09-03 12:00:00,16.8711
2021-09-03 12:15:00,17.1217
2021-09-03 12:30:00,16.7593
2021-09-03 12:45:00,17.5647
2021-09-03 13:00:00,17.7106
2021-09-03 13:15:00,19.5317
2021-09-03 13:30:00,18.3947
2021-09-03 13:45:00,18.9274
2021-09-03 14:00:00,18.65
2021-09-03 14:15:00,19.3963
2021-09-03 14:30:00,19.4396
2021-09-03 14:45:00,20.6695
2021-09-03 15:00:00,19.2368
2021-09-03 15:15:00,18.093
2021-09-03 15:30:00,18.5436
2021-09-03 15:45:00,19.4185
2021-09-03 16:00:00,18.752
2021-09-03 16:15:00,18.2308
2021-09-03 16:30:00,17.5768
2021-09-03 16:45:00,17.7913
2021-09-03 17:00:00,16.352
2021-09-03 17:15:00,17.1441
2021-09-03 17:30:00,16.7038
2021-09-03 17:45:00,16.1156
2021-09-03 18:00:00,16.6097
2021-09-03 18:15:00,15.4884
2021-09-03 18:30:00,15.097
2021-09-03 18:45:00,14.7334
2021-09-03 19:00:00,14.0969
2021-09-03 19:15:00,13.6689
2021-09-03 19:30:00,12.8633
2021-09-03 19:45:00,13.3233
2021-09-03 20:00:00,12.3488
2021-09-03 20:15:00,13.0262
2021-09-03 20:30:00,13.2385
2021-09-03 20:45:00,12.746
2021-09-03 21:00:00,12.764
2021-09-03 21:15:00,12.2053
2021-09-03 21:30:00,13.1762
2021-09-03 21:45:00,12.5522
2021-09-03 22:00:00,13.0824
2021-09-03 22:15:00,12.3718
2021-09-03 22:30:00,12.5051
2021-09-03 22:45:00,12.0666
2021-09-03 23:00:00,12.0679
2021-09-03 23:15:00,11.6847
2021-09-03 23:30:00,12.2271
2021-09-03 23:45:00,13.0364
2021-09-04 00:00:00,11.6745
2021-09-04 00:15:00,13.2717
2021-09-04 00:30:00,11.6288
2021-09-04 00:45:00,11.5094
2021-09-04 01:00:00,12.1178
2021-09-04 01:15:00,11.2038
2021-09-04 01:30:00,11.4093
2021-09-04 01:45:00,11.7559
2021-09-04 02:00:00,10.8793
2021-09-04 02:15:00,11.6805
2021-09-04 02:30:00,11.5359
2021-09-04 02:45:00,11.7942
2021-09-04 03:00:00,12.1591
2021-09-04 03:15:00,11.2572
2021-09-04 03:30:00,11.6585
2021-09-04 03:45:00,11.722
2021-09-04 04:00:00,11.6357
2021-09-04 04:15:00,12.5135
2021-09-04 04:30:00,12.9283
2021-09-04 04:45:00,12.4287
2021-09-04 05:00:00,12.6124
2021-09-04 05:15:00,12.6609
2021-09-04 05:30:00,11.8625
2021-09-04 05:45:00,11.6709
2021-09-04 06:00:00,11.6768
2021-09-04 06:15:00,10.6617
2021-09-04 06:30:00,10.9611
2021-09-04 06:45:00,11.2292
2021-09-04 07:00:00,12.2412
2021-09-04 07:15:00,11.4943
2021-09-04 07:30:00,11.1969
2021-09-04 07:45:00,11.9684
2021-09-04 08:00:00,11.2426
2021-09-04 08:15:00,11.7305
2021-09-04 08:30:00,13.3705
2021-09-04 08:45:00,12.3819
2021-09-04 09:00:00,13.817
2021-09-04 09:15:00,13.0563
2021-09-04 09:30:00,14.7259
2021-09-04 09:45:00,15.0761
2021-09-04 10:00:00,14.6224
2021-09-04 10:15:00,14.7671
2021-09-04 10:30:00,16.5436
2021-09-04 10:45:00,16.6425
2021-09-04 11:00:00,16.8433
2021-09-04 11:15:00,18.5014
2021-09-04 11:30:00,17.1448
2021-09-04 11:45:00,18.0171
2021-09-04 12:00:00,18.1819
2021-09-04 12:15:00,20.618
2021-09-04 12:30:00,20.8653
2021-09-04 12:45:00,20.6108
2021-09-04 13:00:00,21.3354
2021-09-04 13:15:00,20.7743
2021-09-04 13:30:00,22.1281
2021-09-04 13:45:00,23.094
2021-09-04 14:00:00,22.95
2021-09-04 14:15:00,23.8176
2021-09-04 14:30:00,23.5227
2021-09-04 14:45:00,24.4996
2021-09-04 15:00:00,23.9875
2021-09-04 15:15:00,23.5329
2021-09-04 15:30:00,23.9732
2021-09-04 15:45:00,23.4961
2021-09-04 16:00:00,23.5728
2021-09-04 16:15:00,23.267
2021-09-04 16:30:00,22.3774
2021-09-04 16:45:00,22.1607
2021-09-04 17:00:00,21.512
2021-09-04 17:15:00,21.1641
2021-09-04 17:30:00,20.2669
2021-09-04 17:45:00,20.5429
2021-09-04 18:00:00,20.5129
2021-09-04 18:15:00,19.0481
2021-09-04 18:30:00,17.7437
2021-09-04 18:45:00,17.4942
2021-09-04 19:00:00,17.4222
2021-09-04 19:15:00,16.5603
2021-09-04 19:30:00,15.8238
2021-09-04 19:45:00,15.3433
2021-09-04 20:00:00,14.2604
2021-09-04 20:15:00,14.2377
2021-09-04 20:30:00,15.6284
2021-09-04 20:45:00,13.325
2021-09-04 21:00:00,14.2752
2021-09-04 21:15:00,14.3888
2021-09-04 21:30:00,14.3176
2021-09-04 21:45:00,13.5134
2021-09-04 22:00:00,13.4421
2021-09-04 22:15:00,13.943
2021-09-04 22:30:00,13.5879
2021-09-04 22:45:00,13.3112
2021-09-04 23:00:00,13.4624
2021-09-04 23:15:00,13.1143
2021-09-04 23:30:00,12.9211
2021-09-04 23:45:00,12.5675
2021-09-05 00:00:00,12.6398
2021-09-05 00:15:00,13.025
2021-09-05 00:30:00,13.6521
2021-09-05 00:45:00,13.0941
2021-09-05 01:00:00,13.9895
2021-09-05 01:15:00,13.9424
2021-09-05 01:30:00,17.1354
2021-09-05 01:45:00,16.5684
2021-09-05 02:00:00,16.3304
2021-09-05 02:15:00,14.7259
2021-09-05 02:30:00,14.3858
2021-09-05 02:45:00,13.2838
2021-09-05 03:00:00,14.5572
2021-09-05 03:15:00,13.7989
2021-09-05 03:30:00,12.6022
2021-09-05 03:45:00,12.607
2021-09-05 04:00:00,13.6777
2021-09-05 04:15:00,12.7086
2021-09-05 04:30:00,12.0346
2021-09-05 04:45:00,12.9343
2021-09-05 05:00:00,13.2237
2021-09-05 05:15:00,14.3198
2021-09-05 05:30:00,13.5501
2021-09-05 05:45:00,13.0715
2021-09-05 06:00:00,12.6347
2021-09-05 06:15:00,11.882
2021-09-05 06:30:00,12.1971
2021-09-05 06:45:00,12.5324
2021-09-05 07:00:00,13.0573
2021-09-05 07:15:00,11.4471
2021-09-05 07:30:00,12.2378
2021-09-05 07:45:00,12.2982
2021-09-05 08:00:00,12.9509
2021-09-05 08:15:00,13.7474
2021-09-05 08:30:00,15.104
2021-09-05 08:45:00,15.4539
2021-09-05 09:00:00,16.2017
2021-09-05 09:15:00,16.6872
2021-09-05 09:30:00,17.2808
2021-09-05 09:45:00,17.5555
2021-09-05 10:00:00,18.2851
2021-09-05 10:15:00,18.3406
2021-09-05 10:30:00,19.3859
2021-09-05 10:45:00,19.6479
2021-09-05 11:00:00,20.4851
2021-09-05 11:15:00,21.4988
2021-09-05 11:30:00,21.7832
2021-09-05 11:45:00,21.7344
2021-09-05 12:00:00,22.9583
2021-09-05 12:15:00,24.2145
2021-09-05 12:30:00,24.1326
2021-09-05 12:45:00,23.7303
2021-09-05 13:00:00,24.8152
2021-09-05 13:15:00,25.6166
2021-09-05 13:30:00,25.9031
2021-09-05 13:45:00,25.9011
2021-09-05 14:00:00,25.9017
2021-09-05 14:15:00,26.194
2021-09-05 14:30:00,26.1315
2021-09-05 14:45:00,26.3786
2021-09-05 15:00:00,26.6086
2021-09-05 15:15:00,26.073
2021-09-05 15:30:00,25.9686
2021-09-05 15:45:00,24.4949
2021-09-05 16:00:00,24.911
2021-09-05 16:15:00,23.2565
2021-09-05 16:30:00,24.5463
2021-09-05 16:45:00,25.1655
2021-09-05 17:00:00,24.1501
2021-09-05 17:15:00,24.2518
2021-09-05 17:30:00,24.1311
2021-09-05 17:45:00,23.4569
2021-09-05 18:00:00,21.9944
2021-09-05 18:15:00,21.6211
2021-09-05 18:30:00,20.4857
2021-09-05 18:45:00,19.5541
2021-09-05 19:00:00,19.0457
2021-09-05 19:15:00,19.672
2021-09-05 19:30:00,18.4677
2021-09-05 19:45:00,17.1936
2021-09-05 20:00:00,16.7274
2021-09-05 20:15:00,17.002
2021-09-05 20:30:00,15.8708
2021-09-05 20:45:00,15.5438
2021-09-05 21:00:00,21.6696
2021-09-05 21:15:00,17.6006
2021-09-05 21:30:00,16.3499
2021-09-05 21:45:00,21.9711
2021-09-05 22:00:00,22.5253
2021-09-05 22:15:00,21.9949
2021-09-05 22:30:00,23.2642
2021-09-05 22:45:00,22.5687
2021-09-05 23:00:00,22.0509
2021-09-05 23:15:00,22.0107
2021-09-05 23:30:00,21.437
2021-09-05 23:45:00,21.208
2021-09-06 00:00:00,20.7565
2021-09-06 00:15:00,20.0536
2021-09-06 00:30:00,20.0251
2021-09-06 00:45:00,20.6468
2021-09-06 01:00:00,20.2022
2021-09-06 01:15:00,19.5745
2021-09-06 01:30:00,19.9058
2021-09-06 01:45:00,20.1166
2021-09-06 02:00:00,20.5204
2021-09-06 02:15:00,20.2508
2021-09-06 02:30:00,20.2707
2021-09-06 02:45:00,19.7231
2021-09-06 03:00:00,18.0287
2021-09-06 03:15:00,18.2742
2021-09-06 03:30:00,19.2935
2021-09-06 03:45:00,20.5294
2021-09-06 04:00:00,19.5453
2021-09-06 04:15:00,20.0948
2021-09-06 04:30:00,21.0253
2021-09-06 04:45:00,20.2412
2021-09-06 05:00:00,17.9532
2021-09-06 05:15:00,16.8644
2021-09-06 05:30:00,16.8483
2021-09-06 05:45:00,17.6333
2021-09-06 06:00:00,16.1793
2021-09-06 06:15:00,17.8003
2021-09-06 06:30:00,17.611
2021-09-06 06:45:00,17.1125
2021-09-06 07:00:00,18.4855
2021-09-06 07:15:00,18.0762
2021-09-06 07:30:00,18.9672
2021-09-06 07:45:00,19.0428
2021-09-06 08:00:00,19.7975
2021-09-06 08:15:00,19.417
2021-09-06 08:30:00,19.9317
2021-09-06 08:45:00,19.7841
2021-09-06 09:00:00,19.2525
2021-09-06 09:15:00,20.781
2021-09-06 09:30:00,20.3618
2021-09-06 09:45:00,19.9141
2021-09-06 10:00:00,19.9659
2021-09-06 10:15:00,20.8174
2021-09-06 10:30:00,20.8953
2021-09-06 10:45:00,20.9943
2021-09-06 11:00:00,22.7644
2021-09-06 11:15:00,23.9199
2021-09-06 11:30:00,24.7584
2021-09-06 11:45:00,23.9447
2021-09-06 12:00:00,25.1719
2021-09-06 12:15:00,25.9419
2021-09-06 12:30:00,27.5208
2021-09-06 12:45:00,26.3298
2021-09-06 13:00:00,27.6728
2021-09-06 13:15:00,29.0333
2021-09-06 13:30:00,29.3986
2021-09-06 13:45:00,27.9952
2021-09-06 14:00:00,29.1725
2021-09-06 14:15:00,30.441
2021-09-06 14:30:00,29.0732
2021-09-06 14:45:00,29.1015
2021-09-06 15:00:00,28.7954
2021-09-06 15:15:00,27.7145
2021-09-06 15:30:00,27.4048
2021-09-06 15:45:00,27.2582
2021-09-06 16:00:00,25.7037
2021-09-06 16:15:00,26.2227
2021-09-06 16:30:00,26.1564
2021-09-06 16:45:00,27.1155
2021-09-06 17:00:00,26.1031
2021-09-06 17:15:00,25.9031
2021-09-06 17:30:00,27.1758
2021-09-06 17:45:00,25.2
2021-09-06 18:00:00,24.2679
2021-09-06 18:15:00,24.3006
2021-09-06 18:30:00,23.9419
2021-09-06 18:45:00,23.703
2021-09-06 19:00:00,23.9324
2021-09-06 19:15:00,27.7714
2021-09-06 19:30:00,28.4545
2021-09-06 19:45:00,27.0281
2021-09-06 20:00:00,26.9913
2021-09-06 20:15:00,26.6558
2021-09-06 20:30:00,25.7078
2021-09-06 20:45:00,26.0243
2021-09-06 21:00:00,26.8042
2021-09-06 21:15:00,25.3318
2021-09-06 21:30:00,23.7237
2021-09-06 21:45:00,21.8901
2021-09-06 22:00:00,22.1096
2021-09-06 22:15:00,22.5607
2021-09-06 22:30:00,23.5694
2021-09-06 22:45:00,22.6155
2021-09-06 23:00:00,22.4909
2021-09-06 23:15:00,23.368
2021-09-06 23:30:00,22.6949
2021-09-06 23:45:00,22.7902
2021-09-07 00:00:00,21.4641
2021-09-07 00:15:00,21.1466
2021-09-07 00:30:00,20.8577
2021-09-07 00:45:00,18.7084
2021-09-07 01:00:00,18.7637
2021-09-07 01:15:00,16.9503
2021-09-07 01:30:00,16.4496
2021-09-07 01:45:00,15.4753
2021-09-07 02:00:00,15.3766
2021-09-07 02:15:00,14.9902
2021-09-07 02:30:00,17.2794
2021-09-07 02:45:00,19.5559
2021-09-07 03:00:00,20.0579
2021-09-07 03:15:00,19.5859
2021-09-07 03:30:00,19.871
2021-09-07 03:45:00,19.3483
2021-09-07 04:00:00,18.623
2021-09-07 04:15:00,17.6763
2021-09-07 04:30:00,16.8722
2021-09-07 04:45:00,17.1745
2021-09-07 05:00:00,16.5547
2021-09-07 05:15:00,18.0915
2021-09-07 05:30:00,18.9694
2021-09-07 05:45:00,18.8405
2021-09-07 06:00:00,18.6645
2021-09-07 06:15:00,20.3524
2021-09-07 06:30:00,19.8708
2021-09-07 06:45:00,19.3326
2021-09-07 07:00:00,18.5609
2021-09-07 07:15:00,19.1131
2021-09-07 07:30:00,19.3967
2021-09-07 07:45:00,17.5686
2021-09-07 08:00:00,21.4561
2021-09-07 08:15:00,20.8745
2021-09-07 08:30:00,21.6831
2021-09-07 08:45:00,20.6914
2021-09-07 09:00:00,19.1925
2021-09-07 09:15:00,20.3882
2021-09-07 09:30:00,19.8452
2021-09-07 09:45:00,19.9835
2021-09-07 10:00:00,19.5895
2021-09-07 10:15:00,21.0463
2021-09-07 10:30:00,20.7721
2021-09-07 10:45:00,20.7103
2021-09-07 11:00:00,20.875
2021-09-07 11:15:00,21.6023
2021-09-07 11:30:00,21.8042
2021-09-07 11:45:00,21.2797
2021-09-07 12:00:00,22.1105
2021-09-07 12:15:00,21.8232
2021-09-07 12:30:00,22.2209
2021-09-07 12:45:00,20.327
2021-09-07 13:00:00,20.4907
2021-09-07 13:15:00,20.306
2021-09-07 13:30:00,20.0564
2021-09-07 13:45:00,21.1984
2021-09-07 14:00:00,21.4522
2021-09-07 14:15:00,23.1294
2021-09-07 14:30:00,23.965
2021-09-07 14:45:00,23.5814
2021-09-07 15:00:00,24.4934
2021-09-07 15:15:00,24.1747
2021-09-07 15:30:00,22.3669
2021-09-07 15:45:00,22.308
2021-09-07 16:00:00,23.0735
2021-09-07 16:15:00,21.6321
2021-09-07 16:30:00,21.7831
2021-09-07 16:45:00,21.3058
2021-09-07 17:00:00,22.4956
2021-09-07 17:15:00,22.0925
2021-09-07 17:30:00,22.6771
2021-09-07 17:45:00,21.5948
2021-09-07 18:00:00,21.0143
2021-09-07 18:15:00,21.0346
2021-09-07 18:30:00,21.4649
2021-09-07 18:45:00,21.1599
2021-09-07 19:00:00,21.0613
2021-09-07 19:15:00,23.0253
2021-09-07 19:30:00,23.4529
2021-09-07 19:45:00,24.6773
2021-09-07 20:00:00,21.7086
2021-09-07 20:15:00,20.773
2021-09-07 20:30:00,22.2684
2021-09-07 20:45:00,20.2801
2021-09-07 21:00:00,20.4145
2021-09-07 21:15:00,20.0285
2021-09-07 21:30:00,20.3697
2021-09-07 21:45:00,18.6469
2021-09-07 22:00:00,18.5679
2021-09-07 22:15:00,18.2827
2021-09-07 22:30:00,17.196
2021-09-07 22:45:00,16.9419
2021-09-07 23:00:00,16.6898
2021-09-07 23:15:00,18.7996
2021-09-07 23:30:00,20.0044
2021-09-07 23:45:00,17.0676
2021-09-08 00:00:00,21.6682
2021-09-08 00:15:00,21.5008
2021-09-08 00:30:00,22.7979
2021-09-08 00:45:00,22.2664
2021-09-08 01:00:00,23.6427
2021-09-08 01:15:00,23.4743
2021-09-08 01:30:00,21.075
2021-09-08 01:45:00,21.8696
2021-09-08 02:00:00,19.6891
2021-09-08 02:15:00,19.7988
2021-09-08 02:30:00,20.7874
2021-09-08 02:45:00,19.0572
2021-09-08 03:00:00,18.0668
2021-09-08 03:15:00,18.1772
2021-09-08 03:30:00,18.4183
2021-09-08 03:45:00,18.7382
2021-09-08 04:00:00,19.3648
2021-09-08 04:15:00,18.3561
2021-09-08 04:30:00,17.9742
2021-09-08 04:45:00,17.3735
2021-09-08 05:00:00,17.6821
2021-09-08 05:15:00,17.2676
2021-09-08 05:30:00,16.1426
2021-09-08 05:45:00,15.8866
2021-09-08 06:00:00,16.8434
2021-09-08 06:15:00,17.4372
2021-09-08 06:30:00,16.0445
2021-09-08 06:45:00,16.9441
2021-09-08 07:00:00,16.9698
2021-09-08 07:15:00,17.3937
2021-09-08 07:30:00,16.9411
2021-09-08 07:45:00,16.0241
2021-09-08 08:00:00,17.4473
2021-09-08 08:15:00,17.4684
2021-09-08 08:30:00,18.416
2021-09-08 08:45:00,19.2675
2021-09-08 09:00:00,19.2473
2021-09-08 09:15:00,20.0802
2021-09-08 09:30:00,20.2864
2021-09-08 09:45:00,20.8507
2021-09-08 10:00:00,22.1637
2021-09-08 10:15:00,22.8754
2021-09-08 10:30:00,23.478
2021-09-08 10:45:00,23.9551
2021-09-08 11:00:00,23.6352
2021-09-08 11:15:00,25.3625
2021-09-08 11:30:00,23.582
2021-09-08 11:45:00,24.6924
2021-09-08 12:00:00,24.114
2021-09-08 12:15:00,24.8138
2021-09-08 12:30:00,24.3285
2021-09-08 12:45:00,25.3626
2021-09-08 13:00:00,24.3323
2021-09-08 13:15:00,25.354
2021-09-08 13:30:00,25.8052
2021-09-08 13:45:00,26.0798
2021-09-08 14:00:00,25.4261
2021-09-08 14:15:00,27.5154
2021-09-08 14:30:00,26.7474
2021-09-08 14:45:00,25.5943
2021-09-08 15:00:00,26.111
2021-09-08 15:15:00,26.6336
2021-09-08 15:30:00,24.4034
2021-09-08 15:45:00,24.0871
2021-09-08 16:00:00,22.4616
2021-09-08 16:15:00,21.5487
2021-09-08 16:30:00,22.9445
2021-09-08 16:45:00,22.3645
2021-09-08 17:00:00,22.6609
2021-09-08 17:15:00,23.3219
2021-09-08 17:30:00,23.275
2021-09-08 17:45:00,23.4439
2021-09-08 18:00:00,20.8744
2021-09-08 18:15:00,20.7146
2021-09-08 18:30:00,20.1418
2021-09-08 18:45:00,20.4154
2021-09-08 19:00:00,19.7712
2021-09-08 19:15:00,19.038
2021-09-08 19:30:00,18.1607
2021-09-08 19:45:00,17.3694
2021-09-08 20:00:00,17.4741
2021-09-08 20:15:00,16.5582
2021-09-08 20:30:00,16.7906
2021-09-08 20:45:00,16.3553
2021-09-08 21:00:00,16.8366
2021-09-08 21:15:00,15.9022
2021-09-08 21:30:00,15.6047
2021-09-08 21:45:00,15.2803
2021-09-08 22:00:00,15.8772
2021-09-08 22:15:00,15.9233
2021-09-08 22:30:00,15.6899
2021-09-08 22:45:00,15.8495
2021-09-08 23:00:00,16.2022
2021-09-08 23:15:00,15.822
2021-09-08 23:30:00,16.828
2021-09-08 23:45:00,16.3065
2021-09-09 00:00:00,16.1307
2021-09-09 00:15:00,15.7431
2021-09-09 00:30:00,15.7915
2021-09-09 00:45:00,15.7315
2021-09-09 01:00:00,15.6234
2021-09-09 01:15:00,15.6903
2021-09-09 01:30:00,15.5232
2021-09-09 01:45:00,16.5521
2021-09-09 02:00:00,16.1618
2021-09-09 02:15:00,17.3551
2021-09-09 02:30:00,16.2137
2021-09-09 02:45:00,15.2512
2021-09-09 03:00:00,14.8584
2021-09-09 03:15:00,13.8069
2021-09-09 03:30:00,14.8797
2021-09-09 03:45:00,13.7021
2021-09-09 04:00:00,14.087
2021-09-09 04:15:00,14.0024
2021-09-09 04:30:00,14.7547
2021-09-09 04:45:00,13.7637
2021-09-09 05:00:00,14.2071
2021-09-09 05:15:00,14.2115
2021-09-09 05:30:00,14.6233
2021-09-09 05:45:00,13.4105
2021-09-09 06:00:00,15.0924
2021-09-09 06:15:00,14.4531
2021-09-09 06:30:00,14.724
2021-09-09 06:45:00,14.2873
2021-09-09 07:00:00,13.4615
2021-09-09 07:15:00,14.1913
2021-09-09 07:30:00,14.5368
2021-09-09 07:45:00,13.7787
2021-09-09 08:00:00,14.4055
2021-09-09 08:15:00,14.5676
2021-09-09 08:30:00,15.2809
2021-09-09 08:45:00,14.7187
2021-09-09 09:00:00,16.1985
2021-09-09 09:15:00,16.8132
2021-09-09 09:30:00,17.156
2021-09-09 09:45:00,17.8732
2021-09-09 10:00:00,19.1524
2021-09-09 10:15:00,18.8559
2021-09-09 10:30:00,19.7738
2021-09-09 10:45:00,19.5498
2021-09-09 11:00:00,20.0702
2021-09-09 11:15:00,19.4795
2021-09-09 11:30:00,21.064
2021-09-09 11:45:00,20.6296
2021-09-09 12:00:00,20.753
2021-09-09 12:15:00,22.6097
2021-09-09 12:30:00,22.4412
2021-09-09 12:45:00,21.778
2021-09-09 13:00:00,20.865
2021-09-09 13:15:00,20.2618
2021-09-09 13:30:00,19.3101
2021-09-09 13:45:00,20.9815
2021-09-09 14:00:00,22.5447
2021-09-09 14:15:00,21.9187
2021-09-09 14:30:00,20.9267
2021-09-09 14:45:00,21.0632
2021-09-09 15:00:00,20.035
2021-09-09 15:15:00,20.4076
2021-09-09 15:30:00,21.2516
2021-09-09 15:45:00,21.0709
2021-09-09 16:00:00,21.0266
2021-09-09 16:15:00,21.2971
2021-09-09 16:30:00,19.9538
2021-09-09 16:45:00,21.1009
2021-09-09 17:00:00,20.414
2021-09-09 17:15:00,20.9626
2021-09-09 17:30:00,20.2149
2021-09-09 17:45:00,20.3461
2021-09-09 18:00:00,19.3585
2021-09-09 18:15:00,18.3602
2021-09-09 18:30:00,18.0011
2021-09-09 18:45:00,16.0736
2021-09-09 19:00:00,15.9315
2021-09-09 19:15:00,16.4621
2021-09-09 19:30:00,15.9334
2021-09-09 19:45:00,16.1951
2021-09-09 20:00:00,15.9201
2021-09-09 20:15:00,16.0425
2021-09-09 20:30:00,15.5681
2021-09-09 20:45:00,15.0354
2021-09-09 21:00:00,15.0623
2021-09-09 21:15:00,14.8985
2021-09-09 21:30:00,14.9174
2021-09-09 21:45:00,15.6078
2021-09-09 22:00:00,15.1334
2021-09-09 22:15:00,15.5045
2021-09-09 22:30:00,14.9954
2021-09-09 22:45:00,14.5863
2021-09-09 23:00:00,14.9027
2021-09-09 23:15:00,15.1275
2021-09-09 23:30:00,15.2217
2021-09-09 23:45:00,15.0076
2021-09-10 00:00:00,14.9061
2021-09-10 00:15:00,15.0533
2021-09-10 00:30:00,15.5427
2021-09-10 00:45:00,15.7527
2021-09-10 01:00:00,14.8893
2021-09-10 01:15:00,14.8885
2021-09-10 01:30:00,15.1341
2021-09-10 01:45:00,14.6174
2021-09-10 02:00:00,15.1323
2021-09-10 02:15:00,14.3568
2021-09-10 02:30:00,14.0251
2021-09-10 02:45:00,15.1334
2021-09-10 03:00:00,14.1291
2021-09-10 03:15:00,14.3724
2021-09-10 03:30:00,14.8794
2021-09-10 03:45:00,14.6812
2021-09-10 04:00:00,14.6338
2021-09-10 04:15:00,14.2577
2021-09-10 04:30:00,13.9597
2021-09-10 04:45:00,14.3371
2021-09-10 05:00:00,14.2978
2021-09-10 05:15:00,14.7613
2021-09-10 05:30:00,14.8584
2021-09-10 05:45:00,15.6109
2021-09-10 06:00:00,14.3734
2021-09-10 06:15:00,15.0646
2021-09-10 06:30:00,13.8559
2021-09-10 06:45:00,13.8499
2021-09-10 07:00:00,15.396
2021-09-10 07:15:00,14.3941
2021-09-10 07:30:00,15.199
2021-09-10 07:45:00,14.4721
2021-09-10 08:00:00,14.6753
2021-09-10 08:15:00,13.9166
2021-09-10 08:30:00,14.4847
2021-09-10 08:45:00,13.9553
2021-09-10 09:00:00,14.5177
2021-09-10 09:15:00,14.9056
2021-09-10 09:30:00,15.6412
2021-09-10 09:45:00,15.1259
2021-09-10 10:00:00,15.6497
2021-09-10 10:15:00,17.0051
2021-09-10 10:30:00,17.0027
2021-09-10 10:45:00,17.5851
2021-09-10 11:00:00,18.1736
2021-09-10 11:15:00,18.5243
2021-09-10 11:30:00,17.4458
2021-09-10 11:45:00,18.536
2021-09-10 12:00:00,17.1804
2021-09-10 12:15:00,18.8613
2021-09-10 12:30:00,18.5815
2021-09-10 12:45:00,19.2058
2021-09-10 13:00:00,19.3115
2021-09-10 13:15:00,19.0014
2021-09-10 13:30:00,18.8165
2021-09-10 13:45:00,19.2941
2021-09-10 14:00:00,18.3629
2021-09-10 14:15:00,18.6487
2021-09-10 14:30:00,18.93
2021-09-10 14:45:00,19.5517
2021-09-10 15:00:00,19.8239
2021-09-10 15:15:00,19.4502
2021-09-10 15:30:00,20.0032
2021-09-10 15:45:00,20.3336
2021-09-10 16:00:00,19.3859
2021-09-10 16:15:00,18.8179
2021-09-10 16:30:00,18.5322
2021-09-10 16:45:00,18.0937
2021-09-10 17:00:00,18.0278
2021-09-10 17:15:00,18.5407
2021-09-10 17:30:00,17.8681
2021-09-10 17:45:00,18.1201
2021-09-10 18:00:00,17.4542
2021-09-10 18:15:00,15.615
2021-09-10 18:30:00,16.9369
2021-09-10 18:45:00,15.9605
2021-09-10 19:00:00,15.7966
2021-09-10 19:15:00,15.3031
2021-09-10 19:30:00,15.032
2021-09-10 19:45:00,15.0019
2021-09-10 20:00:00,15.2588
2021-09-10 20:15:00,14.6816
2021-09-10 20:30:00,14.9069
2021-09-10 20:45:00,15.1321
2021-09-10 21:00:00,14.8312
2021-09-10 21:15:00,14.7453
2021-09-10 21:30:00,15.2211
2021-09-10 21:45:00,15.1191
2021-09-10 22:00:00,14.3282
2021-09-10 22:15:00,14.5157
2021-09-10 22:30:00,13.8325
2021-09-10 22:45:00,14.0061
2021-09-10 23:00:00,14.1713
2021-09-10 23:15:00,14.2769
2021-09-10 23:30:00,12.8132
2021-09-10 23:45:00,14.7273
2021-09-11 00:00:00,13.5303
2021-09-11 00:15:00,15.0509
2021-09-11 00:30:00,14.4229
2021-09-11 00:45:00,13.4408
2021-09-11 01:00:00,14.5285
2021-09-11 01:15:00,14.7867
2021-09-11 01:30:00,14.7703
2021-09-11 01:45:00,13.8456
2021-09-11 02:00:00,14.4555
2021-09-11 02:15:00,13.377
2021-09-11 02:30:00,12.6462
2021-09-11 02:45:00,14.0984
2021-09-11 03:00:00,13.9366
2021-09-11 03:15:00,15.1686
2021-09-11 03:30:00,14.2301
2021-09-11 03:45:00,14.0861
2021-09-11 04:00:00,13.7965
2021-09-11 04:15:00,13.865
2021-09-11 04:30:00,13.1619
2021-09-11 04:45:00,13.5278
2021-09-11 05:00:00,12.0576
2021-09-11 05:15:00,12.5761
2021-09-11 05:30:00,12.7939
2021-09-11 05:45:00,13.4536
2021-09-11 06:00:00,13.071
2021-09-11 06:15:00,13.5595
2021-09-11 06:30:00,12.4785
2021-09-11 06:45:00,12.4985
2021-09-11 07:00:00,12.9538
2021-09-11 07:15:00,13.0523
2021-09-11 07:30:00,12.9917
2021-09-11 07:45:00,12.9808
2021-09-11 08:00:00,14.0018
2021-09-11 08:15:00,14.5499
2021-09-11 08:30:00,14.2314
2021-09-11 08:45:00,15.0007
2021-09-11 09:00:00,16.4932
2021-09-11 09:15:00,15.8926
2021-09-11 09:30:00,18.7347
2021-09-11 09:45:00,17.9218
2021-09-11 10:00:00,18.8214
2021-09-11 10:15:00,19.228
2021-09-11 10:30:00,19.8919
2021-09-11 10:45:00,19.5237
2021-09-11 11:00:00,18.9427
2021-09-11 11:15:00,21.1768
2021-09-11 11:30:00,20.3634
2021-09-11 11:45:00,20.0669
2021-09-11 12:00:00,18.9842
2021-09-11 12:15:00,19.5029
2021-09-11 12:30:00,18.6407
2021-09-11 12:45:00,18.9498
2021-09-11 13:00:00,19.7192
2021-09-11 13:15:00,21.1293
2021-09-11 13:30:00,20.2732
2021-09-11 13:45:00,20.9334
2021-09-11 14:00:00,21.0319
2021-09-11 14:15:00,19.8881
2021-09-11 14:30:00,19.4404
2021-09-11 14:45:00,19.8206
2021-09-11 15:00:00,19.7959
2021-09-11 15:15:00,19.8377
2021-09-11 15:30:00,20.5723
2021-09-11 15:45:00,21.63
2021-09-11 16:00:00,21.3427
2021-09-11 16:15:00,19.9858
2021-09-11 16:30:00,20.7349
2021-09-11 16:45:00,20.4727
2021-09-11 17:00:00,20.0656
2021-09-11 17:15:00,19.7052
2021-09-11 17:30:00,19.236
2021-09-11 17:45:00,18.7731
2021-09-11 18:00:00,18.9457
2021-09-11 18:15:00,19.2355
2021-09-11 18:30:00,18.7301
2021-09-11 18:45:00,18.4688
2021-09-11 19:00:00,17.2681
2021-09-11 19:15:00,16.2994
2021-09-11 19:30:00,16.6554
2021-09-11 19:45:00,14.4946
2021-09-11 20:00:00,14.5612
2021-09-11 20:15:00,13.9498
2021-09-11 20:30:00,15.5882
2021-09-11 20:45:00,14.2046
2021-09-11 21:00:00,13.6785
2021-09-11 21:15:00,15.9217
2021-09-11 21:30:00,15.684
2021-09-11 21:45:00,15.7593
2021-09-11 22:00:00,14.9358
2021-09-11 22:15:00,15.9983
2021-09-11 22:30:00,15.2025
2021-09-11 22:45:00,14.0746
2021-09-11 23:00:00,15.0078
2021-09-11 23:15:00,14.9951
2021-09-11 23:30:00,15.1024
2021-09-11 23:45:00,16.456
2021-09-12 00:00:00,17.0133
2021-09-12 00:15:00,17.3901
2021-09-12 00:30:00,16.4736
2021-09-12 00:45:00,15.3373
2021-09-12 01:00:00,14.4361
2021-09-12 01:15:00,14.2031
2021-09-12 01:30:00,14.2472
2021-09-12 01:45:00,14.549
2021-09-12 02:00:00,13.8667
2021-09-12 02:15:00,14.2611
2021-09-12 02:30:00,13.4787
2021-09-12 02:45:00,13.9703
2021-09-12 03:00:00,13.3635
2021-09-12 03:15:00,13.6046
2021-09-12 03:30:00,13.7792
2021-09-12 03:45:00,13.5768
2021-09-12 04:00:00,13.2823
2021-09-12 04:15:00,13.4646
2021-09-12 04:30:00,12.6464
2021-09-12 04:45:00,12.956
2021-09-12 05:00:00,13.2312
2021-09-12 05:15:00,12.9076
2021-09-12 05:30:00,13.0128
2021-09-12 05:45:00,13.1727
2021-09-12 06:00:00,12.3938
2021-09-12 06:15:00,12.4862
2021-09-12 06:30:00,12.3214
2021-09-12 06:45:00,12.6528
2021-09-12 07:00:00,12.4392
2021-09-12 07:15:00,12.8415
2021-09-12 07:30:00,12.2674
2021-09-12 07:45:00,12.8637
2021-09-12 08:00:00,13.1671
2021-09-12 08:15:00,13.4512
2021-09-12 08:30:00,13.7379
2021-09-12 08:45:00,13.5069
2021-09-12 09:00:00,14.4614
2021-09-12 09:15:00,15.5695
2021-09-12 09:30:00,16.1697
2021-09-12 09:45:00,16.419
2021-09-12 10:00:00,17.2361
2021-09-12 10:15:00,17.2413
2021-09-12 10:30:00,18.4842
2021-09-12 10:45:00,18.0561
2021-09-12 11:00:00,20.0936
2021-09-12 11:15:00,20.3083
2021-09-12 11:30:00,21.4389
2021-09-12 11:45:00,22.093
2021-09-12 12:00:00,22.3385
2021-09-12 12:15:00,22.9861
2021-09-12 12:30:00,22.3683
2021-09-12 12:45:00,22.1298
2021-09-12 13:00:00,23.2846
2021-09-12 13:15:00,23.259
2021-09-12 13:30:00,22.8881
2021-09-12 13:45:00,23.0735
2021-09-12 14:00:00,24.2239
2021-09-12 14:15:00,24.5017
2021-09-12 14:30:00,24.8063
2021-09-12 14:45:00,24.3828
2021-09-12 15:00:00,23.4614
2021-09-12 15:15:00,25.1068
2021-09-12 15:30:00,24.331
2021-09-12 15:45:00,24.2652
2021-09-12 16:00:00,24.1235
2021-09-12 16:15:00,22.9631
2021-09-12 16:30:00,22.3948
2021-09-12 16:45:00,21.9524
2021-09-12 17:00:00,22.1378
2021-09-12 17:15:00,22.7439
2021-09-12 17:30:00,22.0388
2021-09-12 17:45:00,20.3277
2021-09-12 18:00:00,18.9152
2021-09-12 18:15:00,17.5727
2021-09-12 18:30:00,17.463
2021-09-12 18:45:00,16.9158
2021-09-12 19:00:00,15.0912
2021-09-12 19:15:00,15.489
2021-09-12 19:30:00,14.9451
2021-09-12 19:45:00,15.1714
2021-09-12 20:00:00,15.4462
2021-09-12 20:15:00,16.056
2021-09-12 20:30:00,15.962
2021-09-12 20:45:00,15.8866
2021-09-12 21:00:00,15.3261
2021-09-12 21:15:00,16.6683
2021-09-12 21:30:00,16.9904
2021-09-12 21:45:00,16.2641
2021-09-12 22:00:00,15.6384
2021-09-12 22:15:00,17.0688
2021-09-12 22:30:00,16.8414
2021-09-12 22:45:00,16.9447
2021-09-12 23:00:00,16.2674
2021-09-12 23:15:00,17.1417
2021-09-12 23:30:00,15.0912
2021-09-12 23:45:00,16.5062
2021-09-13 00:00:00,16.4357
2021-09-13 00:15:00,16.0938
2021-09-13 00:30:00,17.2269
2021-09-13 00:45:00,15.9873
2021-09-13 01:00:00,15.8718
2021-09-13 01:15:00,15.5402
2021-09-13 01:30:00,15.1182
2021-09-13 01:45:00,15.2978
2021-09-13 02:00:00,14.6814
2021-09-13 02:15:00,14.9621
2021-09-13 02:30:00,14.6927
2021-09-13 02:45:00,15.5104
2021-09-13 03:00:00,15.0557
2021-09-13 03:15:00,15.8475
2021-09-13 03:30:00,15.6156
2021-09-13 03:45:00,16.043
2021-09-13 04:00:00,15.6614
2021-09-13 04:15:00,15.9608
2021-09-13 04:30:00,15.4699
2021-09-13 04:45:00,14.7312
2021-09-13 05:00:00,14.2588
2021-09-13 05:15:00,13.9074
2021-09-13 05:30:00,14.4349
2021-09-13 05:45:00,13.2452
2021-09-13 06:00:00,14.8064
2021-09-13 06:15:00,13.6783
2021-09-13 06:30:00,14.616
2021-09-13 06:45:00,14.4616
2021-09-13 07:00:00,14.2236
2021-09-13 07:15:00,14.4643
2021-09-13 07:30:00,14.6384
2021-09-13 07:45:00,14.9555
2021-09-13 08:00:00,14.6903
2021-09-13 08:15:00,14.9309
2021-09-13 08:30:00,14.9885
2021-09-13 08:45:00,15.5693
2021-09-13 09:00:00,16.2591
2021-09-13 09:15:00,16.8932
2021-09-13 09:30:00,17.227
2021-09-13 09:45:00,17.5692
2021-09-13 10:00:00,18.3615
2021-09-13 10:15:00,18.1006
2021-09-13 10:30:00,19.2552
2021-09-13 10:45:00,18.8161
2021-09-13 11:00:00,20.2506
2021-09-13 11:15:00,19.7955
2021-09-13 11:30:00,20.6843
2021-09-13 11:45:00,20.8524
2021-09-13 12:00:00,20.521
2021-09-13 12:15:00,21.2889
2021-09-13 12:30:00,20.3016
2021-09-13 12:45:00,21.1795
2021-09-13 13:00:00,21.2769
2021-09-13 13:15:00,22.087
2021-09-13 13:30:00,22.5419
2021-09-13 13:45:00,21.9293
2021-09-13 14:00:00,23.1376
2021-09-13 14:15:00,22.7401
2021-09-13 14:30:00,21.4923
2021-09-13 14:45:00,21.878
2021-09-13 15:00:00,22.9643
2021-09-13 15:15:00,22.9047
2021-09-13 15:30:00,22.8662
2021-09-13 15:45:00,22.4444
2021-09-13 16:00:00,21.9137
2021-09-13 16:15:00,22.2608
2021-09-13 16:30:00,21.6335
2021-09-13 16:45:00,21.7292
2021-09-13 17:00:00,21.819
2021-09-13 17:15:00,22.7438
2021-09-13 17:30:00,21.7922
2021-09-13 17:45:00,21.9853
2021-09-13 18:00:00,21.6891
2021-09-13 18:15:00,20.7331
2021-09-13 18:30:00,20.3922
2021-09-13 18:45:00,19.8226
2021-09-13 19:00:00,19.4035
2021-09-13 19:15:00,18.7415
2021-09-13 19:30:00,18.1765
2021-09-13 19:45:00,17.9125
2021-09-13 20:00:00,16.7804
2021-09-13 20:15:00,17.4531
2021-09-13 20:30:00,16.1119
2021-09-13 20:45:00,15.5974
2021-09-13 21:00:00,14.3148
2021-09-13 21:15:00,13.9698
2021-09-13 21:30:00,13.9906
2021-09-13 21:45:00,14.0083
2021-09-13 22:00:00,14.7989
2021-09-13 22:15:00,13.7459
2021-09-13 22:30:00,13.5247
2021-09-13 22:45:00,13.9243
2021-09-13 23:00:00,14.2812
2021-09-13 23:15:00,13.8161
2021-09-13 23:30:00,13.7836
2021-09-13 23:45:00,14.4772
