datetime,1B-VAV3-DischargeAirflow
2021-08-14 23:45:00,104.67
2021-08-15 00:00:00,103.48
2021-08-15 00:15:00,105.56
2021-08-15 00:30:00,104.16
2021-08-15 00:45:00,105.88
2021-08-15 01:00:00,104.25
2021-08-15 01:15:00,105.25
2021-08-15 01:30:00,105.0
2021-08-15 01:45:00,104.49
2021-08-15 02:00:00,103.99
2021-08-15 02:15:00,104.49
2021-08-15 02:30:00,104.82
2021-08-15 02:45:00,104.12
2021-08-15 03:00:00,104.01
2021-08-15 03:15:00,103.55
2021-08-15 03:30:00,104.01
2021-08-15 03:45:00,103.59
2021-08-15 04:00:00,103.11
2021-08-15 04:15:00,103.13
2021-08-15 04:30:00,103.97
2021-08-15 04:45:00,104.32
2021-08-15 05:00:00,103.68
2021-08-15 05:15:00,103.51
2021-08-15 05:30:00,104.63
2021-08-15 05:45:00,104.38
2021-08-15 06:00:00,104.04
2021-08-15 06:15:00,103.88
2021-08-15 06:30:00,103.9
2021-08-15 06:45:00,103.86
2021-08-15 07:00:00,103.81
2021-08-15 07:15:00,219.0
2021-08-15 07:30:00,298.0
2021-08-15 07:45:00,322.0
2021-08-15 08:00:00,344.0
2021-08-15 08:15:00,81.87
2021-08-15 08:30:00,106.42
2021-08-15 08:45:00,104.27
2021-08-15 09:00:00,102.49
2021-08-15 09:15:00,103.33
2021-08-15 09:30:00,103.62
2021-08-15 09:45:00,104.58
2021-08-15 10:00:00,104.23
2021-08-15 10:15:00,105.0
2021-08-15 10:30:00,119.03
2021-08-15 10:45:00,155.0
2021-08-15 11:00:00,200.0
2021-08-15 11:15:00,256.0
2021-08-15 11:30:00,318.0
2021-08-15 11:45:00,352.0
2021-08-15 12:00:00,370.0
2021-08-15 12:15:00,386.0
2021-08-15 12:30:00,353.0
2021-08-15 12:45:00,355.0
2021-08-15 13:00:00,382.0
2021-08-15 13:15:00,404.0
2021-08-15 13:30:00,343.0
2021-08-15 13:45:00,350.0
2021-08-15 14:00:00,371.0
2021-08-15 14:15:00,366.0
2021-08-15 14:30:00,400.0
2021-08-15 14:45:00,390.0
2021-08-15 15:00:00,377.0
2021-08-15 15:15:00,337.0
2021-08-15 15:30:00,313.0
2021-08-15 15:45:00,312.0
2021-08-15 16:00:00,336.0
2021-08-15 16:15:00,339.0
2021-08-15 16:30:00,319.0
2021-08-15 16:45:00,341.0
2021-08-15 17:00:00,353.0
2021-08-15 17:15:00,355.0
2021-08-15 17:30:00,338.0
2021-08-15 17:45:00,332.0
2021-08-15 18:00:00,312.0
2021-08-15 18:15:00,275.0
2021-08-15 18:30:00,237.0
2021-08-15 18:45:00,203.0
2021-08-15 19:00:00,167.0
2021-08-15 19:15:00,136.94
2021-08-15 19:30:00,103.48
2021-08-15 19:45:00,103.73
2021-08-15 20:00:00,102.55
2021-08-15 20:15:00,103.57
2021-08-15 20:30:00,103.0
2021-08-15 20:45:00,104.01
2021-08-15 21:00:00,103.35
2021-08-15 21:15:00,104.93
2021-08-15 21:30:00,104.56
2021-08-15 21:45:00,104.67
2021-08-15 22:00:00,104.14
2021-08-15 22:15:00,104.16
2021-08-15 22:30:00,105.14
2021-08-15 22:45:00,103.68
2021-08-15 23:00:00,104.73
2021-08-15 23:15:00,104.38
2021-08-15 23:30:00,104.58
2021-08-15 23:45:00,104.63
2021-08-16 00:00:00,103.84
2021-08-16 00:15:00,102.95
2021-08-16 00:30:00,103.18
2021-08-16 00:45:00,104.8
2021-08-16 01:00:00,103.84
2021-08-16 01:15:00,107.19
2021-08-16 01:30:00,105.06
2021-08-16 01:45:00,106.5
2021-08-16 02:00:00,105.41
2021-08-16 02:15:00,106.23
2021-08-16 02:30:00,104.58
2021-08-16 02:45:00,106.89
2021-08-16 03:00:00,107.21
2021-08-16 03:15:00,106.68
2021-08-16 03:30:00,103.99
2021-08-16 03:45:00,105.84
2021-08-16 04:00:00,107.32
2021-08-16 04:15:00,104.95
2021-08-16 04:30:00,105.3
2021-08-16 04:45:00,105.6
2021-08-16 05:00:00,105.49
2021-08-16 05:15:00,105.6
2021-08-16 05:30:00,106.05
2021-08-16 05:45:00,107.04
2021-08-16 06:00:00,103.35
2021-08-16 06:15:00,103.46
2021-08-16 06:30:00,103.48
2021-08-16 06:45:00,105.69
2021-08-16 07:00:00,104.8
2021-08-16 07:15:00,374.0
2021-08-16 07:30:00,357.0
2021-08-16 07:45:00,212.0
2021-08-16 08:00:00,78.89
2021-08-16 08:15:00,103.0
2021-08-16 08:30:00,105.43
2021-08-16 08:45:00,106.95
2021-08-16 09:00:00,105.21
2021-08-16 09:15:00,105.0
2021-08-16 09:30:00,105.62
2021-08-16 09:45:00,106.03
2021-08-16 10:00:00,106.16
2021-08-16 10:15:00,104.73
2021-08-16 10:30:00,104.84
2021-08-16 10:45:00,105.13
2021-08-16 11:00:00,137.89
2021-08-16 11:15:00,142.16
2021-08-16 11:30:00,180.0
2021-08-16 11:45:00,247.0
2021-08-16 12:00:00,323.0
2021-08-16 12:15:00,381.0
2021-08-16 12:30:00,402.0
2021-08-16 12:45:00,405.0
2021-08-16 13:00:00,373.0
2021-08-16 13:15:00,372.0
2021-08-16 13:30:00,353.0
2021-08-16 13:45:00,364.0
2021-08-16 14:00:00,394.0
2021-08-16 14:15:00,104.63
2021-08-16 14:30:00,105.25
2021-08-16 14:45:00,103.24
2021-08-16 15:00:00,244.0
2021-08-16 15:15:00,259.0
2021-08-16 15:30:00,261.0
2021-08-16 15:45:00,264.0
2021-08-16 16:00:00,258.0
2021-08-16 16:15:00,252.0
2021-08-16 16:30:00,240.0
2021-08-16 16:45:00,232.0
2021-08-16 17:00:00,227.0
2021-08-16 17:15:00,188.0
2021-08-16 17:30:00,157.93
2021-08-16 17:45:00,145.25
2021-08-16 18:00:00,131.12
2021-08-16 18:15:00,399.0
2021-08-16 18:30:00,312.0
2021-08-16 18:45:00,196.0
2021-08-16 19:00:00,133.88
2021-08-16 19:15:00,119.75
2021-08-16 19:30:00,104.86
2021-08-16 19:45:00,104.84
2021-08-16 20:00:00,103.86
2021-08-16 20:15:00,104.75
2021-08-16 20:30:00,104.1
2021-08-16 20:45:00,103.44
2021-08-16 21:00:00,103.0
2021-08-16 21:15:00,102.95
2021-08-16 21:30:00,105.52
2021-08-16 21:45:00,104.21
2021-08-16 22:00:00,104.95
2021-08-16 22:15:00,104.36
2021-08-16 22:30:00,103.84
2021-08-16 22:45:00,105.32
2021-08-16 23:00:00,104.45
2021-08-16 23:15:00,106.05
2021-08-16 23:30:00,104.34
2021-08-16 23:45:00,105.62
2021-08-17 00:00:00,105.1
2021-08-17 00:15:00,105.28
2021-08-17 00:30:00,105.13
2021-08-17 00:45:00,105.28
2021-08-17 01:00:00,104.89
2021-08-17 01:15:00,105.97
2021-08-17 01:30:00,104.23
2021-08-17 01:45:00,105.38
2021-08-17 02:00:00,106.38
2021-08-17 02:15:00,105.3
2021-08-17 02:30:00,104.58
2021-08-17 02:45:00,104.78
2021-08-17 03:00:00,104.1
2021-08-17 03:15:00,105.56
2021-08-17 03:30:00,104.95
2021-08-17 03:45:00,104.3
2021-08-17 04:00:00,104.52
2021-08-17 04:15:00,106.27
2021-08-17 04:30:00,104.16
2021-08-17 04:45:00,103.39
2021-08-17 05:00:00,105.06
2021-08-17 05:15:00,104.93
2021-08-17 05:30:00,105.77
2021-08-17 05:45:00,104.63
2021-08-17 06:00:00,104.43
2021-08-17 06:15:00,105.1
2021-08-17 06:30:00,104.49
2021-08-17 06:45:00,104.41
2021-08-17 07:00:00,105.32
2021-08-17 07:15:00,283.0
2021-08-17 07:30:00,180.0
2021-08-17 07:45:00,78.37
2021-08-17 08:00:00,79.27
2021-08-17 08:15:00,103.24
2021-08-17 08:30:00,103.75
2021-08-17 08:45:00,103.39
2021-08-17 09:00:00,104.32
2021-08-17 09:15:00,103.73
2021-08-17 09:30:00,104.56
2021-08-17 09:45:00,104.82
2021-08-17 10:00:00,103.84
2021-08-17 10:15:00,103.99
2021-08-17 10:30:00,104.25
2021-08-17 10:45:00,103.0
2021-08-17 11:00:00,103.79
2021-08-17 11:15:00,102.78
2021-08-17 11:30:00,106.18
2021-08-17 11:45:00,204.0
2021-08-17 12:00:00,263.0
2021-08-17 12:15:00,183.0
2021-08-17 12:30:00,186.0
2021-08-17 12:45:00,215.0
2021-08-17 13:00:00,287.0
2021-08-17 13:15:00,363.0
2021-08-17 13:30:00,391.0
2021-08-17 13:45:00,402.0
2021-08-17 14:00:00,403.0
2021-08-17 14:15:00,105.38
2021-08-17 14:30:00,104.38
2021-08-17 14:45:00,103.93
2021-08-17 15:00:00,106.23
2021-08-17 15:15:00,191.0
2021-08-17 15:30:00,226.0
2021-08-17 15:45:00,257.0
2021-08-17 16:00:00,243.0
2021-08-17 16:15:00,229.0
2021-08-17 16:30:00,204.0
2021-08-17 16:45:00,182.0
2021-08-17 17:00:00,164.0
2021-08-17 17:15:00,140.23
2021-08-17 17:30:00,119.26
2021-08-17 17:45:00,105.93
2021-08-17 18:00:00,105.62
2021-08-17 18:15:00,401.0
2021-08-17 18:30:00,278.0
2021-08-17 18:45:00,181.0
2021-08-17 19:00:00,122.97
2021-08-17 19:15:00,105.1
2021-08-17 19:30:00,104.1
2021-08-17 19:45:00,103.15
2021-08-17 20:00:00,104.45
2021-08-17 20:15:00,103.18
2021-08-17 20:30:00,104.14
2021-08-17 20:45:00,104.52
2021-08-17 21:00:00,103.99
2021-08-17 21:15:00,103.06
2021-08-17 21:30:00,103.55
2021-08-17 21:45:00,103.77
2021-08-17 22:00:00,103.59
2021-08-17 22:15:00,104.43
2021-08-17 22:30:00,103.31
2021-08-17 22:45:00,103.62
2021-08-17 23:00:00,104.04
2021-08-17 23:15:00,105.1
2021-08-17 23:30:00,103.73
2021-08-17 23:45:00,104.71
2021-08-18 00:00:00,105.58
2021-08-18 00:15:00,105.47
2021-08-18 00:30:00,105.3
2021-08-18 00:45:00,104.43
2021-08-18 01:00:00,105.6
2021-08-18 01:15:00,105.21
2021-08-18 01:30:00,104.34
2021-08-18 01:45:00,104.86
2021-08-18 02:00:00,104.41
2021-08-18 02:15:00,104.45
2021-08-18 02:30:00,104.75
2021-08-18 02:45:00,105.32
2021-08-18 03:00:00,104.38
2021-08-18 03:15:00,105.3
2021-08-18 03:30:00,105.25
2021-08-18 03:45:00,104.54
2021-08-18 04:00:00,104.6
2021-08-18 04:15:00,105.45
2021-08-18 04:30:00,105.73
2021-08-18 04:45:00,104.82
2021-08-18 05:00:00,105.3
2021-08-18 05:15:00,105.38
2021-08-18 05:30:00,104.04
2021-08-18 05:45:00,104.6
2021-08-18 06:00:00,104.49
2021-08-18 06:15:00,104.64
2021-08-18 06:30:00,105.04
2021-08-18 06:45:00,103.73
2021-08-18 07:00:00,105.02
2021-08-18 07:15:00,190.0
2021-08-18 07:30:00,403.0
2021-08-18 07:45:00,170.0
2021-08-18 08:00:00,365.0
2021-08-18 08:15:00,163.2
2021-08-18 08:30:00,104.75
2021-08-18 08:45:00,105.3
2021-08-18 09:00:00,104.89
2021-08-18 09:15:00,104.23
2021-08-18 09:30:00,103.7
2021-08-18 09:45:00,103.95
2021-08-18 10:00:00,103.09
2021-08-18 10:15:00,104.78
2021-08-18 10:30:00,103.97
2021-08-18 10:45:00,102.58
2021-08-18 11:00:00,104.25
2021-08-18 11:15:00,104.14
2021-08-18 11:30:00,141.13
2021-08-18 11:45:00,211.0
2021-08-18 12:00:00,272.0
2021-08-18 12:15:00,393.0
2021-08-18 12:30:00,396.0
2021-08-18 12:45:00,404.0
2021-08-18 13:00:00,342.0
2021-08-18 13:15:00,233.0
2021-08-18 13:30:00,199.0
2021-08-18 13:45:00,191.0
2021-08-18 14:00:00,194.0
2021-08-18 14:15:00,106.23
2021-08-18 14:30:00,105.43
2021-08-18 14:45:00,104.6
2021-08-18 15:00:00,104.89
2021-08-18 15:15:00,104.71
2021-08-18 15:30:00,103.97
2021-08-18 15:45:00,104.23
2021-08-18 16:00:00,104.71
2021-08-18 16:15:00,104.6
2021-08-18 16:30:00,104.86
2021-08-18 16:45:00,103.93
2021-08-18 17:00:00,103.9
2021-08-18 17:15:00,104.21
2021-08-18 17:30:00,112.65
2021-08-18 17:45:00,103.38
2021-08-18 18:00:00,104.91
2021-08-18 18:15:00,399.0
2021-08-18 18:30:00,403.0
2021-08-18 18:45:00,295.0
2021-08-18 19:00:00,186.0
2021-08-18 19:15:00,105.28
2021-08-18 19:30:00,104.97
2021-08-18 19:45:00,104.93
2021-08-18 20:00:00,105.32
2021-08-18 20:15:00,104.56
2021-08-18 20:30:00,104.41
2021-08-18 20:45:00,104.23
2021-08-18 21:00:00,103.84
2021-08-18 21:15:00,104.21
2021-08-18 21:30:00,103.95
2021-08-18 21:45:00,104.82
2021-08-18 22:00:00,104.64
2021-08-18 22:15:00,104.21
2021-08-18 22:30:00,103.68
2021-08-18 22:45:00,104.34
2021-08-18 23:00:00,104.93
2021-08-18 23:15:00,104.12
2021-08-18 23:30:00,103.97
2021-08-18 23:45:00,104.64
2021-08-19 00:00:00,104.89
2021-08-19 00:15:00,103.97
2021-08-19 00:30:00,105.93
2021-08-19 00:45:00,104.23
2021-08-19 01:00:00,104.67
2021-08-19 01:15:00,106.55
2021-08-19 01:30:00,106.65
2021-08-19 01:45:00,107.27
2021-08-19 02:00:00,105.19
2021-08-19 02:15:00,106.57
2021-08-19 02:30:00,105.99
2021-08-19 02:45:00,105.64
2021-08-19 03:00:00,105.77
2021-08-19 03:15:00,104.75
2021-08-19 03:30:00,105.8
2021-08-19 03:45:00,105.6
2021-08-19 04:00:00,106.27
2021-08-19 04:15:00,105.56
2021-08-19 04:30:00,105.14
2021-08-19 04:45:00,105.64
2021-08-19 05:00:00,104.95
2021-08-19 05:15:00,105.88
2021-08-19 05:30:00,105.32
2021-08-19 05:45:00,105.34
2021-08-19 06:00:00,105.49
2021-08-19 06:15:00,214.0
2021-08-19 06:30:00,302.0
2021-08-19 06:45:00,156.17
2021-08-19 07:00:00,76.99
2021-08-19 07:15:00,243.0
2021-08-19 07:30:00,361.0
2021-08-19 07:45:00,339.0
2021-08-19 08:00:00,306.0
2021-08-19 08:15:00,118.2
2021-08-19 08:30:00,348.0
2021-08-19 08:45:00,108.38
2021-08-19 09:00:00,78.48
2021-08-19 09:15:00,110.11
2021-08-19 09:30:00,102.95
2021-08-19 09:45:00,107.99
2021-08-19 10:00:00,104.47
2021-08-19 10:15:00,107.04
2021-08-19 10:30:00,107.7
2021-08-19 10:45:00,101.48
2021-08-19 11:00:00,105.45
2021-08-19 11:15:00,100.17
2021-08-19 11:30:00,106.25
2021-08-19 11:45:00,105.88
2021-08-19 12:00:00,105.86
2021-08-19 12:15:00,103.77
2021-08-19 12:30:00,105.38
2021-08-19 12:45:00,127.16
2021-08-19 13:00:00,130.09
2021-08-19 13:15:00,129.05
2021-08-19 13:30:00,134.68
2021-08-19 13:45:00,132.52
2021-08-19 14:00:00,131.16
2021-08-19 14:15:00,103.18
2021-08-19 14:30:00,103.88
2021-08-19 14:45:00,104.8
2021-08-19 15:00:00,106.63
2021-08-19 15:15:00,104.89
2021-08-19 15:30:00,104.1
2021-08-19 15:45:00,103.95
2021-08-19 16:00:00,104.27
2021-08-19 16:15:00,103.24
2021-08-19 16:30:00,105.25
2021-08-19 16:45:00,106.14
2021-08-19 17:00:00,104.71
2021-08-19 17:15:00,110.68
2021-08-19 17:30:00,103.62
2021-08-19 17:45:00,104.82
2021-08-19 18:00:00,103.2
2021-08-19 18:15:00,102.93
2021-08-19 18:30:00,103.86
2021-08-19 18:45:00,104.49
2021-08-19 19:00:00,105.49
2021-08-19 19:15:00,104.54
2021-08-19 19:30:00,105.69
2021-08-19 19:45:00,105.82
2021-08-19 20:00:00,104.97
2021-08-19 20:15:00,105.25
2021-08-19 20:30:00,105.08
2021-08-19 20:45:00,104.01
2021-08-19 21:00:00,73.9
2021-08-19 21:15:00,80.58
2021-08-19 21:30:00,81.37
2021-08-19 21:45:00,80.24
2021-08-19 22:00:00,79.87
2021-08-19 22:15:00,103.24
2021-08-19 22:30:00,103.84
2021-08-19 22:45:00,103.02
2021-08-19 23:00:00,104.69
2021-08-19 23:15:00,105.14
2021-08-19 23:30:00,104.52
2021-08-19 23:45:00,105.17
2021-08-20 00:00:00,104.95
2021-08-20 00:15:00,104.95
2021-08-20 00:30:00,103.99
2021-08-20 00:45:00,105.43
2021-08-20 01:00:00,104.75
2021-08-20 01:15:00,104.84
2021-08-20 01:30:00,104.04
2021-08-20 01:45:00,103.51
2021-08-20 02:00:00,104.43
2021-08-20 02:15:00,105.32
2021-08-20 02:30:00,104.19
2021-08-20 02:45:00,104.86
2021-08-20 03:00:00,104.25
2021-08-20 03:15:00,104.89
2021-08-20 03:30:00,104.41
2021-08-20 03:45:00,104.91
2021-08-20 04:00:00,104.63
2021-08-20 04:15:00,104.27
2021-08-20 04:30:00,104.69
2021-08-20 04:45:00,104.25
2021-08-20 05:00:00,104.47
2021-08-20 05:15:00,103.93
2021-08-20 05:30:00,105.14
2021-08-20 05:45:00,103.55
2021-08-20 06:00:00,104.12
2021-08-20 06:15:00,104.21
2021-08-20 06:30:00,104.19
2021-08-20 06:45:00,104.75
2021-08-20 07:00:00,105.6
2021-08-20 07:15:00,281.0
2021-08-20 07:30:00,328.0
2021-08-20 07:45:00,309.0
2021-08-20 08:00:00,332.0
2021-08-20 08:15:00,80.83
2021-08-20 08:30:00,102.36
2021-08-20 08:45:00,111.73
2021-08-20 09:00:00,106.16
2021-08-20 09:15:00,104.84
2021-08-20 09:30:00,105.69
2021-08-20 09:45:00,104.69
2021-08-20 10:00:00,105.21
2021-08-20 10:15:00,104.73
2021-08-20 10:30:00,105.66
2021-08-20 10:45:00,104.97
2021-08-20 11:00:00,103.59
2021-08-20 11:15:00,103.81
2021-08-20 11:30:00,117.56
2021-08-20 11:45:00,191.0
2021-08-20 12:00:00,318.0
2021-08-20 12:15:00,321.0
2021-08-20 12:30:00,386.0
2021-08-20 12:45:00,367.0
2021-08-20 13:00:00,285.0
2021-08-20 13:15:00,212.0
2021-08-20 13:30:00,180.0
2021-08-20 13:45:00,142.5
2021-08-20 14:00:00,134.76
2021-08-20 14:15:00,106.87
2021-08-20 14:30:00,106.38
2021-08-20 14:45:00,106.5
2021-08-20 15:00:00,106.29
2021-08-20 15:15:00,107.76
2021-08-20 15:30:00,103.99
2021-08-20 15:45:00,104.27
2021-08-20 16:00:00,104.54
2021-08-20 16:15:00,103.75
2021-08-20 16:30:00,104.73
2021-08-20 16:45:00,99.76
2021-08-20 17:00:00,102.58
2021-08-20 17:15:00,105.9
2021-08-20 17:30:00,106.44
2021-08-20 17:45:00,104.91
2021-08-20 18:00:00,105.75
2021-08-20 18:15:00,97.65
2021-08-20 18:30:00,102.49
2021-08-20 18:45:00,108.67
2021-08-20 19:00:00,110.87
2021-08-20 19:15:00,102.78
2021-08-20 19:30:00,104.27
2021-08-20 19:45:00,106.18
2021-08-20 20:00:00,104.08
2021-08-20 20:15:00,104.97
2021-08-20 20:30:00,103.97
2021-08-20 20:45:00,104.12
2021-08-20 21:00:00,104.71
2021-08-20 21:15:00,104.73
2021-08-20 21:30:00,103.97
2021-08-20 21:45:00,104.6
2021-08-20 22:00:00,103.97
2021-08-20 22:15:00,104.21
2021-08-20 22:30:00,103.51
2021-08-20 22:45:00,104.52
2021-08-20 23:00:00,105.58
2021-08-20 23:15:00,104.49
2021-08-20 23:30:00,105.32
2021-08-20 23:45:00,105.13
2021-08-21 00:00:00,104.45
2021-08-21 00:15:00,106.12
2021-08-21 00:30:00,104.58
2021-08-21 00:45:00,105.69
2021-08-21 01:00:00,105.41
2021-08-21 01:15:00,104.56
2021-08-21 01:30:00,105.19
2021-08-21 01:45:00,105.36
2021-08-21 02:00:00,105.14
2021-08-21 02:15:00,105.41
2021-08-21 02:30:00,105.38
2021-08-21 02:45:00,105.82
2021-08-21 03:00:00,106.4
2021-08-21 03:15:00,105.58
2021-08-21 03:30:00,106.14
2021-08-21 03:45:00,106.33
2021-08-21 04:00:00,105.21
2021-08-21 04:15:00,105.13
2021-08-21 04:30:00,104.67
2021-08-21 04:45:00,106.46
2021-08-21 05:00:00,104.64
2021-08-21 05:15:00,105.32
2021-08-21 05:30:00,104.89
2021-08-21 05:45:00,105.47
2021-08-21 06:00:00,104.78
2021-08-21 06:15:00,105.62
2021-08-21 06:30:00,104.95
2021-08-21 06:45:00,104.63
2021-08-21 07:00:00,105.02
2021-08-21 07:15:00,310.0
2021-08-21 07:30:00,345.0
2021-08-21 07:45:00,228.0
2021-08-21 08:00:00,405.0
2021-08-21 08:15:00,79.95
2021-08-21 08:30:00,98.3
2021-08-21 08:45:00,103.75
2021-08-21 09:00:00,104.75
2021-08-21 09:15:00,106.59
2021-08-21 09:30:00,106.01
2021-08-21 09:45:00,105.71
2021-08-21 10:00:00,105.82
2021-08-21 10:15:00,107.13
2021-08-21 10:30:00,105.14
2021-08-21 10:45:00,105.77
2021-08-21 11:00:00,105.88
2021-08-21 11:15:00,104.84
2021-08-21 11:30:00,106.25
2021-08-21 11:45:00,105.41
2021-08-21 12:00:00,103.06
2021-08-21 12:15:00,104.73
2021-08-21 12:30:00,104.93
2021-08-21 12:45:00,105.49
2021-08-21 13:00:00,100.24
2021-08-21 13:15:00,104.6
2021-08-21 13:30:00,98.82
2021-08-21 13:45:00,104.36
2021-08-21 14:00:00,106.53
2021-08-21 14:15:00,106.12
2021-08-21 14:30:00,105.0
2021-08-21 14:45:00,106.1
2021-08-21 15:00:00,106.07
2021-08-21 15:15:00,105.71
2021-08-21 15:30:00,106.74
2021-08-21 15:45:00,106.53
2021-08-21 16:00:00,106.16
2021-08-21 16:15:00,106.46
2021-08-21 16:30:00,105.02
2021-08-21 16:45:00,105.64
2021-08-21 17:00:00,104.78
2021-08-21 17:15:00,105.77
2021-08-21 17:30:00,104.89
2021-08-21 17:45:00,105.93
2021-08-21 18:00:00,105.75
2021-08-21 18:15:00,104.36
2021-08-21 18:30:00,107.51
2021-08-21 18:45:00,109.07
2021-08-21 19:00:00,103.15
2021-08-21 19:15:00,103.29
2021-08-21 19:30:00,105.28
2021-08-21 19:45:00,106.01
2021-08-21 20:00:00,106.59
2021-08-21 20:15:00,105.73
2021-08-21 20:30:00,105.32
2021-08-21 20:45:00,104.34
2021-08-21 21:00:00,105.13
2021-08-21 21:15:00,105.08
2021-08-21 21:30:00,105.25
2021-08-21 21:45:00,104.58
2021-08-21 22:00:00,81.28
2021-08-21 22:15:00,105.21
2021-08-21 22:30:00,106.82
2021-08-21 22:45:00,106.42
2021-08-21 23:00:00,106.07
2021-08-21 23:15:00,104.91
2021-08-21 23:30:00,105.52
2021-08-21 23:45:00,105.23
2021-08-22 00:00:00,106.27
2021-08-22 00:15:00,105.88
2021-08-22 00:30:00,105.52
2021-08-22 00:45:00,105.54
2021-08-22 01:00:00,106.48
2021-08-22 01:15:00,105.84
2021-08-22 01:30:00,107.21
2021-08-22 01:45:00,105.38
2021-08-22 02:00:00,106.38
2021-08-22 02:15:00,106.74
2021-08-22 02:30:00,106.14
2021-08-22 02:45:00,106.2
2021-08-22 03:00:00,105.38
2021-08-22 03:15:00,105.41
2021-08-22 03:30:00,105.49
2021-08-22 03:45:00,105.34
2021-08-22 04:00:00,105.41
2021-08-22 04:15:00,105.41
2021-08-22 04:30:00,105.25
2021-08-22 04:45:00,105.38
2021-08-22 05:00:00,105.56
2021-08-22 05:15:00,104.38
2021-08-22 05:30:00,105.84
2021-08-22 05:45:00,105.06
2021-08-22 06:00:00,104.64
2021-08-22 06:15:00,104.38
2021-08-22 06:30:00,105.93
2021-08-22 06:45:00,105.71
2021-08-22 07:00:00,104.64
2021-08-22 07:15:00,278.0
2021-08-22 07:30:00,403.0
2021-08-22 07:45:00,394.0
2021-08-22 08:00:00,242.0
2021-08-22 08:15:00,328.0
2021-08-22 08:30:00,80.63
2021-08-22 08:45:00,110.93
2021-08-22 09:00:00,97.49
2021-08-22 09:15:00,106.1
2021-08-22 09:30:00,104.58
2021-08-22 09:45:00,106.61
2021-08-22 10:00:00,105.88
2021-08-22 10:15:00,106.48
2021-08-22 10:30:00,105.86
2021-08-22 10:45:00,105.23
2021-08-22 11:00:00,105.75
2021-08-22 11:15:00,105.64
2021-08-22 11:30:00,105.28
2021-08-22 11:45:00,105.38
2021-08-22 12:00:00,206.0
2021-08-22 12:15:00,235.0
2021-08-22 12:30:00,318.0
2021-08-22 12:45:00,315.0
2021-08-22 13:00:00,331.0
2021-08-22 13:15:00,408.0
2021-08-22 13:30:00,367.0
2021-08-22 13:45:00,315.0
2021-08-22 14:00:00,227.0
2021-08-22 14:15:00,103.33
2021-08-22 14:30:00,105.47
2021-08-22 14:45:00,105.58
2021-08-22 15:00:00,105.36
2021-08-22 15:15:00,174.0
2021-08-22 15:30:00,248.0
2021-08-22 15:45:00,239.0
2021-08-22 16:00:00,218.0
2021-08-22 16:15:00,204.0
2021-08-22 16:30:00,225.0
2021-08-22 16:45:00,221.0
2021-08-22 17:00:00,180.0
2021-08-22 17:15:00,164.0
2021-08-22 17:30:00,141.43
2021-08-22 17:45:00,109.88
2021-08-22 18:00:00,105.45
2021-08-22 18:15:00,357.0
2021-08-22 18:30:00,372.0
2021-08-22 18:45:00,385.0
2021-08-22 19:00:00,235.0
2021-08-22 19:15:00,122.46
2021-08-22 19:30:00,98.14
2021-08-22 19:45:00,107.1
2021-08-22 20:00:00,104.14
2021-08-22 20:15:00,105.3
2021-08-22 20:30:00,106.12
2021-08-22 20:45:00,106.18
2021-08-22 21:00:00,105.19
2021-08-22 21:15:00,105.28
2021-08-22 21:30:00,104.84
2021-08-22 21:45:00,105.21
2021-08-22 22:00:00,105.88
2021-08-22 22:15:00,105.36
2021-08-22 22:30:00,104.86
2021-08-22 22:45:00,106.55
2021-08-22 23:00:00,106.8
2021-08-22 23:15:00,103.0
2021-08-22 23:30:00,103.77
2021-08-22 23:45:00,103.11
2021-08-23 00:00:00,103.57
2021-08-23 00:15:00,104.54
2021-08-23 00:30:00,104.75
2021-08-23 00:45:00,104.54
2021-08-23 01:00:00,104.36
2021-08-23 01:15:00,105.3
2021-08-23 01:30:00,103.68
2021-08-23 01:45:00,105.13
2021-08-23 02:00:00,104.78
2021-08-23 02:15:00,105.64
2021-08-23 02:30:00,105.95
2021-08-23 02:45:00,104.21
2021-08-23 03:00:00,104.69
2021-08-23 03:15:00,105.06
2021-08-23 03:30:00,104.93
2021-08-23 03:45:00,105.38
2021-08-23 04:00:00,104.71
2021-08-23 04:15:00,105.1
2021-08-23 04:30:00,105.47
2021-08-23 04:45:00,104.3
2021-08-23 05:00:00,104.49
2021-08-23 05:15:00,103.99
2021-08-23 05:30:00,104.25
2021-08-23 05:45:00,105.19
2021-08-23 06:00:00,105.06
2021-08-23 06:15:00,103.42
2021-08-23 06:30:00,103.86
2021-08-23 06:45:00,103.33
2021-08-23 07:00:00,104.54
2021-08-23 07:15:00,278.0
2021-08-23 07:30:00,360.0
2021-08-23 07:45:00,408.0
2021-08-23 08:00:00,171.0
2021-08-23 08:15:00,71.26
2021-08-23 08:30:00,100.89
2021-08-23 08:45:00,105.54
2021-08-23 09:00:00,106.29
2021-08-23 09:15:00,105.45
2021-08-23 09:30:00,105.6
2021-08-23 09:45:00,105.43
2021-08-23 10:00:00,106.4
2021-08-23 10:15:00,104.67
2021-08-23 10:30:00,104.6
2021-08-23 10:45:00,104.01
2021-08-23 11:00:00,104.78
2021-08-23 11:15:00,103.97
2021-08-23 11:30:00,102.62
2021-08-23 11:45:00,107.4
2021-08-23 12:00:00,166.0
2021-08-23 12:15:00,208.0
2021-08-23 12:30:00,266.0
2021-08-23 12:45:00,333.0
2021-08-23 13:00:00,385.0
2021-08-23 13:15:00,364.0
2021-08-23 13:30:00,335.0
2021-08-23 13:45:00,295.0
2021-08-23 14:00:00,246.0
2021-08-23 14:15:00,103.86
2021-08-23 14:30:00,104.93
2021-08-23 14:45:00,106.14
2021-08-23 15:00:00,105.47
2021-08-23 15:15:00,105.8
2021-08-23 15:30:00,105.38
2021-08-23 15:45:00,105.8
2021-08-23 16:00:00,104.8
2021-08-23 16:15:00,104.82
2021-08-23 16:30:00,106.72
2021-08-23 16:45:00,105.6
2021-08-23 17:00:00,105.52
2021-08-23 17:15:00,105.0
2021-08-23 17:30:00,104.34
2021-08-23 17:45:00,106.1
2021-08-23 18:00:00,104.82
2021-08-23 18:15:00,342.0
2021-08-23 18:30:00,254.0
2021-08-23 18:45:00,123.17
2021-08-23 19:00:00,114.39
2021-08-23 19:15:00,101.84
2021-08-23 19:30:00,103.46
2021-08-23 19:45:00,103.97
2021-08-23 20:00:00,103.33
2021-08-23 20:15:00,103.99
2021-08-23 20:30:00,103.86
2021-08-23 20:45:00,103.57
2021-08-23 21:00:00,103.9
2021-08-23 21:15:00,103.99
2021-08-23 21:30:00,104.04
2021-08-23 21:45:00,104.52
2021-08-23 22:00:00,105.45
2021-08-23 22:15:00,104.45
2021-08-23 22:30:00,104.04
2021-08-23 22:45:00,104.47
2021-08-23 23:00:00,105.23
2021-08-23 23:15:00,103.79
2021-08-23 23:30:00,104.36
2021-08-23 23:45:00,105.28
2021-08-24 00:00:00,105.0
2021-08-24 00:15:00,104.14
2021-08-24 00:30:00,105.13
2021-08-24 00:45:00,104.56
2021-08-24 01:00:00,104.69
2021-08-24 01:15:00,104.21
2021-08-24 01:30:00,104.84
2021-08-24 01:45:00,104.67
2021-08-24 02:00:00,104.54
2021-08-24 02:15:00,104.27
2021-08-24 02:30:00,103.81
2021-08-24 02:45:00,104.71
2021-08-24 03:00:00,105.36
2021-08-24 03:15:00,103.88
2021-08-24 03:30:00,105.64
2021-08-24 03:45:00,103.81
2021-08-24 04:00:00,104.08
2021-08-24 04:15:00,103.77
2021-08-24 04:30:00,104.19
2021-08-24 04:45:00,105.38
2021-08-24 05:00:00,104.04
2021-08-24 05:15:00,104.49
2021-08-24 05:30:00,104.32
2021-08-24 05:45:00,104.1
2021-08-24 06:00:00,104.84
2021-08-24 06:15:00,104.69
2021-08-24 06:30:00,105.06
2021-08-24 06:45:00,103.59
2021-08-24 07:00:00,105.52
2021-08-24 07:15:00,291.0
2021-08-24 07:30:00,363.0
2021-08-24 07:45:00,371.0
2021-08-24 08:00:00,389.0
2021-08-24 08:15:00,75.97
2021-08-24 08:30:00,104.52
2021-08-24 08:45:00,111.3
2021-08-24 09:00:00,105.25
2021-08-24 09:15:00,105.95
2021-08-24 09:30:00,104.69
2021-08-24 09:45:00,104.45
2021-08-24 10:00:00,105.13
2021-08-24 10:15:00,105.08
2021-08-24 10:30:00,104.8
2021-08-24 10:45:00,104.43
2021-08-24 11:00:00,104.93
2021-08-24 11:15:00,102.91
2021-08-24 11:30:00,185.0
2021-08-24 11:45:00,228.0
2021-08-24 12:00:00,315.0
2021-08-24 12:15:00,354.0
2021-08-24 12:30:00,393.0
2021-08-24 12:45:00,405.0
2021-08-24 13:00:00,387.0
2021-08-24 13:15:00,381.0
2021-08-24 13:30:00,387.0
2021-08-24 13:45:00,402.0
2021-08-24 14:00:00,451.0
2021-08-24 14:15:00,396.0
2021-08-24 14:30:00,387.0
2021-08-24 14:45:00,282.0
2021-08-24 15:00:00,207.0
2021-08-24 15:15:00,200.0
2021-08-24 15:30:00,178.0
2021-08-24 15:45:00,192.0
2021-08-24 16:00:00,176.0
2021-08-24 16:15:00,171.0
2021-08-24 16:30:00,161.21
2021-08-24 16:45:00,155.93
2021-08-24 17:00:00,144.77
2021-08-24 17:15:00,139.39
2021-08-24 17:30:00,161.12
2021-08-24 17:45:00,173.0
2021-08-24 18:00:00,175.0
2021-08-24 18:15:00,160.35
2021-08-24 18:30:00,166.0
2021-08-24 18:45:00,173.0
2021-08-24 19:00:00,215.0
2021-08-24 19:15:00,291.0
2021-08-24 19:30:00,201.0
2021-08-24 19:45:00,127.61
2021-08-24 20:00:00,105.38
2021-08-24 20:15:00,103.48
2021-08-24 20:30:00,103.13
2021-08-24 20:45:00,104.01
2021-08-24 21:00:00,103.06
2021-08-24 21:15:00,104.3
2021-08-24 21:30:00,104.14
2021-08-24 21:45:00,103.38
2021-08-24 22:00:00,104.34
2021-08-24 22:15:00,104.41
2021-08-24 22:30:00,103.86
2021-08-24 22:45:00,103.26
2021-08-24 23:00:00,103.84
2021-08-24 23:15:00,102.64
2021-08-24 23:30:00,104.12
2021-08-24 23:45:00,103.73
2021-08-25 00:00:00,104.3
2021-08-25 00:15:00,102.86
2021-08-25 00:30:00,103.0
2021-08-25 00:45:00,103.44
2021-08-25 01:00:00,105.28
2021-08-25 01:15:00,104.25
2021-08-25 01:30:00,103.79
2021-08-25 01:45:00,103.66
2021-08-25 02:00:00,103.88
2021-08-25 02:15:00,103.97
2021-08-25 02:30:00,104.41
2021-08-25 02:45:00,105.23
2021-08-25 03:00:00,104.56
2021-08-25 03:15:00,103.95
2021-08-25 03:30:00,104.27
2021-08-25 03:45:00,103.42
2021-08-25 04:00:00,104.1
2021-08-25 04:15:00,103.95
2021-08-25 04:30:00,103.81
2021-08-25 04:45:00,104.3
2021-08-25 05:00:00,104.97
2021-08-25 05:15:00,104.45
2021-08-25 05:30:00,105.04
2021-08-25 05:45:00,103.97
2021-08-25 06:00:00,103.95
2021-08-25 06:15:00,104.67
2021-08-25 06:30:00,104.23
2021-08-25 06:45:00,104.63
2021-08-25 07:00:00,103.64
2021-08-25 07:15:00,278.0
2021-08-25 07:30:00,257.0
2021-08-25 07:45:00,398.0
2021-08-25 08:00:00,409.0
2021-08-25 08:15:00,107.72
2021-08-25 08:30:00,110.25
2021-08-25 08:45:00,102.31
2021-08-25 09:00:00,106.93
2021-08-25 09:15:00,106.05
2021-08-25 09:30:00,104.93
2021-08-25 09:45:00,105.62
2021-08-25 10:00:00,104.52
2021-08-25 10:15:00,104.38
2021-08-25 10:30:00,104.86
2021-08-25 10:45:00,104.34
2021-08-25 11:00:00,103.95
2021-08-25 11:15:00,104.01
2021-08-25 11:30:00,103.62
2021-08-25 11:45:00,157.43
2021-08-25 12:00:00,252.0
2021-08-25 12:15:00,306.0
2021-08-25 12:30:00,373.0
2021-08-25 12:45:00,351.0
2021-08-25 13:00:00,379.0
2021-08-25 13:15:00,377.0
2021-08-25 13:30:00,315.0
2021-08-25 13:45:00,358.0
2021-08-25 14:00:00,300.0
2021-08-25 14:15:00,255.0
2021-08-25 14:30:00,257.0
2021-08-25 14:45:00,339.0
2021-08-25 15:00:00,431.0
2021-08-25 15:15:00,403.0
2021-08-25 15:30:00,409.0
2021-08-25 15:45:00,378.0
2021-08-25 16:00:00,354.0
2021-08-25 16:15:00,355.0
2021-08-25 16:30:00,323.0
2021-08-25 16:45:00,333.0
2021-08-25 17:00:00,328.0
2021-08-25 17:15:00,303.0
2021-08-25 17:30:00,294.0
2021-08-25 17:45:00,294.0
2021-08-25 18:00:00,297.0
2021-08-25 18:15:00,372.0
2021-08-25 18:30:00,388.0
2021-08-25 18:45:00,378.0
2021-08-25 19:00:00,289.0
2021-08-25 19:15:00,143.61
2021-08-25 19:30:00,102.91
2021-08-25 19:45:00,106.4
2021-08-25 20:00:00,105.9
2021-08-25 20:15:00,106.78
2021-08-25 20:30:00,106.4
2021-08-25 20:45:00,106.33
2021-08-25 21:00:00,107.1
2021-08-25 21:15:00,106.07
2021-08-25 21:30:00,106.18
2021-08-25 21:45:00,106.25
2021-08-25 22:00:00,106.59
2021-08-25 22:15:00,106.7
2021-08-25 22:30:00,106.53
2021-08-25 22:45:00,103.53
2021-08-25 23:00:00,104.27
2021-08-25 23:15:00,103.51
2021-08-25 23:30:00,104.64
2021-08-25 23:45:00,103.93
2021-08-26 00:00:00,103.46
2021-08-26 00:15:00,105.13
2021-08-26 00:30:00,104.25
2021-08-26 00:45:00,105.69
2021-08-26 01:00:00,104.45
2021-08-26 01:15:00,104.12
2021-08-26 01:30:00,104.91
2021-08-26 01:45:00,104.12
2021-08-26 02:00:00,104.89
2021-08-26 02:15:00,104.21
2021-08-26 02:30:00,104.45
2021-08-26 02:45:00,104.91
2021-08-26 03:00:00,104.8
2021-08-26 03:15:00,104.01
2021-08-26 03:30:00,104.47
2021-08-26 03:45:00,104.49
2021-08-26 04:00:00,104.58
2021-08-26 04:15:00,105.17
2021-08-26 04:30:00,105.69
2021-08-26 04:45:00,105.1
2021-08-26 05:00:00,103.7
2021-08-26 05:15:00,105.69
2021-08-26 05:30:00,105.41
2021-08-26 05:45:00,104.86
2021-08-26 06:00:00,105.13
2021-08-26 06:15:00,104.34
2021-08-26 06:30:00,106.33
2021-08-26 06:45:00,105.25
2021-08-26 07:00:00,105.71
2021-08-26 07:15:00,279.0
2021-08-26 07:30:00,263.0
2021-08-26 07:45:00,408.0
2021-08-26 08:00:00,253.0
2021-08-26 08:15:00,324.0
2021-08-26 08:30:00,83.71
2021-08-26 08:45:00,105.82
2021-08-26 09:00:00,108.9
2021-08-26 09:15:00,102.64
2021-08-26 09:30:00,104.8
2021-08-26 09:45:00,104.05
2021-08-26 10:00:00,103.68
2021-08-26 10:15:00,248.0
2021-08-26 10:30:00,265.0
2021-08-26 10:45:00,186.0
2021-08-26 11:00:00,159.38
2021-08-26 11:15:00,182.0
2021-08-26 11:30:00,203.0
2021-08-26 11:45:00,235.0
2021-08-26 12:00:00,262.0
2021-08-26 12:15:00,292.0
2021-08-26 12:30:00,351.0
2021-08-26 12:45:00,415.0
2021-08-26 13:00:00,381.0
2021-08-26 13:15:00,398.0
2021-08-26 13:30:00,360.56
2021-08-26 13:45:00,407.0
2021-08-26 14:00:00,398.0
2021-08-26 14:15:00,98.82
2021-08-26 14:30:00,102.66
2021-08-26 14:45:00,106.27
2021-08-26 15:00:00,106.25
2021-08-26 15:15:00,105.13
2021-08-26 15:30:00,204.0
2021-08-26 15:45:00,237.0
2021-08-26 16:00:00,222.0
2021-08-26 16:15:00,203.0
2021-08-26 16:30:00,158.26
2021-08-26 16:45:00,176.0
2021-08-26 17:00:00,174.0
2021-08-26 17:15:00,150.11
2021-08-26 17:30:00,135.05
2021-08-26 17:45:00,119.81
2021-08-26 18:00:00,106.93
2021-08-26 18:15:00,319.0
2021-08-26 18:30:00,322.0
2021-08-26 18:45:00,200.0
2021-08-26 19:00:00,166.0
2021-08-26 19:15:00,124.68
2021-08-26 19:30:00,108.84
2021-08-26 19:45:00,104.38
2021-08-26 20:00:00,104.19
2021-08-26 20:15:00,103.75
2021-08-26 20:30:00,102.66
2021-08-26 20:45:00,105.08
2021-08-26 21:00:00,104.05
2021-08-26 21:15:00,106.78
2021-08-26 21:30:00,105.25
2021-08-26 21:45:00,105.82
2021-08-26 22:00:00,104.45
2021-08-26 22:15:00,104.63
2021-08-26 22:30:00,103.97
2021-08-26 22:45:00,105.6
2021-08-26 23:00:00,104.6
2021-08-26 23:15:00,103.7
2021-08-26 23:30:00,103.44
2021-08-26 23:45:00,105.08
2021-08-27 00:00:00,105.19
2021-08-27 00:15:00,105.45
2021-08-27 00:30:00,104.71
2021-08-27 00:45:00,105.06
2021-08-27 01:00:00,104.71
2021-08-27 01:15:00,104.75
2021-08-27 01:30:00,104.56
2021-08-27 01:45:00,104.97
2021-08-27 02:00:00,103.59
2021-08-27 02:15:00,103.66
2021-08-27 02:30:00,105.45
2021-08-27 02:45:00,104.58
2021-08-27 03:00:00,105.36
2021-08-27 03:15:00,105.14
2021-08-27 03:30:00,104.73
2021-08-27 03:45:00,104.14
2021-08-27 04:00:00,104.38
2021-08-27 04:15:00,104.54
2021-08-27 04:30:00,105.58
2021-08-27 04:45:00,105.06
2021-08-27 05:00:00,104.82
2021-08-27 05:15:00,105.66
2021-08-27 05:30:00,103.86
2021-08-27 05:45:00,105.41
2021-08-27 06:00:00,104.67
2021-08-27 06:15:00,104.08
2021-08-27 06:30:00,104.52
2021-08-27 06:45:00,104.54
2021-08-27 07:00:00,104.84
2021-08-27 07:15:00,80.58
2021-08-27 07:30:00,80.66
2021-08-27 07:45:00,78.92
2021-08-27 08:00:00,104.73
2021-08-27 08:15:00,104.23
2021-08-27 08:30:00,106.42
2021-08-27 08:45:00,106.95
2021-08-27 09:00:00,105.1
2021-08-27 09:15:00,105.62
2021-08-27 09:30:00,106.46
2021-08-27 09:45:00,106.5
2021-08-27 10:00:00,105.86
2021-08-27 10:15:00,324.0
2021-08-27 10:30:00,403.0
2021-08-27 10:45:00,319.0
2021-08-27 11:00:00,283.0
2021-08-27 11:15:00,271.0
2021-08-27 11:30:00,308.0
2021-08-27 11:45:00,350.0
2021-08-27 12:00:00,402.0
2021-08-27 12:15:00,381.0
2021-08-27 12:30:00,409.0
2021-08-27 12:45:00,
2021-08-27 13:00:00,
2021-08-27 13:15:00,
2021-08-27 13:30:00,
2021-08-27 13:45:00,
2021-08-27 14:00:00,
2021-08-27 14:15:00,
2021-08-27 14:30:00,
2021-08-27 14:45:00,
2021-08-27 15:00:00,
2021-08-27 15:15:00,
2021-08-27 15:30:00,
2021-08-27 15:45:00,
2021-08-27 16:00:00,
2021-08-27 16:15:00,
2021-08-27 16:30:00,
2021-08-27 16:45:00,
2021-08-27 17:00:00,
2021-08-27 17:15:00,
2021-08-27 17:30:00,
2021-08-27 17:45:00,
2021-08-27 18:00:00,
2021-08-27 18:15:00,
2021-08-27 18:30:00,
2021-08-27 18:45:00,
2021-08-27 19:00:00,
2021-08-27 19:15:00,
2021-08-27 19:30:00,
2021-08-27 19:45:00,
2021-08-27 20:00:00,121.76
2021-08-27 20:15:00,121.51
2021-08-27 20:30:00,118.11
2021-08-27 20:45:00,115.17
2021-08-27 21:00:00,114.48
2021-08-27 21:15:00,106.29
2021-08-27 21:30:00,104.64
2021-08-27 21:45:00,104.49
2021-08-27 22:00:00,104.04
2021-08-27 22:15:00,105.0
2021-08-27 22:30:00,104.91
2021-08-27 22:45:00,105.06
2021-08-27 23:00:00,104.78
2021-08-27 23:15:00,105.43
2021-08-27 23:30:00,104.89
2021-08-27 23:45:00,105.71
2021-08-28 00:00:00,103.62
2021-08-28 00:15:00,105.32
2021-08-28 00:30:00,103.42
2021-08-28 00:45:00,105.56
2021-08-28 01:00:00,103.93
2021-08-28 01:15:00,104.95
2021-08-28 01:30:00,104.6
2021-08-28 01:45:00,105.49
2021-08-28 02:00:00,104.86
2021-08-28 02:15:00,103.99
2021-08-28 02:30:00,104.58
2021-08-28 02:45:00,104.89
2021-08-28 03:00:00,105.45
2021-08-28 03:15:00,105.02
2021-08-28 03:30:00,104.75
2021-08-28 03:45:00,104.71
2021-08-28 04:00:00,104.21
2021-08-28 04:15:00,104.73
2021-08-28 04:30:00,104.69
2021-08-28 04:45:00,103.68
2021-08-28 05:00:00,104.05
2021-08-28 05:15:00,104.69
2021-08-28 05:30:00,105.17
2021-08-28 05:45:00,105.32
2021-08-28 06:00:00,104.27
2021-08-28 06:15:00,104.16
2021-08-28 06:30:00,104.58
2021-08-28 06:45:00,104.52
2021-08-28 07:00:00,104.6
2021-08-28 07:15:00,104.58
2021-08-28 07:30:00,104.54
2021-08-28 07:45:00,104.47
2021-08-28 08:00:00,104.34
2021-08-28 08:15:00,105.21
2021-08-28 08:30:00,104.97
2021-08-28 08:45:00,105.14
2021-08-28 09:00:00,104.41
2021-08-28 09:15:00,104.95
2021-08-28 09:30:00,103.9
2021-08-28 09:45:00,163.48
2021-08-28 10:00:00,253.0
2021-08-28 10:15:00,462.0
2021-08-28 10:30:00,398.0
2021-08-28 10:45:00,391.0
2021-08-28 11:00:00,314.0
2021-08-28 11:15:00,309.0
2021-08-28 11:30:00,271.0
2021-08-28 11:45:00,320.0
2021-08-28 12:00:00,370.0
2021-08-28 12:15:00,389.0
2021-08-28 12:30:00,404.0
2021-08-28 12:45:00,396.0
2021-08-28 13:00:00,400.0
2021-08-28 13:15:00,401.0
2021-08-28 13:30:00,384.0
2021-08-28 13:45:00,406.0
2021-08-28 14:00:00,385.0
2021-08-28 14:15:00,108.46
2021-08-28 14:30:00,110.39
2021-08-28 14:45:00,104.34
2021-08-28 15:00:00,140.56
2021-08-28 15:15:00,267.0
2021-08-28 15:30:00,242.0
2021-08-28 15:45:00,240.0
2021-08-28 16:00:00,218.0
2021-08-28 16:15:00,200.0
2021-08-28 16:30:00,209.0
2021-08-28 16:45:00,216.0
2021-08-28 17:00:00,197.0
2021-08-28 17:15:00,177.0
2021-08-28 17:30:00,171.0
2021-08-28 17:45:00,158.03
2021-08-28 18:00:00,148.44
2021-08-28 18:15:00,290.0
2021-08-28 18:30:00,267.0
2021-08-28 18:45:00,206.0
2021-08-28 19:00:00,184.0
2021-08-28 19:15:00,143.58
2021-08-28 19:30:00,123.64
2021-08-28 19:45:00,120.0
2021-08-28 20:00:00,104.36
2021-08-28 20:15:00,103.66
2021-08-28 20:30:00,105.08
2021-08-28 20:45:00,105.17
2021-08-28 21:00:00,104.52
2021-08-28 21:15:00,105.34
2021-08-28 21:30:00,104.52
2021-08-28 21:45:00,104.47
2021-08-28 22:00:00,104.23
2021-08-28 22:15:00,105.25
2021-08-28 22:30:00,105.8
2021-08-28 22:45:00,105.56
2021-08-28 23:00:00,105.47
2021-08-28 23:15:00,105.28
2021-08-28 23:30:00,103.79
2021-08-28 23:45:00,103.95
2021-08-29 00:00:00,103.73
2021-08-29 00:15:00,104.45
2021-08-29 00:30:00,105.17
2021-08-29 00:45:00,105.73
2021-08-29 01:00:00,104.91
2021-08-29 01:15:00,105.17
2021-08-29 01:30:00,104.23
2021-08-29 01:45:00,108.33
2021-08-29 02:00:00,102.86
2021-08-29 02:15:00,103.75
2021-08-29 02:30:00,105.28
2021-08-29 02:45:00,105.64
2021-08-29 03:00:00,105.43
2021-08-29 03:15:00,105.64
2021-08-29 03:30:00,106.68
2021-08-29 03:45:00,106.14
2021-08-29 04:00:00,106.27
2021-08-29 04:15:00,104.08
2021-08-29 04:30:00,103.73
2021-08-29 04:45:00,103.38
2021-08-29 05:00:00,103.26
2021-08-29 05:15:00,103.97
2021-08-29 05:30:00,102.75
2021-08-29 05:45:00,105.34
2021-08-29 06:00:00,105.9
2021-08-29 06:15:00,106.25
2021-08-29 06:30:00,106.05
2021-08-29 06:45:00,104.45
2021-08-29 07:00:00,105.97
2021-08-29 07:15:00,79.0
2021-08-29 07:30:00,79.78
2021-08-29 07:45:00,85.89
2021-08-29 08:00:00,106.48
2021-08-29 08:15:00,106.01
2021-08-29 08:30:00,106.25
2021-08-29 08:45:00,106.98
2021-08-29 09:00:00,106.18
2021-08-29 09:15:00,105.95
2021-08-29 09:30:00,105.77
2021-08-29 09:45:00,106.27
2021-08-29 10:00:00,106.2
2021-08-29 10:15:00,318.0
2021-08-29 10:30:00,400.0
2021-08-29 10:45:00,328.0
2021-08-29 11:00:00,251.0
2021-08-29 11:15:00,232.0
2021-08-29 11:30:00,238.0
2021-08-29 11:45:00,257.0
2021-08-29 12:00:00,314.0
2021-08-29 12:15:00,292.0
2021-08-29 12:30:00,322.0
2021-08-29 12:45:00,327.0
2021-08-29 13:00:00,383.0
2021-08-29 13:15:00,391.0
2021-08-29 13:30:00,392.0
2021-08-29 13:45:00,403.0
2021-08-29 14:00:00,377.0
2021-08-29 14:15:00,101.01
2021-08-29 14:30:00,100.21
2021-08-29 14:45:00,103.93
2021-08-29 15:00:00,103.39
2021-08-29 15:15:00,142.73
2021-08-29 15:30:00,266.0
2021-08-29 15:45:00,230.0
2021-08-29 16:00:00,203.0
2021-08-29 16:15:00,190.0
2021-08-29 16:30:00,238.0
2021-08-29 16:45:00,172.0
2021-08-29 17:00:00,166.0
2021-08-29 17:15:00,147.81
2021-08-29 17:30:00,148.13
2021-08-29 17:45:00,136.96
2021-08-29 18:00:00,122.63
2021-08-29 18:15:00,346.0
2021-08-29 18:30:00,281.0
2021-08-29 18:45:00,186.0
2021-08-29 19:00:00,129.11
2021-08-29 19:15:00,142.06
2021-08-29 19:30:00,130.18
2021-08-29 19:45:00,114.95
2021-08-29 20:00:00,109.52
2021-08-29 20:15:00,103.62
2021-08-29 20:30:00,104.47
2021-08-29 20:45:00,105.04
2021-08-29 21:00:00,104.84
2021-08-29 21:15:00,104.25
2021-08-29 21:30:00,104.82
2021-08-29 21:45:00,104.05
2021-08-29 22:00:00,104.04
2021-08-29 22:15:00,104.84
2021-08-29 22:30:00,104.64
2021-08-29 22:45:00,104.25
2021-08-29 23:00:00,105.19
2021-08-29 23:15:00,104.52
2021-08-29 23:30:00,104.91
2021-08-29 23:45:00,105.08
2021-08-30 00:00:00,104.45
2021-08-30 00:15:00,104.75
2021-08-30 00:30:00,104.36
2021-08-30 00:45:00,105.21
2021-08-30 01:00:00,105.66
2021-08-30 01:15:00,105.02
2021-08-30 01:30:00,104.21
2021-08-30 01:45:00,104.47
2021-08-30 02:00:00,104.78
2021-08-30 02:15:00,104.75
2021-08-30 02:30:00,104.25
2021-08-30 02:45:00,104.71
2021-08-30 03:00:00,104.54
2021-08-30 03:15:00,106.2
2021-08-30 03:30:00,105.02
2021-08-30 03:45:00,106.18
2021-08-30 04:00:00,104.78
2021-08-30 04:15:00,104.58
2021-08-30 04:30:00,105.66
2021-08-30 04:45:00,104.43
2021-08-30 05:00:00,105.56
2021-08-30 05:15:00,104.16
2021-08-30 05:30:00,105.6
2021-08-30 05:45:00,104.93
2021-08-30 06:00:00,104.97
2021-08-30 06:15:00,105.49
2021-08-30 06:30:00,104.47
2021-08-30 06:45:00,104.97
2021-08-30 07:00:00,104.36
2021-08-30 07:15:00,287.0
2021-08-30 07:30:00,78.75
2021-08-30 07:45:00,80.44
2021-08-30 08:00:00,106.18
2021-08-30 08:15:00,105.66
2021-08-30 08:30:00,105.56
2021-08-30 08:45:00,106.23
2021-08-30 09:00:00,106.31
2021-08-30 09:15:00,105.38
2021-08-30 09:30:00,106.07
2021-08-30 09:45:00,106.46
2021-08-30 10:00:00,104.89
2021-08-30 10:15:00,320.0
2021-08-30 10:30:00,404.0
2021-08-30 10:45:00,401.0
2021-08-30 11:00:00,396.0
2021-08-30 11:15:00,395.0
2021-08-30 11:30:00,405.0
2021-08-30 11:45:00,380.0
2021-08-30 12:00:00,329.0
2021-08-30 12:15:00,309.0
2021-08-30 12:30:00,286.0
2021-08-30 12:45:00,296.0
2021-08-30 13:00:00,305.0
2021-08-30 13:15:00,360.0
2021-08-30 13:30:00,348.0
2021-08-30 13:45:00,335.0
2021-08-30 14:00:00,345.0
2021-08-30 14:15:00,101.21
2021-08-30 14:30:00,99.07
2021-08-30 14:45:00,103.75
2021-08-30 15:00:00,103.84
2021-08-30 15:15:00,145.39
2021-08-30 15:30:00,322.0
2021-08-30 15:45:00,264.0
2021-08-30 16:00:00,244.0
2021-08-30 16:15:00,228.0
2021-08-30 16:30:00,230.0
2021-08-30 16:45:00,210.0
2021-08-30 17:00:00,198.0
2021-08-30 17:15:00,195.0
2021-08-30 17:30:00,196.0
2021-08-30 17:45:00,161.82
2021-08-30 18:00:00,142.46
2021-08-30 18:15:00,364.0
2021-08-30 18:30:00,347.0
2021-08-30 18:45:00,220.0
2021-08-30 19:00:00,142.88
2021-08-30 19:15:00,117.93
2021-08-30 19:30:00,105.86
2021-08-30 19:45:00,102.2
2021-08-30 20:00:00,107.08
2021-08-30 20:15:00,103.79
2021-08-30 20:30:00,103.11
2021-08-30 20:45:00,103.81
2021-08-30 21:00:00,103.95
2021-08-30 21:15:00,103.99
2021-08-30 21:30:00,104.36
2021-08-30 21:45:00,103.51
2021-08-30 22:00:00,103.93
2021-08-30 22:15:00,103.09
2021-08-30 22:30:00,104.23
2021-08-30 22:45:00,104.64
2021-08-30 23:00:00,103.42
2021-08-30 23:15:00,104.25
2021-08-30 23:30:00,103.75
2021-08-30 23:45:00,103.88
2021-08-31 00:00:00,102.69
2021-08-31 00:15:00,103.39
2021-08-31 00:30:00,103.9
2021-08-31 00:45:00,103.26
2021-08-31 01:00:00,103.09
2021-08-31 01:15:00,104.8
2021-08-31 01:30:00,104.01
2021-08-31 01:45:00,105.1
2021-08-31 02:00:00,104.1
2021-08-31 02:15:00,104.25
2021-08-31 02:30:00,103.0
2021-08-31 02:45:00,103.55
2021-08-31 03:00:00,104.25
2021-08-31 03:15:00,105.19
2021-08-31 03:30:00,104.34
2021-08-31 03:45:00,104.56
2021-08-31 04:00:00,105.54
2021-08-31 04:15:00,104.89
2021-08-31 04:30:00,105.52
2021-08-31 04:45:00,104.64
2021-08-31 05:00:00,106.27
2021-08-31 05:15:00,104.91
2021-08-31 05:30:00,105.58
2021-08-31 05:45:00,106.53
2021-08-31 06:00:00,106.18
2021-08-31 06:15:00,105.19
2021-08-31 06:30:00,105.36
2021-08-31 06:45:00,105.93
2021-08-31 07:00:00,106.01
2021-08-31 07:15:00,280.0
2021-08-31 07:30:00,358.0
2021-08-31 07:45:00,380.0
2021-08-31 08:00:00,331.0
2021-08-31 08:15:00,309.0
2021-08-31 08:30:00,79.46
2021-08-31 08:45:00,111.59
2021-08-31 09:00:00,105.36
2021-08-31 09:15:00,105.19
2021-08-31 09:30:00,105.13
2021-08-31 09:45:00,104.45
2021-08-31 10:00:00,103.59
2021-08-31 10:15:00,321.0
2021-08-31 10:30:00,367.0
2021-08-31 10:45:00,257.0
2021-08-31 11:00:00,229.0
2021-08-31 11:15:00,232.0
2021-08-31 11:30:00,289.0
2021-08-31 11:45:00,276.0
2021-08-31 12:00:00,250.0
2021-08-31 12:15:00,268.0
2021-08-31 12:30:00,310.0
2021-08-31 12:45:00,334.0
2021-08-31 13:00:00,400.0
2021-08-31 13:15:00,391.0
2021-08-31 13:30:00,371.0
2021-08-31 13:45:00,387.0
2021-08-31 14:00:00,368.0
2021-08-31 14:15:00,91.38
2021-08-31 14:30:00,105.54
2021-08-31 14:45:00,106.01
2021-08-31 15:00:00,105.28
2021-08-31 15:15:00,105.17
2021-08-31 15:30:00,205.0
2021-08-31 15:45:00,229.0
2021-08-31 16:00:00,209.0
2021-08-31 16:15:00,185.0
2021-08-31 16:30:00,179.0
2021-08-31 16:45:00,166.0
2021-08-31 17:00:00,158.07
2021-08-31 17:15:00,146.23
2021-08-31 17:30:00,132.54
2021-08-31 17:45:00,121.95
2021-08-31 18:00:00,105.6
2021-08-31 18:15:00,283.0
2021-08-31 18:30:00,398.0
2021-08-31 18:45:00,307.0
2021-08-31 19:00:00,235.0
2021-08-31 19:15:00,109.88
2021-08-31 19:30:00,105.8
2021-08-31 19:45:00,105.64
2021-08-31 20:00:00,104.16
2021-08-31 20:15:00,104.71
2021-08-31 20:30:00,105.75
2021-08-31 20:45:00,105.1
2021-08-31 21:00:00,104.21
2021-08-31 21:15:00,105.88
2021-08-31 21:30:00,103.35
2021-08-31 21:45:00,103.02
2021-08-31 22:00:00,102.64
2021-08-31 22:15:00,104.67
2021-08-31 22:30:00,106.29
2021-08-31 22:45:00,106.33
2021-08-31 23:00:00,106.12
2021-08-31 23:15:00,106.98
2021-08-31 23:30:00,106.18
2021-08-31 23:45:00,106.23
2021-09-01 00:00:00,105.82
2021-09-01 00:15:00,106.18
2021-09-01 00:30:00,105.25
2021-09-01 00:45:00,105.64
2021-09-01 01:00:00,106.29
2021-09-01 01:15:00,396.0
2021-09-01 01:30:00,406.0
2021-09-01 01:45:00,399.0
2021-09-01 02:00:00,400.0
2021-09-01 02:15:00,400.0
2021-09-01 02:30:00,400.0
2021-09-01 02:45:00,400.0
2021-09-01 03:00:00,401.0
2021-09-01 03:15:00,400.0
2021-09-01 03:30:00,400.0
2021-09-01 03:45:00,400.0
2021-09-01 04:00:00,400.0
2021-09-01 04:15:00,401.0
2021-09-01 04:30:00,401.0
2021-09-01 04:45:00,401.0
2021-09-01 05:00:00,401.0
2021-09-01 05:15:00,401.0
2021-09-01 05:30:00,401.0
2021-09-01 05:45:00,400.0
2021-09-01 06:00:00,401.0
2021-09-01 06:15:00,401.0
2021-09-01 06:30:00,402.0
2021-09-01 06:45:00,403.0
2021-09-01 07:00:00,402.0
2021-09-01 07:15:00,402.0
2021-09-01 07:30:00,400.0
2021-09-01 07:45:00,401.0
2021-09-01 08:00:00,399.0
2021-09-01 08:15:00,399.0
2021-09-01 08:30:00,399.0
2021-09-01 08:45:00,399.0
2021-09-01 09:00:00,399.0
2021-09-01 09:15:00,398.0
2021-09-01 09:30:00,398.0
2021-09-01 09:45:00,398.0
2021-09-01 10:00:00,398.0
2021-09-01 10:15:00,399.0
2021-09-01 10:30:00,398.0
2021-09-01 10:45:00,399.0
2021-09-01 11:00:00,194.0
2021-09-01 11:15:00,268.0
2021-09-01 11:30:00,175.0
2021-09-01 11:45:00,79.7
2021-09-01 12:00:00,107.19
2021-09-01 12:15:00,99.07
2021-09-01 12:30:00,109.34
2021-09-01 12:45:00,111.45
2021-09-01 13:00:00,103.77
2021-09-01 13:15:00,110.48
2021-09-01 13:30:00,192.0
2021-09-01 13:45:00,306.0
2021-09-01 14:00:00,408.0
2021-09-01 14:15:00,102.4
2021-09-01 14:30:00,105.69
2021-09-01 14:45:00,111.22
2021-09-01 15:00:00,103.86
2021-09-01 15:15:00,108.31
2021-09-01 15:30:00,103.62
2021-09-01 15:45:00,103.97
2021-09-01 16:00:00,102.91
2021-09-01 16:15:00,103.39
2021-09-01 16:30:00,105.23
2021-09-01 16:45:00,138.6
2021-09-01 17:00:00,158.32
2021-09-01 17:15:00,132.68
2021-09-01 17:30:00,105.32
2021-09-01 17:45:00,104.6
2021-09-01 18:00:00,104.45
2021-09-01 18:15:00,337.0
2021-09-01 18:30:00,400.0
2021-09-01 18:45:00,274.0
2021-09-01 19:00:00,163.73
2021-09-01 19:15:00,103.73
2021-09-01 19:30:00,106.05
2021-09-01 19:45:00,105.52
2021-09-01 20:00:00,104.1
2021-09-01 20:15:00,107.14
2021-09-01 20:30:00,103.9
2021-09-01 20:45:00,103.13
2021-09-01 21:00:00,104.32
2021-09-01 21:15:00,103.97
2021-09-01 21:30:00,104.41
2021-09-01 21:45:00,104.78
2021-09-01 22:00:00,104.23
2021-09-01 22:15:00,105.34
2021-09-01 22:30:00,106.5
2021-09-01 22:45:00,106.42
2021-09-01 23:00:00,105.69
2021-09-01 23:15:00,105.45
2021-09-01 23:30:00,106.31
2021-09-01 23:45:00,106.12
2021-09-02 00:00:00,105.56
2021-09-02 00:15:00,106.29
2021-09-02 00:30:00,105.47
2021-09-02 00:45:00,105.93
2021-09-02 01:00:00,106.03
2021-09-02 01:15:00,105.71
2021-09-02 01:30:00,106.23
2021-09-02 01:45:00,106.12
2021-09-02 02:00:00,105.1
2021-09-02 02:15:00,105.41
2021-09-02 02:30:00,105.6
2021-09-02 02:45:00,105.45
2021-09-02 03:00:00,105.77
2021-09-02 03:15:00,106.5
2021-09-02 03:30:00,106.38
2021-09-02 03:45:00,105.88
2021-09-02 04:00:00,105.32
2021-09-02 04:15:00,106.31
2021-09-02 04:30:00,106.38
2021-09-02 04:45:00,105.17
2021-09-02 05:00:00,105.77
2021-09-02 05:15:00,106.14
2021-09-02 05:30:00,105.04
2021-09-02 05:45:00,104.67
2021-09-02 06:00:00,105.66
2021-09-02 06:15:00,105.25
2021-09-02 06:30:00,105.73
2021-09-02 06:45:00,105.1
2021-09-02 07:00:00,105.38
2021-09-02 07:15:00,281.0
2021-09-02 07:30:00,371.0
2021-09-02 07:45:00,323.0
2021-09-02 08:00:00,406.0
2021-09-02 08:15:00,258.0
2021-09-02 08:30:00,83.61
2021-09-02 08:45:00,94.69
2021-09-02 09:00:00,104.91
2021-09-02 09:15:00,105.64
2021-09-02 09:30:00,105.71
2021-09-02 09:45:00,106.65
2021-09-02 10:00:00,104.78
2021-09-02 10:15:00,105.82
2021-09-02 10:30:00,104.21
2021-09-02 10:45:00,105.1
2021-09-02 11:00:00,105.84
2021-09-02 11:15:00,105.64
2021-09-02 11:30:00,121.08
2021-09-02 11:45:00,211.0
2021-09-02 12:00:00,248.0
2021-09-02 12:15:00,323.0
2021-09-02 12:30:00,369.0
2021-09-02 12:45:00,318.0
2021-09-02 13:00:00,397.0
2021-09-02 13:15:00,365.0
2021-09-02 13:30:00,332.0
2021-09-02 13:45:00,384.0
2021-09-02 14:00:00,470.0
2021-09-02 14:15:00,418.0
2021-09-02 14:30:00,410.0
2021-09-02 14:45:00,318.0
2021-09-02 15:00:00,275.0
2021-09-02 15:15:00,241.0
2021-09-02 15:30:00,235.0
2021-09-02 15:45:00,274.0
2021-09-02 16:00:00,339.0
2021-09-02 16:15:00,333.0
2021-09-02 16:30:00,356.0
2021-09-02 16:45:00,413.0
2021-09-02 17:00:00,403.0
2021-09-02 17:15:00,364.0
2021-09-02 17:30:00,386.0
2021-09-02 17:45:00,396.0
2021-09-02 18:00:00,407.0
2021-09-02 18:15:00,302.0
2021-09-02 18:30:00,190.0
2021-09-02 18:45:00,114.34
2021-09-02 19:00:00,105.32
2021-09-02 19:15:00,103.97
2021-09-02 19:30:00,106.33
2021-09-02 19:45:00,106.36
2021-09-02 20:00:00,104.34
2021-09-02 20:15:00,104.45
2021-09-02 20:30:00,105.88
2021-09-02 20:45:00,104.73
2021-09-02 21:00:00,104.52
2021-09-02 21:15:00,104.32
2021-09-02 21:30:00,103.73
2021-09-02 21:45:00,105.06
2021-09-02 22:00:00,105.25
2021-09-02 22:15:00,103.86
2021-09-02 22:30:00,105.54
2021-09-02 22:45:00,104.19
2021-09-02 23:00:00,105.66
2021-09-02 23:15:00,105.3
2021-09-02 23:30:00,105.23
2021-09-02 23:45:00,103.88
2021-09-03 00:00:00,104.63
2021-09-03 00:15:00,105.93
2021-09-03 00:30:00,104.64
2021-09-03 00:45:00,105.77
2021-09-03 01:00:00,104.52
2021-09-03 01:15:00,105.06
2021-09-03 01:30:00,104.08
2021-09-03 01:45:00,104.67
2021-09-03 02:00:00,105.0
2021-09-03 02:15:00,104.71
2021-09-03 02:30:00,105.64
2021-09-03 02:45:00,106.25
2021-09-03 03:00:00,105.17
2021-09-03 03:15:00,105.3
2021-09-03 03:30:00,105.0
2021-09-03 03:45:00,105.54
2021-09-03 04:00:00,104.67
2021-09-03 04:15:00,105.13
2021-09-03 04:30:00,105.54
2021-09-03 04:45:00,105.06
2021-09-03 05:00:00,105.9
2021-09-03 05:15:00,104.45
2021-09-03 05:30:00,104.32
2021-09-03 05:45:00,104.25
2021-09-03 06:00:00,105.41
2021-09-03 06:15:00,104.73
2021-09-03 06:30:00,104.56
2021-09-03 06:45:00,106.5
2021-09-03 07:00:00,105.77
2021-09-03 07:15:00,303.0
2021-09-03 07:30:00,389.0
2021-09-03 07:45:00,377.0
2021-09-03 08:00:00,444.0
2021-09-03 08:15:00,137.38
2021-09-03 08:30:00,113.17
2021-09-03 08:45:00,93.72
2021-09-03 09:00:00,103.18
2021-09-03 09:15:00,104.95
2021-09-03 09:30:00,104.43
2021-09-03 09:45:00,104.16
2021-09-03 10:00:00,104.04
2021-09-03 10:15:00,104.43
2021-09-03 10:30:00,103.88
2021-09-03 10:45:00,137.46
2021-09-03 11:00:00,247.0
2021-09-03 11:15:00,354.0
2021-09-03 11:30:00,406.0
2021-09-03 11:45:00,350.0
2021-09-03 12:00:00,346.0
2021-09-03 12:15:00,364.0
2021-09-03 12:30:00,391.0
2021-09-03 12:45:00,394.0
2021-09-03 13:00:00,389.0
2021-09-03 13:15:00,343.0
2021-09-03 13:30:00,346.0
2021-09-03 13:45:00,276.0
2021-09-03 14:00:00,296.0
2021-09-03 14:15:00,309.0
2021-09-03 14:30:00,344.0
2021-09-03 14:45:00,401.0
2021-09-03 15:00:00,380.0
2021-09-03 15:15:00,373.0
2021-09-03 15:30:00,353.0
2021-09-03 15:45:00,351.0
2021-09-03 16:00:00,327.0
2021-09-03 16:15:00,362.0
2021-09-03 16:30:00,344.0
2021-09-03 16:45:00,341.0
2021-09-03 17:00:00,392.0
2021-09-03 17:15:00,408.0
2021-09-03 17:30:00,374.8
2021-09-03 17:45:00,290.0
2021-09-03 18:00:00,175.0
2021-09-03 18:15:00,136.76
2021-09-03 18:30:00,120.84
2021-09-03 18:45:00,108.1
2021-09-03 19:00:00,102.89
2021-09-03 19:15:00,104.63
2021-09-03 19:30:00,104.52
2021-09-03 19:45:00,104.52
2021-09-03 20:00:00,101.97
2021-09-03 20:15:00,106.93
2021-09-03 20:30:00,105.25
2021-09-03 20:45:00,105.45
2021-09-03 21:00:00,106.89
2021-09-03 21:15:00,103.46
2021-09-03 21:30:00,103.06
2021-09-03 21:45:00,103.55
2021-09-03 22:00:00,103.26
2021-09-03 22:15:00,103.29
2021-09-03 22:30:00,104.38
2021-09-03 22:45:00,104.89
2021-09-03 23:00:00,104.3
2021-09-03 23:15:00,103.35
2021-09-03 23:30:00,103.93
2021-09-03 23:45:00,103.75
2021-09-04 00:00:00,104.82
2021-09-04 00:15:00,103.53
2021-09-04 00:30:00,103.62
2021-09-04 00:45:00,104.97
2021-09-04 01:00:00,103.44
2021-09-04 01:15:00,103.29
2021-09-04 01:30:00,104.8
2021-09-04 01:45:00,104.25
2021-09-04 02:00:00,103.59
2021-09-04 02:15:00,105.28
2021-09-04 02:30:00,105.21
2021-09-04 02:45:00,105.21
2021-09-04 03:00:00,104.21
2021-09-04 03:15:00,103.48
2021-09-04 03:30:00,103.75
2021-09-04 03:45:00,104.8
2021-09-04 04:00:00,106.1
2021-09-04 04:15:00,104.23
2021-09-04 04:30:00,105.47
2021-09-04 04:45:00,105.64
2021-09-04 05:00:00,104.82
2021-09-04 05:15:00,103.57
2021-09-04 05:30:00,104.04
2021-09-04 05:45:00,105.04
2021-09-04 06:00:00,105.19
2021-09-04 06:15:00,105.69
2021-09-04 06:30:00,105.3
2021-09-04 06:45:00,81.45
2021-09-04 07:00:00,80.69
2021-09-04 07:15:00,323.0
2021-09-04 07:30:00,410.0
2021-09-04 07:45:00,382.0
2021-09-04 08:00:00,398.0
2021-09-04 08:15:00,254.0
2021-09-04 08:30:00,71.33
2021-09-04 08:45:00,107.53
2021-09-04 09:00:00,104.73
2021-09-04 09:15:00,104.82
2021-09-04 09:30:00,104.67
2021-09-04 09:45:00,105.52
2021-09-04 10:00:00,104.8
2021-09-04 10:15:00,314.0
2021-09-04 10:30:00,334.0
2021-09-04 10:45:00,253.0
2021-09-04 11:00:00,230.0
2021-09-04 11:15:00,226.0
2021-09-04 11:30:00,257.0
2021-09-04 11:45:00,355.0
2021-09-04 12:00:00,331.0
2021-09-04 12:15:00,381.0
2021-09-04 12:30:00,290.0
2021-09-04 12:45:00,301.0
2021-09-04 13:00:00,315.0
2021-09-04 13:15:00,366.0
2021-09-04 13:30:00,396.0
2021-09-04 13:45:00,398.0
2021-09-04 14:00:00,379.0
2021-09-04 14:15:00,104.19
2021-09-04 14:30:00,97.77
2021-09-04 14:45:00,106.29
2021-09-04 15:00:00,105.73
2021-09-04 15:15:00,229.0
2021-09-04 15:30:00,256.0
2021-09-04 15:45:00,234.0
2021-09-04 16:00:00,225.0
2021-09-04 16:15:00,233.0
2021-09-04 16:30:00,206.0
2021-09-04 16:45:00,186.0
2021-09-04 17:00:00,190.0
2021-09-04 17:15:00,173.0
2021-09-04 17:30:00,150.7
2021-09-04 17:45:00,143.07
2021-09-04 18:00:00,125.96
2021-09-04 18:15:00,316.0
2021-09-04 18:30:00,302.0
2021-09-04 18:45:00,191.0
2021-09-04 19:00:00,180.0
2021-09-04 19:15:00,144.56
2021-09-04 19:30:00,137.29
2021-09-04 19:45:00,144.63
2021-09-04 20:00:00,109.63
2021-09-04 20:15:00,105.99
2021-09-04 20:30:00,105.47
2021-09-04 20:45:00,105.8
2021-09-04 21:00:00,106.36
2021-09-04 21:15:00,106.38
2021-09-04 21:30:00,106.48
2021-09-04 21:45:00,106.05
2021-09-04 22:00:00,105.97
2021-09-04 22:15:00,105.08
2021-09-04 22:30:00,105.19
2021-09-04 22:45:00,105.56
2021-09-04 23:00:00,105.69
2021-09-04 23:15:00,106.48
2021-09-04 23:30:00,106.18
2021-09-04 23:45:00,106.16
2021-09-05 00:00:00,105.62
2021-09-05 00:15:00,105.47
2021-09-05 00:30:00,106.36
2021-09-05 00:45:00,106.18
2021-09-05 01:00:00,105.97
2021-09-05 01:15:00,108.41
2021-09-05 01:30:00,104.23
2021-09-05 01:45:00,104.1
2021-09-05 02:00:00,103.24
2021-09-05 02:15:00,107.59
2021-09-05 02:30:00,104.32
2021-09-05 02:45:00,106.63
2021-09-05 03:00:00,104.19
2021-09-05 03:15:00,105.32
2021-09-05 03:30:00,104.52
2021-09-05 03:45:00,104.49
2021-09-05 04:00:00,105.1
2021-09-05 04:15:00,105.41
2021-09-05 04:30:00,105.52
2021-09-05 04:45:00,105.56
2021-09-05 05:00:00,105.3
2021-09-05 05:15:00,105.9
2021-09-05 05:30:00,105.19
2021-09-05 05:45:00,105.8
2021-09-05 06:00:00,105.36
2021-09-05 06:15:00,105.06
2021-09-05 06:30:00,106.1
2021-09-05 06:45:00,104.05
2021-09-05 07:00:00,104.84
2021-09-05 07:15:00,279.0
2021-09-05 07:30:00,171.0
2021-09-05 07:45:00,331.0
2021-09-05 08:00:00,391.0
2021-09-05 08:15:00,373.0
2021-09-05 08:30:00,77.07
2021-09-05 08:45:00,102.84
2021-09-05 09:00:00,107.89
2021-09-05 09:15:00,106.57
2021-09-05 09:30:00,106.53
2021-09-05 09:45:00,106.33
2021-09-05 10:00:00,106.2
2021-09-05 10:15:00,349.0
2021-09-05 10:30:00,405.0
2021-09-05 10:45:00,290.0
2021-09-05 11:00:00,229.0
2021-09-05 11:15:00,228.0
2021-09-05 11:30:00,247.0
2021-09-05 11:45:00,252.0
2021-09-05 12:00:00,297.0
2021-09-05 12:15:00,336.0
2021-09-05 12:30:00,380.0
2021-09-05 12:45:00,385.0
2021-09-05 13:00:00,397.0
2021-09-05 13:15:00,390.0
2021-09-05 13:30:00,401.0
2021-09-05 13:45:00,397.0
2021-09-05 14:00:00,397.0
2021-09-05 14:15:00,108.88
2021-09-05 14:30:00,108.58
2021-09-05 14:45:00,105.82
2021-09-05 15:00:00,106.12
2021-09-05 15:15:00,234.0
2021-09-05 15:30:00,256.0
2021-09-05 15:45:00,215.0
2021-09-05 16:00:00,226.0
2021-09-05 16:15:00,235.0
2021-09-05 16:30:00,210.0
2021-09-05 16:45:00,185.0
2021-09-05 17:00:00,194.0
2021-09-05 17:15:00,178.0
2021-09-05 17:30:00,164.0
2021-09-05 17:45:00,155.93
2021-09-05 18:00:00,147.45
2021-09-05 18:15:00,345.0
2021-09-05 18:30:00,282.0
2021-09-05 18:45:00,221.0
2021-09-05 19:00:00,195.0
2021-09-05 19:15:00,138.6
2021-09-05 19:30:00,122.67
2021-09-05 19:45:00,104.54
2021-09-05 20:00:00,106.74
2021-09-05 20:15:00,106.14
2021-09-05 20:30:00,104.64
2021-09-05 20:45:00,104.01
2021-09-05 21:00:00,107.48
2021-09-05 21:15:00,104.64
2021-09-05 21:30:00,104.3
2021-09-05 21:45:00,105.49
2021-09-05 22:00:00,105.36
2021-09-05 22:15:00,104.63
2021-09-05 22:30:00,105.88
2021-09-05 22:45:00,104.91
2021-09-05 23:00:00,104.91
2021-09-05 23:15:00,104.16
2021-09-05 23:30:00,103.59
2021-09-05 23:45:00,105.21
2021-09-06 00:00:00,104.67
2021-09-06 00:15:00,105.21
2021-09-06 00:30:00,104.78
2021-09-06 00:45:00,104.97
2021-09-06 01:00:00,103.35
2021-09-06 01:15:00,104.54
2021-09-06 01:30:00,104.38
2021-09-06 01:45:00,104.84
2021-09-06 02:00:00,104.71
2021-09-06 02:15:00,105.1
2021-09-06 02:30:00,105.08
2021-09-06 02:45:00,104.91
2021-09-06 03:00:00,104.78
2021-09-06 03:15:00,104.32
2021-09-06 03:30:00,102.75
2021-09-06 03:45:00,104.3
2021-09-06 04:00:00,104.25
2021-09-06 04:15:00,103.79
2021-09-06 04:30:00,104.49
2021-09-06 04:45:00,103.93
2021-09-06 05:00:00,103.84
2021-09-06 05:15:00,105.08
2021-09-06 05:30:00,107.0
2021-09-06 05:45:00,103.86
2021-09-06 06:00:00,102.55
2021-09-06 06:15:00,103.35
2021-09-06 06:30:00,105.1
2021-09-06 06:45:00,104.69
2021-09-06 07:00:00,107.02
2021-09-06 07:15:00,81.03
2021-09-06 07:30:00,80.24
2021-09-06 07:45:00,80.24
2021-09-06 08:00:00,79.75
2021-09-06 08:15:00,106.27
2021-09-06 08:30:00,105.64
2021-09-06 08:45:00,105.34
2021-09-06 09:00:00,105.45
2021-09-06 09:15:00,104.49
2021-09-06 09:30:00,104.27
2021-09-06 09:45:00,105.88
2021-09-06 10:00:00,104.25
2021-09-06 10:15:00,285.0
2021-09-06 10:30:00,401.0
2021-09-06 10:45:00,356.0
2021-09-06 11:00:00,302.0
2021-09-06 11:15:00,289.0
2021-09-06 11:30:00,300.0
2021-09-06 11:45:00,319.0
2021-09-06 12:00:00,396.0
2021-09-06 12:15:00,402.0
2021-09-06 12:30:00,398.0
2021-09-06 12:45:00,386.0
2021-09-06 13:00:00,397.0
2021-09-06 13:15:00,395.0
2021-09-06 13:30:00,402.0
2021-09-06 13:45:00,378.0
2021-09-06 14:00:00,390.0
2021-09-06 14:15:00,105.08
2021-09-06 14:30:00,100.78
2021-09-06 14:45:00,105.95
2021-09-06 15:00:00,271.0
2021-09-06 15:15:00,249.0
2021-09-06 15:30:00,256.0
2021-09-06 15:45:00,232.0
2021-09-06 16:00:00,234.0
2021-09-06 16:15:00,226.0
2021-09-06 16:30:00,228.0
2021-09-06 16:45:00,211.0
2021-09-06 17:00:00,214.0
2021-09-06 17:15:00,188.0
2021-09-06 17:30:00,184.0
2021-09-06 17:45:00,173.0
2021-09-06 18:00:00,160.38
2021-09-06 18:15:00,339.0
2021-09-06 18:30:00,287.0
2021-09-06 18:45:00,238.0
2021-09-06 19:00:00,197.0
2021-09-06 19:15:00,148.13
2021-09-06 19:30:00,148.93
2021-09-06 19:45:00,142.53
2021-09-06 20:00:00,134.71
2021-09-06 20:15:00,129.58
2021-09-06 20:30:00,129.42
2021-09-06 20:45:00,131.02
2021-09-06 21:00:00,121.85
2021-09-06 21:15:00,114.97
2021-09-06 21:30:00,103.53
2021-09-06 21:45:00,105.45
2021-09-06 22:00:00,105.77
2021-09-06 22:15:00,105.58
2021-09-06 22:30:00,105.06
2021-09-06 22:45:00,105.43
2021-09-06 23:00:00,104.56
2021-09-06 23:15:00,104.84
2021-09-06 23:30:00,105.14
2021-09-06 23:45:00,105.06
2021-09-07 00:00:00,105.0
2021-09-07 00:15:00,104.8
2021-09-07 00:30:00,105.08
2021-09-07 00:45:00,104.8
2021-09-07 01:00:00,105.25
2021-09-07 01:15:00,104.69
2021-09-07 01:30:00,104.91
2021-09-07 01:45:00,104.73
2021-09-07 02:00:00,104.56
2021-09-07 02:15:00,103.81
2021-09-07 02:30:00,103.9
2021-09-07 02:45:00,103.93
2021-09-07 03:00:00,103.35
2021-09-07 03:15:00,104.36
2021-09-07 03:30:00,103.9
2021-09-07 03:45:00,102.69
2021-09-07 04:00:00,103.77
2021-09-07 04:15:00,103.86
2021-09-07 04:30:00,105.13
2021-09-07 04:45:00,103.48
2021-09-07 05:00:00,106.07
2021-09-07 05:15:00,105.56
2021-09-07 05:30:00,106.55
2021-09-07 05:45:00,106.03
2021-09-07 06:00:00,105.71
2021-09-07 06:15:00,105.56
2021-09-07 06:30:00,105.14
2021-09-07 06:45:00,106.25
2021-09-07 07:00:00,104.49
2021-09-07 07:15:00,105.9
2021-09-07 07:30:00,105.19
2021-09-07 07:45:00,105.1
2021-09-07 08:00:00,106.33
2021-09-07 08:15:00,103.09
2021-09-07 08:30:00,103.75
2021-09-07 08:45:00,104.6
2021-09-07 09:00:00,103.99
2021-09-07 09:15:00,104.95
2021-09-07 09:30:00,104.82
2021-09-07 09:45:00,105.71
2021-09-07 10:00:00,157.7
2021-09-07 10:15:00,285.0
2021-09-07 10:30:00,398.0
2021-09-07 10:45:00,386.0
2021-09-07 11:00:00,324.0
2021-09-07 11:15:00,312.0
2021-09-07 11:30:00,286.0
2021-09-07 11:45:00,342.0
2021-09-07 12:00:00,398.0
2021-09-07 12:15:00,393.0
2021-09-07 12:30:00,397.0
2021-09-07 12:45:00,383.0
2021-09-07 13:00:00,399.0
2021-09-07 13:15:00,394.0
2021-09-07 13:30:00,373.0
2021-09-07 13:45:00,398.0
2021-09-07 14:00:00,372.0
2021-09-07 14:15:00,190.0
2021-09-07 14:30:00,
2021-09-07 14:45:00,
2021-09-07 15:00:00,
2021-09-07 15:15:00,
2021-09-07 15:30:00,
2021-09-07 15:45:00,
2021-09-07 16:00:00,
2021-09-07 16:15:00,
2021-09-07 16:30:00,
2021-09-07 16:45:00,
2021-09-07 17:00:00,
2021-09-07 17:15:00,
2021-09-07 17:30:00,
2021-09-07 17:45:00,
2021-09-07 18:00:00,
2021-09-07 18:15:00,
2021-09-07 18:30:00,
2021-09-07 18:45:00,
2021-09-07 19:00:00,
2021-09-07 19:15:00,
2021-09-07 19:30:00,
2021-09-07 19:45:00,
2021-09-07 20:00:00,
2021-09-07 20:15:00,
2021-09-07 20:30:00,
2021-09-07 20:45:00,
2021-09-07 21:00:00,
2021-09-07 21:15:00,
2021-09-07 21:30:00,
2021-09-07 21:45:00,
2021-09-07 22:00:00,
2021-09-07 22:15:00,
2021-09-07 22:30:00,
2021-09-07 22:45:00,
2021-09-07 23:00:00,
2021-09-07 23:15:00,
2021-09-07 23:30:00,
2021-09-07 23:45:00,
2021-09-08 00:00:00,
2021-09-08 00:15:00,
2021-09-08 00:30:00,
2021-09-08 00:45:00,
2021-09-08 01:00:00,
2021-09-08 01:15:00,
2021-09-08 01:30:00,
2021-09-08 01:45:00,
2021-09-08 02:00:00,
2021-09-08 02:15:00,
2021-09-08 02:30:00,
2021-09-08 02:45:00,
2021-09-08 03:00:00,
2021-09-08 03:15:00,
2021-09-08 03:30:00,
2021-09-08 03:45:00,
2021-09-08 04:00:00,
2021-09-08 04:15:00,
2021-09-08 04:30:00,
2021-09-08 04:45:00,
2021-09-08 05:00:00,
2021-09-08 05:15:00,
2021-09-08 05:30:00,
2021-09-08 05:45:00,
2021-09-08 06:00:00,
2021-09-08 06:15:00,
2021-09-08 06:30:00,
2021-09-08 06:45:00,
2021-09-08 07:00:00,
2021-09-08 07:15:00,
2021-09-08 07:30:00,
2021-09-08 07:45:00,
2021-09-08 08:00:00,
2021-09-08 08:15:00,
2021-09-08 08:30:00,
2021-09-08 08:45:00,
2021-09-08 09:00:00,
2021-09-08 09:15:00,108.84
2021-09-08 09:30:00,105.97
2021-09-08 09:45:00,106.4
2021-09-08 10:00:00,106.2
2021-09-08 10:15:00,293.0
2021-09-08 10:30:00,316.0
2021-09-08 10:45:00,411.0
2021-09-08 11:00:00,379.0
2021-09-08 11:15:00,394.0
2021-09-08 11:30:00,394.0
2021-09-08 11:45:00,397.0
2021-09-08 12:00:00,452.0
2021-09-08 12:15:00,399.0
2021-09-08 12:30:00,383.0
2021-09-08 12:45:00,382.0
2021-09-08 13:00:00,407.0
2021-09-08 13:15:00,399.0
2021-09-08 13:30:00,450.0
2021-09-08 13:45:00,403.0
2021-09-08 14:00:00,394.0
2021-09-08 14:15:00,102.42
2021-09-08 14:30:00,102.93
2021-09-08 14:45:00,108.92
2021-09-08 15:00:00,106.44
2021-09-08 15:15:00,197.0
2021-09-08 15:30:00,297.0
2021-09-08 15:45:00,235.0
2021-09-08 16:00:00,213.0
2021-09-08 16:15:00,202.0
2021-09-08 16:30:00,192.0
2021-09-08 16:45:00,187.0
2021-09-08 17:00:00,177.0
2021-09-08 17:15:00,165.0
2021-09-08 17:30:00,162.25
2021-09-08 17:45:00,146.54
2021-09-08 18:00:00,141.34
2021-09-08 18:15:00,287.0
2021-09-08 18:30:00,289.0
2021-09-08 18:45:00,190.0
2021-09-08 19:00:00,145.64
2021-09-08 19:15:00,123.34
2021-09-08 19:30:00,106.42
2021-09-08 19:45:00,105.99
2021-09-08 20:00:00,106.57
2021-09-08 20:15:00,105.52
2021-09-08 20:30:00,105.17
2021-09-08 20:45:00,105.9
2021-09-08 21:00:00,104.95
2021-09-08 21:15:00,105.23
2021-09-08 21:30:00,105.06
2021-09-08 21:45:00,104.91
2021-09-08 22:00:00,105.13
2021-09-08 22:15:00,105.54
2021-09-08 22:30:00,104.58
2021-09-08 22:45:00,105.04
2021-09-08 23:00:00,104.36
2021-09-08 23:15:00,105.19
2021-09-08 23:30:00,105.17
2021-09-08 23:45:00,103.51
2021-09-09 00:00:00,105.9
2021-09-09 00:15:00,104.8
2021-09-09 00:30:00,105.73
2021-09-09 00:45:00,105.66
2021-09-09 01:00:00,105.54
2021-09-09 01:15:00,106.61
2021-09-09 01:30:00,105.54
2021-09-09 01:45:00,105.41
2021-09-09 02:00:00,105.6
2021-09-09 02:15:00,105.9
2021-09-09 02:30:00,105.6
2021-09-09 02:45:00,105.17
2021-09-09 03:00:00,105.02
2021-09-09 03:15:00,105.69
2021-09-09 03:30:00,105.34
2021-09-09 03:45:00,105.69
2021-09-09 04:00:00,105.28
2021-09-09 04:15:00,105.19
2021-09-09 04:30:00,104.91
2021-09-09 04:45:00,105.02
2021-09-09 05:00:00,105.3
2021-09-09 05:15:00,104.93
2021-09-09 05:30:00,106.85
2021-09-09 05:45:00,105.3
2021-09-09 06:00:00,105.14
2021-09-09 06:15:00,105.1
2021-09-09 06:30:00,106.44
2021-09-09 06:45:00,104.84
2021-09-09 07:00:00,104.97
2021-09-09 07:15:00,78.07
2021-09-09 07:30:00,81.98
2021-09-09 07:45:00,80.41
2021-09-09 08:00:00,104.56
2021-09-09 08:15:00,105.0
2021-09-09 08:30:00,105.45
2021-09-09 08:45:00,104.56
2021-09-09 09:00:00,104.58
2021-09-09 09:15:00,106.01
2021-09-09 09:30:00,104.27
2021-09-09 09:45:00,104.36
2021-09-09 10:00:00,108.31
2021-09-09 10:15:00,307.0
2021-09-09 10:30:00,228.0
2021-09-09 10:45:00,231.0
2021-09-09 11:00:00,282.0
2021-09-09 11:15:00,412.0
2021-09-09 11:30:00,407.0
2021-09-09 11:45:00,393.0
2021-09-09 12:00:00,371.0
2021-09-09 12:15:00,373.0
2021-09-09 12:30:00,385.0
2021-09-09 12:45:00,380.0
2021-09-09 13:00:00,382.0
2021-09-09 13:15:00,399.0
2021-09-09 13:30:00,363.0
2021-09-09 13:45:00,392.0
2021-09-09 14:00:00,396.0
2021-09-09 14:15:00,97.38
2021-09-09 14:30:00,105.0
2021-09-09 14:45:00,105.02
2021-09-09 15:00:00,104.16
2021-09-09 15:15:00,161.13
2021-09-09 15:30:00,249.0
2021-09-09 15:45:00,203.0
2021-09-09 16:00:00,220.0
2021-09-09 16:15:00,178.0
2021-09-09 16:30:00,161.48
2021-09-09 16:45:00,168.0
2021-09-09 17:00:00,167.0
2021-09-09 17:15:00,147.44
2021-09-09 17:30:00,134.73
2021-09-09 17:45:00,123.89
2021-09-09 18:00:00,106.78
2021-09-09 18:15:00,344.0
2021-09-09 18:30:00,315.0
2021-09-09 18:45:00,308.0
2021-09-09 19:00:00,288.0
2021-09-09 19:15:00,233.0
2021-09-09 19:30:00,150.59
2021-09-09 19:45:00,105.47
2021-09-09 20:00:00,106.03
2021-09-09 20:15:00,104.21
2021-09-09 20:30:00,104.97
2021-09-09 20:45:00,105.56
2021-09-09 21:00:00,105.19
2021-09-09 21:15:00,104.75
2021-09-09 21:30:00,104.91
2021-09-09 21:45:00,106.1
2021-09-09 22:00:00,105.17
2021-09-09 22:15:00,105.62
2021-09-09 22:30:00,104.25
2021-09-09 22:45:00,105.21
2021-09-09 23:00:00,105.88
2021-09-09 23:15:00,104.89
2021-09-09 23:30:00,105.54
2021-09-09 23:45:00,105.13
2021-09-10 00:00:00,105.25
2021-09-10 00:15:00,104.86
2021-09-10 00:30:00,105.13
2021-09-10 00:45:00,105.49
2021-09-10 01:00:00,104.27
2021-09-10 01:15:00,104.56
2021-09-10 01:30:00,105.82
2021-09-10 01:45:00,105.71
2021-09-10 02:00:00,105.6
2021-09-10 02:15:00,106.27
2021-09-10 02:30:00,106.27
2021-09-10 02:45:00,105.69
2021-09-10 03:00:00,105.93
2021-09-10 03:15:00,106.38
2021-09-10 03:30:00,104.95
2021-09-10 03:45:00,106.25
2021-09-10 04:00:00,105.38
2021-09-10 04:15:00,105.56
2021-09-10 04:30:00,105.34
2021-09-10 04:45:00,105.56
2021-09-10 05:00:00,105.45
2021-09-10 05:15:00,105.04
2021-09-10 05:30:00,104.84
2021-09-10 05:45:00,105.28
2021-09-10 06:00:00,105.3
2021-09-10 06:15:00,105.64
2021-09-10 06:30:00,104.86
2021-09-10 06:45:00,103.81
2021-09-10 07:00:00,104.47
2021-09-10 07:15:00,105.21
2021-09-10 07:30:00,79.21
2021-09-10 07:45:00,80.35
2021-09-10 08:00:00,79.67
2021-09-10 08:15:00,81.23
2021-09-10 08:30:00,105.75
2021-09-10 08:45:00,105.43
2021-09-10 09:00:00,105.86
2021-09-10 09:15:00,106.31
2021-09-10 09:30:00,106.36
2021-09-10 09:45:00,106.38
2021-09-10 10:00:00,106.33
2021-09-10 10:15:00,106.18
2021-09-10 10:30:00,104.91
2021-09-10 10:45:00,105.52
2021-09-10 11:00:00,104.52
2021-09-10 11:15:00,191.0
2021-09-10 11:30:00,358.0
2021-09-10 11:45:00,398.0
2021-09-10 12:00:00,387.0
2021-09-10 12:15:00,334.0
2021-09-10 12:30:00,352.0
2021-09-10 12:45:00,357.0
2021-09-10 13:00:00,390.0
2021-09-10 13:15:00,350.0
2021-09-10 13:30:00,302.0
2021-09-10 13:45:00,355.0
2021-09-10 14:00:00,301.0
2021-09-10 14:15:00,114.59
2021-09-10 14:30:00,105.86
2021-09-10 14:45:00,135.99
2021-09-10 15:00:00,293.0
2021-09-10 15:15:00,246.0
2021-09-10 15:30:00,262.0
2021-09-10 15:45:00,285.0
2021-09-10 16:00:00,246.0
2021-09-10 16:15:00,271.0
2021-09-10 16:30:00,256.0
2021-09-10 16:45:00,258.0
2021-09-10 17:00:00,241.0
2021-09-10 17:15:00,177.0
2021-09-10 17:30:00,192.0
2021-09-10 17:45:00,198.0
2021-09-10 18:00:00,205.0
2021-09-10 18:15:00,361.0
2021-09-10 18:30:00,399.0
2021-09-10 18:45:00,302.0
2021-09-10 19:00:00,158.05
2021-09-10 19:15:00,107.0
2021-09-10 19:30:00,109.94
2021-09-10 19:45:00,105.54
2021-09-10 20:00:00,104.14
2021-09-10 20:15:00,103.66
2021-09-10 20:30:00,103.64
2021-09-10 20:45:00,105.13
2021-09-10 21:00:00,105.06
2021-09-10 21:15:00,104.58
2021-09-10 21:30:00,103.81
2021-09-10 21:45:00,104.52
2021-09-10 22:00:00,103.77
2021-09-10 22:15:00,105.56
2021-09-10 22:30:00,104.71
2021-09-10 22:45:00,104.69
2021-09-10 23:00:00,104.71
2021-09-10 23:15:00,104.84
2021-09-10 23:30:00,105.6
2021-09-10 23:45:00,104.75
2021-09-11 00:00:00,105.93
2021-09-11 00:15:00,104.67
2021-09-11 00:30:00,105.08
2021-09-11 00:45:00,104.89
2021-09-11 01:00:00,104.93
2021-09-11 01:15:00,104.27
2021-09-11 01:30:00,105.41
2021-09-11 01:45:00,104.54
2021-09-11 02:00:00,105.38
2021-09-11 02:15:00,105.95
2021-09-11 02:30:00,105.97
2021-09-11 02:45:00,104.54
2021-09-11 03:00:00,105.8
2021-09-11 03:15:00,105.21
2021-09-11 03:30:00,103.99
2021-09-11 03:45:00,105.49
2021-09-11 04:00:00,105.69
2021-09-11 04:15:00,105.66
2021-09-11 04:30:00,104.8
2021-09-11 04:45:00,105.19
2021-09-11 05:00:00,105.73
2021-09-11 05:15:00,105.0
2021-09-11 05:30:00,104.84
2021-09-11 05:45:00,105.19
2021-09-11 06:00:00,105.43
2021-09-11 06:15:00,105.58
2021-09-11 06:30:00,105.0
2021-09-11 06:45:00,105.66
2021-09-11 07:00:00,105.88
2021-09-11 07:15:00,288.0
2021-09-11 07:30:00,409.0
2021-09-11 07:45:00,392.0
2021-09-11 08:00:00,405.0
2021-09-11 08:15:00,109.9
2021-09-11 08:30:00,110.34
2021-09-11 08:45:00,107.93
2021-09-11 09:00:00,104.52
2021-09-11 09:15:00,105.0
2021-09-11 09:30:00,102.86
2021-09-11 09:45:00,102.89
2021-09-11 10:00:00,105.93
2021-09-11 10:15:00,173.0
2021-09-11 10:30:00,238.0
2021-09-11 10:45:00,288.0
2021-09-11 11:00:00,317.0
2021-09-11 11:15:00,451.0
2021-09-11 11:30:00,398.0
2021-09-11 11:45:00,386.0
2021-09-11 12:00:00,402.0
2021-09-11 12:15:00,398.0
2021-09-11 12:30:00,374.0
2021-09-11 12:45:00,404.0
2021-09-11 13:00:00,396.0
2021-09-11 13:15:00,386.0
2021-09-11 13:30:00,402.0
2021-09-11 13:45:00,415.0
2021-09-11 14:00:00,439.0
2021-09-11 14:15:00,402.0
2021-09-11 14:30:00,386.0
2021-09-11 14:45:00,394.0
2021-09-11 15:00:00,401.0
2021-09-11 15:15:00,388.0
2021-09-11 15:30:00,405.0
2021-09-11 15:45:00,401.0
2021-09-11 16:00:00,443.0
2021-09-11 16:15:00,321.0
2021-09-11 16:30:00,243.0
2021-09-11 16:45:00,179.0
2021-09-11 17:00:00,176.0
2021-09-11 17:15:00,156.32
2021-09-11 17:30:00,132.75
2021-09-11 17:45:00,110.89
2021-09-11 18:00:00,106.29
2021-09-11 18:15:00,288.0
2021-09-11 18:30:00,194.0
2021-09-11 18:45:00,128.84
2021-09-11 19:00:00,131.83
2021-09-11 19:15:00,123.38
2021-09-11 19:30:00,122.19
2021-09-11 19:45:00,116.45
2021-09-11 20:00:00,109.67
2021-09-11 20:15:00,106.23
2021-09-11 20:30:00,105.06
2021-09-11 20:45:00,105.82
2021-09-11 21:00:00,105.52
2021-09-11 21:15:00,105.21
2021-09-11 21:30:00,105.36
2021-09-11 21:45:00,104.64
2021-09-11 22:00:00,105.21
2021-09-11 22:15:00,105.54
2021-09-11 22:30:00,105.41
2021-09-11 22:45:00,105.25
2021-09-11 23:00:00,104.78
2021-09-11 23:15:00,106.2
2021-09-11 23:30:00,106.05
2021-09-11 23:45:00,104.27
2021-09-12 00:00:00,104.36
2021-09-12 00:15:00,105.32
2021-09-12 00:30:00,103.99
2021-09-12 00:45:00,104.91
2021-09-12 01:00:00,105.43
2021-09-12 01:15:00,104.32
2021-09-12 01:30:00,103.59
2021-09-12 01:45:00,104.21
2021-09-12 02:00:00,103.9
2021-09-12 02:15:00,103.9
2021-09-12 02:30:00,104.12
2021-09-12 02:45:00,104.36
2021-09-12 03:00:00,104.19
2021-09-12 03:15:00,104.63
2021-09-12 03:30:00,104.64
2021-09-12 03:45:00,104.58
2021-09-12 04:00:00,104.45
2021-09-12 04:15:00,106.05
2021-09-12 04:30:00,103.7
2021-09-12 04:45:00,103.79
2021-09-12 05:00:00,103.73
2021-09-12 05:15:00,105.17
2021-09-12 05:30:00,104.41
2021-09-12 05:45:00,104.63
2021-09-12 06:00:00,105.43
2021-09-12 06:15:00,105.36
2021-09-12 06:30:00,105.21
2021-09-12 06:45:00,105.88
2021-09-12 07:00:00,106.07
2021-09-12 07:15:00,321.0
2021-09-12 07:30:00,370.0
2021-09-12 07:45:00,117.43
2021-09-12 08:00:00,80.09
2021-09-12 08:15:00,102.24
2021-09-12 08:30:00,104.47
2021-09-12 08:45:00,104.19
2021-09-12 09:00:00,104.75
2021-09-12 09:15:00,103.42
2021-09-12 09:30:00,102.8
2021-09-12 09:45:00,103.95
2021-09-12 10:00:00,103.62
2021-09-12 10:15:00,190.0
2021-09-12 10:30:00,307.0
2021-09-12 10:45:00,455.0
2021-09-12 11:00:00,390.0
2021-09-12 11:15:00,286.0
2021-09-12 11:30:00,236.0
2021-09-12 11:45:00,228.0
2021-09-12 12:00:00,281.0
2021-09-12 12:15:00,317.0
2021-09-12 12:30:00,402.0
2021-09-12 12:45:00,399.0
2021-09-12 13:00:00,388.0
2021-09-12 13:15:00,406.0
2021-09-12 13:30:00,391.0
2021-09-12 13:45:00,393.0
2021-09-12 14:00:00,366.0
2021-09-12 14:15:00,103.48
2021-09-12 14:30:00,113.41
2021-09-12 14:45:00,202.0
2021-09-12 15:00:00,256.0
2021-09-12 15:15:00,243.0
2021-09-12 15:30:00,246.0
2021-09-12 15:45:00,245.0
2021-09-12 16:00:00,238.0
2021-09-12 16:15:00,224.0
2021-09-12 16:30:00,239.0
2021-09-12 16:45:00,244.0
2021-09-12 17:00:00,213.0
2021-09-12 17:15:00,194.0
2021-09-12 17:30:00,248.0
2021-09-12 17:45:00,162.99
2021-09-12 18:00:00,146.91
2021-09-12 18:15:00,290.0
2021-09-12 18:30:00,396.0
2021-09-12 18:45:00,390.0
2021-09-12 19:00:00,268.0
2021-09-12 19:15:00,128.39
2021-09-12 19:30:00,97.38
2021-09-12 19:45:00,103.79
2021-09-12 20:00:00,104.6
2021-09-12 20:15:00,104.58
2021-09-12 20:30:00,104.23
2021-09-12 20:45:00,104.08
2021-09-12 21:00:00,104.82
2021-09-12 21:15:00,103.62
2021-09-12 21:30:00,104.47
2021-09-12 21:45:00,106.4
2021-09-12 22:00:00,106.14
2021-09-12 22:15:00,105.64
2021-09-12 22:30:00,105.3
2021-09-12 22:45:00,104.93
2021-09-12 23:00:00,105.02
2021-09-12 23:15:00,105.13
2021-09-12 23:30:00,104.3
2021-09-12 23:45:00,105.13
2021-09-13 00:00:00,105.06
2021-09-13 00:15:00,104.71
2021-09-13 00:30:00,104.49
2021-09-13 00:45:00,104.21
2021-09-13 01:00:00,104.49
2021-09-13 01:15:00,105.21
2021-09-13 01:30:00,105.32
2021-09-13 01:45:00,105.66
2021-09-13 02:00:00,105.41
2021-09-13 02:15:00,106.27
2021-09-13 02:30:00,104.32
2021-09-13 02:45:00,104.89
2021-09-13 03:00:00,104.8
2021-09-13 03:15:00,104.75
2021-09-13 03:30:00,104.82
2021-09-13 03:45:00,104.82
2021-09-13 04:00:00,104.41
2021-09-13 04:15:00,104.12
2021-09-13 04:30:00,105.19
2021-09-13 04:45:00,104.89
2021-09-13 05:00:00,104.86
2021-09-13 05:15:00,104.67
2021-09-13 05:30:00,104.63
2021-09-13 05:45:00,104.67
2021-09-13 06:00:00,104.08
2021-09-13 06:15:00,104.14
2021-09-13 06:30:00,104.89
2021-09-13 06:45:00,104.95
2021-09-13 07:00:00,106.42
2021-09-13 07:15:00,313.0
2021-09-13 07:30:00,366.0
2021-09-13 07:45:00,169.0
2021-09-13 08:00:00,138.8
2021-09-13 08:15:00,107.99
2021-09-13 08:30:00,99.73
2021-09-13 08:45:00,106.29
2021-09-13 09:00:00,106.89
2021-09-13 09:15:00,104.05
2021-09-13 09:30:00,105.02
2021-09-13 09:45:00,105.06
2021-09-13 10:00:00,103.99
2021-09-13 10:15:00,203.0
2021-09-13 10:30:00,249.0
2021-09-13 10:45:00,205.0
2021-09-13 11:00:00,309.0
2021-09-13 11:15:00,355.0
2021-09-13 11:30:00,390.0
2021-09-13 11:45:00,449.0
2021-09-13 12:00:00,404.0
2021-09-13 12:15:00,389.0
2021-09-13 12:30:00,388.0
2021-09-13 12:45:00,377.0
2021-09-13 13:00:00,399.0
2021-09-13 13:15:00,408.0
2021-09-13 13:30:00,375.0
2021-09-13 13:45:00,364.0
2021-09-13 14:00:00,359.0
2021-09-13 14:15:00,95.74
2021-09-13 14:30:00,102.0
2021-09-13 14:45:00,212.0
2021-09-13 15:00:00,280.0
2021-09-13 15:15:00,271.0
2021-09-13 15:30:00,251.0
2021-09-13 15:45:00,240.0
2021-09-13 16:00:00,310.0
2021-09-13 16:15:00,229.0
2021-09-13 16:30:00,236.0
2021-09-13 16:45:00,286.0
2021-09-13 17:00:00,211.0
2021-09-13 17:15:00,193.0
2021-09-13 17:30:00,179.0
2021-09-13 17:45:00,162.88
2021-09-13 18:00:00,155.67
2021-09-13 18:15:00,246.0
2021-09-13 18:30:00,295.0
2021-09-13 18:45:00,192.0
2021-09-13 19:00:00,184.0
2021-09-13 19:15:00,139.09
2021-09-13 19:30:00,111.89
2021-09-13 19:45:00,104.89
2021-09-13 20:00:00,104.1
2021-09-13 20:15:00,103.57
2021-09-13 20:30:00,103.68
2021-09-13 20:45:00,103.26
2021-09-13 21:00:00,104.12
2021-09-13 21:15:00,104.52
2021-09-13 21:30:00,104.97
2021-09-13 21:45:00,104.78
2021-09-13 22:00:00,105.23
2021-09-13 22:15:00,105.45
2021-09-13 22:30:00,104.93
2021-09-13 22:45:00,104.38
2021-09-13 23:00:00,104.1
2021-09-13 23:15:00,105.21
2021-09-13 23:30:00,105.54
2021-09-13 23:45:00,105.73
